<annotation>
    <folder>From-Labelbox-license-characters-593images</folder>
    <filename>ckicyxz7e001h246ap9zmlbb8.jpeg</filename>
    <path>/home/riotu/Object Detection/Datasets/Car-detection/License-characters/From-Labelbox-license-characters-593images/ckicyxz7e001h246ap9zmlbb8.jpeg</path>
    <source>
        <database>Unknown</database>
    </source>
    <size>
        <width>367</width>
        <height>183</height>
        <depth>3</depth>
    </size>
    <segmented>0</segmented>
    <object>
        <name>3</name>
        <pose>Unspecified</pose>
        <truncated>0</truncated>
        <difficult>0</difficult>
        <bndbox>
                <xmin>27</xmin>
                <ymin>23</ymin>
                <xmax>59</xmax>
                <ymax>160</ymax>
            </bndbox>
        </object>
    <object>
        <name>2</name>
        <pose>Unspecified</pose>
        <truncated>0</truncated>
        <difficult>0</difficult>
        <bndbox>
                <xmin>65</xmin>
                <ymin>20</ymin>
                <xmax>96</xmax>
                <ymax>160</ymax>
            </bndbox>
        </object>
    <object>
        <name>6</name>
        <pose>Unspecified</pose>
        <truncated>0</truncated>
        <difficult>0</difficult>
        <bndbox>
                <xmin>99</xmin>
                <ymin>21</ymin>
                <xmax>133</xmax>
                <ymax>157</ymax>
            </bndbox>
        </object>
    <object>
        <name>4</name>
        <pose>Unspecified</pose>
        <truncated>0</truncated>
        <difficult>0</difficult>
        <bndbox>
                <xmin>137</xmin>
                <ymin>22</ymin>
                <xmax>168</xmax>
                <ymax>161</ymax>
            </bndbox>
        </object>
    <object>
        <name>S</name>
        <pose>Unspecified</pose>
        <truncated>0</truncated>
        <difficult>0</difficult>
        <bndbox>
                <xmin>186</xmin>
                <ymin>40</ymin>
                <xmax>216</xmax>
                <ymax>148</ymax>
            </bndbox>
        </object>
    <object>
        <name>T</name>
        <pose>Unspecified</pose>
        <truncated>0</truncated>
        <difficult>0</difficult>
        <bndbox>
                <xmin>222</xmin>
                <ymin>30</ymin>
                <xmax>249</xmax>
                <ymax>147</ymax>
            </bndbox>
        </object>
    <object>
        <name>A</name>
        <pose>Unspecified</pose>
        <truncated>0</truncated>
        <difficult>0</difficult>
        <bndbox>
                <xmin>260</xmin>
                <ymin>31</ymin>
                <xmax>285</xmax>
                <ymax>152</ymax>
            </bndbox>
        </object>
    </annotation>
