<annotation>
    <folder>From-Labelbox-license-characters-593images</folder>
    <filename>ckiczm8jt001w246awqd5rlta.jpeg</filename>
    <path>/home/riotu/Object Detection/Datasets/Car-detection/License-characters/From-Labelbox-license-characters-593images/ckiczm8jt001w246awqd5rlta.jpeg</path>
    <source>
        <database>Unknown</database>
    </source>
    <size>
        <width>493</width>
        <height>235</height>
        <depth>3</depth>
    </size>
    <segmented>0</segmented>
    <object>
        <name>3</name>
        <pose>Unspecified</pose>
        <truncated>0</truncated>
        <difficult>0</difficult>
        <bndbox>
                <xmin>42</xmin>
                <ymin>35</ymin>
                <xmax>82</xmax>
                <ymax>208</ymax>
            </bndbox>
        </object>
    <object>
        <name>3</name>
        <pose>Unspecified</pose>
        <truncated>0</truncated>
        <difficult>0</difficult>
        <bndbox>
                <xmin>89</xmin>
                <ymin>35</ymin>
                <xmax>134</xmax>
                <ymax>204</ymax>
            </bndbox>
        </object>
    <object>
        <name>3</name>
        <pose>Unspecified</pose>
        <truncated>0</truncated>
        <difficult>0</difficult>
        <bndbox>
                <xmin>140</xmin>
                <ymin>31</ymin>
                <xmax>184</xmax>
                <ymax>203</ymax>
            </bndbox>
        </object>
    <object>
        <name>8</name>
        <pose>Unspecified</pose>
        <truncated>0</truncated>
        <difficult>0</difficult>
        <bndbox>
                <xmin>191</xmin>
                <ymin>28</ymin>
                <xmax>236</xmax>
                <ymax>201</ymax>
            </bndbox>
        </object>
    <object>
        <name>T</name>
        <pose>Unspecified</pose>
        <truncated>0</truncated>
        <difficult>0</difficult>
        <bndbox>
                <xmin>272</xmin>
                <ymin>41</ymin>
                <xmax>310</xmax>
                <ymax>190</ymax>
            </bndbox>
        </object>
    <object>
        <name>N</name>
        <pose>Unspecified</pose>
        <truncated>0</truncated>
        <difficult>0</difficult>
        <bndbox>
                <xmin>319</xmin>
                <ymin>38</ymin>
                <xmax>361</xmax>
                <ymax>195</ymax>
            </bndbox>
        </object>
    <object>
        <name>J</name>
        <pose>Unspecified</pose>
        <truncated>0</truncated>
        <difficult>0</difficult>
        <bndbox>
                <xmin>372</xmin>
                <ymin>39</ymin>
                <xmax>412</xmax>
                <ymax>197</ymax>
            </bndbox>
        </object>
    </annotation>
