<annotation>
    <folder>From-Labelbox-license-characters-593images</folder>
    <filename>ckicy39te0012246a8ay0v7dr.jpeg</filename>
    <path>/home/riotu/Object Detection/Datasets/Car-detection/License-characters/From-Labelbox-license-characters-593images/ckicy39te0012246a8ay0v7dr.jpeg</path>
    <source>
        <database>Unknown</database>
    </source>
    <size>
        <width>624</width>
        <height>315</height>
        <depth>3</depth>
    </size>
    <segmented>0</segmented>
    <object>
        <name>3</name>
        <pose>Unspecified</pose>
        <truncated>0</truncated>
        <difficult>0</difficult>
        <bndbox>
                <xmin>47</xmin>
                <ymin>33</ymin>
                <xmax>109</xmax>
                <ymax>294</ymax>
            </bndbox>
        </object>
    <object>
        <name>7</name>
        <pose>Unspecified</pose>
        <truncated>0</truncated>
        <difficult>0</difficult>
        <bndbox>
                <xmin>119</xmin>
                <ymin>31</ymin>
                <xmax>175</xmax>
                <ymax>295</ymax>
            </bndbox>
        </object>
    <object>
        <name>5</name>
        <pose>Unspecified</pose>
        <truncated>0</truncated>
        <difficult>0</difficult>
        <bndbox>
                <xmin>188</xmin>
                <ymin>49</ymin>
                <xmax>245</xmax>
                <ymax>291</ymax>
            </bndbox>
        </object>
    <object>
        <name>4</name>
        <pose>Unspecified</pose>
        <truncated>0</truncated>
        <difficult>0</difficult>
        <bndbox>
                <xmin>253</xmin>
                <ymin>31</ymin>
                <xmax>312</xmax>
                <ymax>295</ymax>
            </bndbox>
        </object>
    <object>
        <name>V</name>
        <pose>Unspecified</pose>
        <truncated>0</truncated>
        <difficult>0</difficult>
        <bndbox>
                <xmin>352</xmin>
                <ymin>52</ymin>
                <xmax>400</xmax>
                <ymax>275</ymax>
            </bndbox>
        </object>
    <object>
        <name>L</name>
        <pose>Unspecified</pose>
        <truncated>0</truncated>
        <difficult>0</difficult>
        <bndbox>
                <xmin>419</xmin>
                <ymin>53</ymin>
                <xmax>470</xmax>
                <ymax>275</ymax>
            </bndbox>
        </object>
    <object>
        <name>J</name>
        <pose>Unspecified</pose>
        <truncated>0</truncated>
        <difficult>0</difficult>
        <bndbox>
                <xmin>486</xmin>
                <ymin>53</ymin>
                <xmax>533</xmax>
                <ymax>274</ymax>
            </bndbox>
        </object>
    </annotation>
