<annotation>
    <folder>From-Labelbox-license-characters-593images</folder>
    <filename>ckicuj2r7000c246a6fg2c4eg.jpeg</filename>
    <path>/home/riotu/Object Detection/Datasets/Car-detection/License-characters/From-Labelbox-license-characters-593images/ckicuj2r7000c246a6fg2c4eg.jpeg</path>
    <source>
        <database>Unknown</database>
    </source>
    <size>
        <width>587</width>
        <height>287</height>
        <depth>3</depth>
    </size>
    <segmented>0</segmented>
    <object>
        <name>6</name>
        <pose>Unspecified</pose>
        <truncated>0</truncated>
        <difficult>0</difficult>
        <bndbox>
                <xmin>25</xmin>
                <ymin>22</ymin>
                <xmax>78</xmax>
                <ymax>268</ymax>
            </bndbox>
        </object>
    <object>
        <name>0</name>
        <pose>Unspecified</pose>
        <truncated>0</truncated>
        <difficult>0</difficult>
        <bndbox>
                <xmin>89</xmin>
                <ymin>59</ymin>
                <xmax>143</xmax>
                <ymax>268</ymax>
            </bndbox>
        </object>
    <object>
        <name>4</name>
        <pose>Unspecified</pose>
        <truncated>0</truncated>
        <difficult>0</difficult>
        <bndbox>
                <xmin>154</xmin>
                <ymin>21</ymin>
                <xmax>210</xmax>
                <ymax>267</ymax>
            </bndbox>
        </object>
    <object>
        <name>6</name>
        <pose>Unspecified</pose>
        <truncated>0</truncated>
        <difficult>0</difficult>
        <bndbox>
                <xmin>219</xmin>
                <ymin>20</ymin>
                <xmax>274</xmax>
                <ymax>266</ymax>
            </bndbox>
        </object>
    <object>
        <name>J</name>
        <pose>Unspecified</pose>
        <truncated>0</truncated>
        <difficult>0</difficult>
        <bndbox>
                <xmin>304</xmin>
                <ymin>40</ymin>
                <xmax>352</xmax>
                <ymax>247</ymax>
            </bndbox>
        </object>
    <object>
        <name>A</name>
        <pose>Unspecified</pose>
        <truncated>0</truncated>
        <difficult>0</difficult>
        <bndbox>
                <xmin>371</xmin>
                <ymin>38</ymin>
                <xmax>415</xmax>
                <ymax>246</ymax>
            </bndbox>
        </object>
    <object>
        <name>A</name>
        <pose>Unspecified</pose>
        <truncated>0</truncated>
        <difficult>0</difficult>
        <bndbox>
                <xmin>432</xmin>
                <ymin>38</ymin>
                <xmax>476</xmax>
                <ymax>246</ymax>
            </bndbox>
        </object>
    </annotation>
