<annotation>
    <folder>From-Labelbox-license-characters-593images</folder>
    <filename>ckicxfdv1000o246a8rz2otyd.jpeg</filename>
    <path>/home/riotu/Object Detection/Datasets/Car-detection/License-characters/From-Labelbox-license-characters-593images/ckicxfdv1000o246a8rz2otyd.jpeg</path>
    <source>
        <database>Unknown</database>
    </source>
    <size>
        <width>469</width>
        <height>107</height>
        <depth>3</depth>
    </size>
    <segmented>0</segmented>
    <object>
        <name>4</name>
        <pose>Unspecified</pose>
        <truncated>0</truncated>
        <difficult>0</difficult>
        <bndbox>
                <xmin>36</xmin>
                <ymin>13</ymin>
                <xmax>54</xmax>
                <ymax>91</ymax>
            </bndbox>
        </object>
    <object>
        <name>4</name>
        <pose>Unspecified</pose>
        <truncated>0</truncated>
        <difficult>0</difficult>
        <bndbox>
                <xmin>77</xmin>
                <ymin>13</ymin>
                <xmax>95</xmax>
                <ymax>93</ymax>
            </bndbox>
        </object>
    <object>
        <name>6</name>
        <pose>Unspecified</pose>
        <truncated>0</truncated>
        <difficult>0</difficult>
        <bndbox>
                <xmin>119</xmin>
                <ymin>14</ymin>
                <xmax>138</xmax>
                <ymax>95</ymax>
            </bndbox>
        </object>
    <object>
        <name>4</name>
        <pose>Unspecified</pose>
        <truncated>0</truncated>
        <difficult>0</difficult>
        <bndbox>
                <xmin>159</xmin>
                <ymin>16</ymin>
                <xmax>178</xmax>
                <ymax>95</ymax>
            </bndbox>
        </object>
    <object>
        <name>H</name>
        <pose>Unspecified</pose>
        <truncated>0</truncated>
        <difficult>0</difficult>
        <bndbox>
                <xmin>319</xmin>
                <ymin>19</ymin>
                <xmax>342</xmax>
                <ymax>94</ymax>
            </bndbox>
        </object>
    <object>
        <name>X</name>
        <pose>Unspecified</pose>
        <truncated>0</truncated>
        <difficult>0</difficult>
        <bndbox>
                <xmin>361</xmin>
                <ymin>19</ymin>
                <xmax>384</xmax>
                <ymax>94</ymax>
            </bndbox>
        </object>
    <object>
        <name>B</name>
        <pose>Unspecified</pose>
        <truncated>0</truncated>
        <difficult>0</difficult>
        <bndbox>
                <xmin>403</xmin>
                <ymin>23</ymin>
                <xmax>426</xmax>
                <ymax>93</ymax>
            </bndbox>
        </object>
    </annotation>
