<annotation>
    <folder>From-Labelbox-license-characters-593images</folder>
    <filename>ckicxt0op000u246alg56ihkb.jpeg</filename>
    <path>/home/riotu/Object Detection/Datasets/Car-detection/License-characters/From-Labelbox-license-characters-593images/ckicxt0op000u246alg56ihkb.jpeg</path>
    <source>
        <database>Unknown</database>
    </source>
    <size>
        <width>488</width>
        <height>230</height>
        <depth>3</depth>
    </size>
    <segmented>0</segmented>
    <object>
        <name>5</name>
        <pose>Unspecified</pose>
        <truncated>0</truncated>
        <difficult>0</difficult>
        <bndbox>
                <xmin>38</xmin>
                <ymin>61</ymin>
                <xmax>85</xmax>
                <ymax>208</ymax>
            </bndbox>
        </object>
    <object>
        <name>3</name>
        <pose>Unspecified</pose>
        <truncated>0</truncated>
        <difficult>0</difficult>
        <bndbox>
                <xmin>88</xmin>
                <ymin>44</ymin>
                <xmax>135</xmax>
                <ymax>205</ymax>
            </bndbox>
        </object>
    <object>
        <name>4</name>
        <pose>Unspecified</pose>
        <truncated>0</truncated>
        <difficult>0</difficult>
        <bndbox>
                <xmin>143</xmin>
                <ymin>42</ymin>
                <xmax>187</xmax>
                <ymax>201</ymax>
            </bndbox>
        </object>
    <object>
        <name>9</name>
        <pose>Unspecified</pose>
        <truncated>0</truncated>
        <difficult>0</difficult>
        <bndbox>
                <xmin>197</xmin>
                <ymin>38</ymin>
                <xmax>238</xmax>
                <ymax>200</ymax>
            </bndbox>
        </object>
    <object>
        <name>L</name>
        <pose>Unspecified</pose>
        <truncated>0</truncated>
        <difficult>0</difficult>
        <bndbox>
                <xmin>267</xmin>
                <ymin>47</ymin>
                <xmax>303</xmax>
                <ymax>188</ymax>
            </bndbox>
        </object>
    <object>
        <name>V</name>
        <pose>Unspecified</pose>
        <truncated>0</truncated>
        <difficult>0</difficult>
        <bndbox>
                <xmin>318</xmin>
                <ymin>46</ymin>
                <xmax>355</xmax>
                <ymax>188</ymax>
            </bndbox>
        </object>
    <object>
        <name>J</name>
        <pose>Unspecified</pose>
        <truncated>0</truncated>
        <difficult>0</difficult>
        <bndbox>
                <xmin>370</xmin>
                <ymin>44</ymin>
                <xmax>407</xmax>
                <ymax>187</ymax>
            </bndbox>
        </object>
    </annotation>
