<annotation>
    <folder>From-Labelbox-license-characters-593images</folder>
    <filename>ckicyu1dg001e246azy0uxv4i.jpeg</filename>
    <path>/home/riotu/Object Detection/Datasets/Car-detection/License-characters/From-Labelbox-license-characters-593images/ckicyu1dg001e246azy0uxv4i.jpeg</path>
    <source>
        <database>Unknown</database>
    </source>
    <size>
        <width>472</width>
        <height>201</height>
        <depth>3</depth>
    </size>
    <segmented>0</segmented>
    <object>
        <name>2</name>
        <pose>Unspecified</pose>
        <truncated>0</truncated>
        <difficult>0</difficult>
        <bndbox>
                <xmin>22</xmin>
                <ymin>20</ymin>
                <xmax>68</xmax>
                <ymax>183</ymax>
            </bndbox>
        </object>
    <object>
        <name>5</name>
        <pose>Unspecified</pose>
        <truncated>0</truncated>
        <difficult>0</difficult>
        <bndbox>
                <xmin>72</xmin>
                <ymin>34</ymin>
                <xmax>117</xmax>
                <ymax>193</ymax>
            </bndbox>
        </object>
    <object>
        <name>8</name>
        <pose>Unspecified</pose>
        <truncated>0</truncated>
        <difficult>0</difficult>
        <bndbox>
                <xmin>122</xmin>
                <ymin>21</ymin>
                <xmax>166</xmax>
                <ymax>192</ymax>
            </bndbox>
        </object>
    <object>
        <name>3</name>
        <pose>Unspecified</pose>
        <truncated>0</truncated>
        <difficult>0</difficult>
        <bndbox>
                <xmin>172</xmin>
                <ymin>20</ymin>
                <xmax>219</xmax>
                <ymax>195</ymax>
            </bndbox>
        </object>
    <object>
        <name>N</name>
        <pose>Unspecified</pose>
        <truncated>0</truncated>
        <difficult>0</difficult>
        <bndbox>
                <xmin>243</xmin>
                <ymin>33</ymin>
                <xmax>282</xmax>
                <ymax>189</ymax>
            </bndbox>
        </object>
    <object>
        <name>L</name>
        <pose>Unspecified</pose>
        <truncated>0</truncated>
        <difficult>0</difficult>
        <bndbox>
                <xmin>292</xmin>
                <ymin>35</ymin>
                <xmax>334</xmax>
                <ymax>188</ymax>
            </bndbox>
        </object>
    <object>
        <name>B</name>
        <pose>Unspecified</pose>
        <truncated>0</truncated>
        <difficult>0</difficult>
        <bndbox>
                <xmin>342</xmin>
                <ymin>51</ymin>
                <xmax>379</xmax>
                <ymax>186</ymax>
            </bndbox>
        </object>
    </annotation>
