<annotation>
    <folder>From-Labelbox-license-characters-593images</folder>
    <filename>ckicxizmk000q246ar1j99jy3.jpeg</filename>
    <path>/home/riotu/Object Detection/Datasets/Car-detection/License-characters/From-Labelbox-license-characters-593images/ckicxizmk000q246ar1j99jy3.jpeg</path>
    <source>
        <database>Unknown</database>
    </source>
    <size>
        <width>307</width>
        <height>164</height>
        <depth>3</depth>
    </size>
    <segmented>0</segmented>
    <object>
        <name>5</name>
        <pose>Unspecified</pose>
        <truncated>0</truncated>
        <difficult>0</difficult>
        <bndbox>
                <xmin>20</xmin>
                <ymin>32</ymin>
                <xmax>48</xmax>
                <ymax>149</ymax>
            </bndbox>
        </object>
    <object>
        <name>4</name>
        <pose>Unspecified</pose>
        <truncated>0</truncated>
        <difficult>0</difficult>
        <bndbox>
                <xmin>51</xmin>
                <ymin>23</ymin>
                <xmax>80</xmax>
                <ymax>149</ymax>
            </bndbox>
        </object>
    <object>
        <name>4</name>
        <pose>Unspecified</pose>
        <truncated>0</truncated>
        <difficult>0</difficult>
        <bndbox>
                <xmin>82</xmin>
                <ymin>23</ymin>
                <xmax>110</xmax>
                <ymax>148</ymax>
            </bndbox>
        </object>
    <object>
        <name>9</name>
        <pose>Unspecified</pose>
        <truncated>0</truncated>
        <difficult>0</difficult>
        <bndbox>
                <xmin>114</xmin>
                <ymin>23</ymin>
                <xmax>142</xmax>
                <ymax>147</ymax>
            </bndbox>
        </object>
    <object>
        <name>B</name>
        <pose>Unspecified</pose>
        <truncated>0</truncated>
        <difficult>0</difficult>
        <bndbox>
                <xmin>158</xmin>
                <ymin>43</ymin>
                <xmax>182</xmax>
                <ymax>139</ymax>
            </bndbox>
        </object>
    <object>
        <name>X</name>
        <pose>Unspecified</pose>
        <truncated>0</truncated>
        <difficult>0</difficult>
        <bndbox>
                <xmin>191</xmin>
                <ymin>38</ymin>
                <xmax>216</xmax>
                <ymax>140</ymax>
            </bndbox>
        </object>
    <object>
        <name>A</name>
        <pose>Unspecified</pose>
        <truncated>0</truncated>
        <difficult>0</difficult>
        <bndbox>
                <xmin>223</xmin>
                <ymin>31</ymin>
                <xmax>246</xmax>
                <ymax>139</ymax>
            </bndbox>
        </object>
    </annotation>
