<annotation>
    <folder>From-Labelbox-license-characters-593images</folder>
    <filename>ckiculmaz000e246awbz1rud4.jpeg</filename>
    <path>/home/riotu/Object Detection/Datasets/Car-detection/License-characters/From-Labelbox-license-characters-593images/ckiculmaz000e246awbz1rud4.jpeg</path>
    <source>
        <database>Unknown</database>
    </source>
    <size>
        <width>333</width>
        <height>151</height>
        <depth>3</depth>
    </size>
    <segmented>0</segmented>
    <object>
        <name>8</name>
        <pose>Unspecified</pose>
        <truncated>0</truncated>
        <difficult>0</difficult>
        <bndbox>
                <xmin>20</xmin>
                <ymin>20</ymin>
                <xmax>50</xmax>
                <ymax>139</ymax>
            </bndbox>
        </object>
    <object>
        <name>8</name>
        <pose>Unspecified</pose>
        <truncated>0</truncated>
        <difficult>0</difficult>
        <bndbox>
                <xmin>54</xmin>
                <ymin>18</ymin>
                <xmax>85</xmax>
                <ymax>140</ymax>
            </bndbox>
        </object>
    <object>
        <name>7</name>
        <pose>Unspecified</pose>
        <truncated>0</truncated>
        <difficult>0</difficult>
        <bndbox>
                <xmin>91</xmin>
                <ymin>17</ymin>
                <xmax>121</xmax>
                <ymax>139</ymax>
            </bndbox>
        </object>
    <object>
        <name>7</name>
        <pose>Unspecified</pose>
        <truncated>0</truncated>
        <difficult>0</difficult>
        <bndbox>
                <xmin>129</xmin>
                <ymin>18</ymin>
                <xmax>158</xmax>
                <ymax>139</ymax>
            </bndbox>
        </object>
    <object>
        <name>T</name>
        <pose>Unspecified</pose>
        <truncated>0</truncated>
        <difficult>0</difficult>
        <bndbox>
                <xmin>188</xmin>
                <ymin>25</ymin>
                <xmax>215</xmax>
                <ymax>125</ymax>
            </bndbox>
        </object>
    <object>
        <name>T</name>
        <pose>Unspecified</pose>
        <truncated>0</truncated>
        <difficult>0</difficult>
        <bndbox>
                <xmin>222</xmin>
                <ymin>23</ymin>
                <xmax>246</xmax>
                <ymax>126</ymax>
            </bndbox>
        </object>
    <object>
        <name>J</name>
        <pose>Unspecified</pose>
        <truncated>0</truncated>
        <difficult>0</difficult>
        <bndbox>
                <xmin>258</xmin>
                <ymin>23</ymin>
                <xmax>285</xmax>
                <ymax>125</ymax>
            </bndbox>
        </object>
    </annotation>
