<annotation>
    <folder>From-Labelbox-license-characters-593images</folder>
    <filename>ckicu74au0006246a2o83cezi.jpeg</filename>
    <path>/home/riotu/Object Detection/Datasets/Car-detection/License-characters/From-Labelbox-license-characters-593images/ckicu74au0006246a2o83cezi.jpeg</path>
    <source>
        <database>Unknown</database>
    </source>
    <size>
        <width>144</width>
        <height>70</height>
        <depth>3</depth>
    </size>
    <segmented>0</segmented>
    <object>
        <name>1</name>
        <pose>Unspecified</pose>
        <truncated>0</truncated>
        <difficult>0</difficult>
        <bndbox>
                <xmin>10</xmin>
                <ymin>7</ymin>
                <xmax>20</xmax>
                <ymax>64</ymax>
            </bndbox>
        </object>
    <object>
        <name>8</name>
        <pose>Unspecified</pose>
        <truncated>0</truncated>
        <difficult>0</difficult>
        <bndbox>
                <xmin>23</xmin>
                <ymin>6</ymin>
                <xmax>37</xmax>
                <ymax>65</ymax>
            </bndbox>
        </object>
    <object>
        <name>8</name>
        <pose>Unspecified</pose>
        <truncated>0</truncated>
        <difficult>0</difficult>
        <bndbox>
                <xmin>39</xmin>
                <ymin>6</ymin>
                <xmax>51</xmax>
                <ymax>65</ymax>
            </bndbox>
        </object>
    <object>
        <name>3</name>
        <pose>Unspecified</pose>
        <truncated>0</truncated>
        <difficult>0</difficult>
        <bndbox>
                <xmin>53</xmin>
                <ymin>6</ymin>
                <xmax>66</xmax>
                <ymax>64</ymax>
            </bndbox>
        </object>
    <object>
        <name>A</name>
        <pose>Unspecified</pose>
        <truncated>0</truncated>
        <difficult>0</difficult>
        <bndbox>
                <xmin>75</xmin>
                <ymin>11</ymin>
                <xmax>85</xmax>
                <ymax>61</ymax>
            </bndbox>
        </object>
    <object>
        <name>T</name>
        <pose>Unspecified</pose>
        <truncated>0</truncated>
        <difficult>0</difficult>
        <bndbox>
                <xmin>88</xmin>
                <ymin>11</ymin>
                <xmax>100</xmax>
                <ymax>60</ymax>
            </bndbox>
        </object>
    <object>
        <name>A</name>
        <pose>Unspecified</pose>
        <truncated>0</truncated>
        <difficult>0</difficult>
        <bndbox>
                <xmin>104</xmin>
                <ymin>11</ymin>
                <xmax>114</xmax>
                <ymax>61</ymax>
            </bndbox>
        </object>
    </annotation>
