<annotation>
    <folder>From-Labelbox-license-characters-593images</folder>
    <filename>ckicz0t52001j246aihmc25ba.jpeg</filename>
    <path>/home/riotu/Object Detection/Datasets/Car-detection/License-characters/From-Labelbox-license-characters-593images/ckicz0t52001j246aihmc25ba.jpeg</path>
    <source>
        <database>Unknown</database>
    </source>
    <size>
        <width>393</width>
        <height>192</height>
        <depth>3</depth>
    </size>
    <segmented>0</segmented>
    <object>
        <name>2</name>
        <pose>Unspecified</pose>
        <truncated>0</truncated>
        <difficult>0</difficult>
        <bndbox>
                <xmin>24</xmin>
                <ymin>38</ymin>
                <xmax>60</xmax>
                <ymax>180</ymax>
            </bndbox>
        </object>
    <object>
        <name>4</name>
        <pose>Unspecified</pose>
        <truncated>0</truncated>
        <difficult>0</difficult>
        <bndbox>
                <xmin>65</xmin>
                <ymin>37</ymin>
                <xmax>101</xmax>
                <ymax>179</ymax>
            </bndbox>
        </object>
    <object>
        <name>7</name>
        <pose>Unspecified</pose>
        <truncated>0</truncated>
        <difficult>0</difficult>
        <bndbox>
                <xmin>106</xmin>
                <ymin>35</ymin>
                <xmax>141</xmax>
                <ymax>176</ymax>
            </bndbox>
        </object>
    <object>
        <name>4</name>
        <pose>Unspecified</pose>
        <truncated>0</truncated>
        <difficult>0</difficult>
        <bndbox>
                <xmin>146</xmin>
                <ymin>35</ymin>
                <xmax>181</xmax>
                <ymax>176</ymax>
            </bndbox>
        </object>
    <object>
        <name>B</name>
        <pose>Unspecified</pose>
        <truncated>0</truncated>
        <difficult>0</difficult>
        <bndbox>
                <xmin>203</xmin>
                <ymin>55</ymin>
                <xmax>234</xmax>
                <ymax>164</ymax>
            </bndbox>
        </object>
    <object>
        <name>L</name>
        <pose>Unspecified</pose>
        <truncated>0</truncated>
        <difficult>0</difficult>
        <bndbox>
                <xmin>244</xmin>
                <ymin>43</ymin>
                <xmax>274</xmax>
                <ymax>164</ymax>
            </bndbox>
        </object>
    <object>
        <name>B</name>
        <pose>Unspecified</pose>
        <truncated>0</truncated>
        <difficult>0</difficult>
        <bndbox>
                <xmin>285</xmin>
                <ymin>55</ymin>
                <xmax>315</xmax>
                <ymax>162</ymax>
            </bndbox>
        </object>
    </annotation>
