<annotation>
    <folder>From-Labelbox-license-characters-593images</folder>
    <filename>ckicvb7gq000k246aodh6vpdd.jpeg</filename>
    <path>/home/riotu/Object Detection/Datasets/Car-detection/License-characters/From-Labelbox-license-characters-593images/ckicvb7gq000k246aodh6vpdd.jpeg</path>
    <source>
        <database>Unknown</database>
    </source>
    <size>
        <width>305</width>
        <height>165</height>
        <depth>3</depth>
    </size>
    <segmented>0</segmented>
    <object>
        <name>4</name>
        <pose>Unspecified</pose>
        <truncated>0</truncated>
        <difficult>0</difficult>
        <bndbox>
                <xmin>44</xmin>
                <ymin>27</ymin>
                <xmax>67</xmax>
                <ymax>131</ymax>
            </bndbox>
        </object>
    <object>
        <name>5</name>
        <pose>Unspecified</pose>
        <truncated>0</truncated>
        <difficult>0</difficult>
        <bndbox>
                <xmin>71</xmin>
                <ymin>35</ymin>
                <xmax>91</xmax>
                <ymax>130</ymax>
            </bndbox>
        </object>
    <object>
        <name>6</name>
        <pose>Unspecified</pose>
        <truncated>0</truncated>
        <difficult>0</difficult>
        <bndbox>
                <xmin>96</xmin>
                <ymin>27</ymin>
                <xmax>120</xmax>
                <ymax>130</ymax>
            </bndbox>
        </object>
    <object>
        <name>5</name>
        <pose>Unspecified</pose>
        <truncated>0</truncated>
        <difficult>0</difficult>
        <bndbox>
                <xmin>123</xmin>
                <ymin>34</ymin>
                <xmax>145</xmax>
                <ymax>130</ymax>
            </bndbox>
        </object>
    <object>
        <name>K</name>
        <pose>Unspecified</pose>
        <truncated>0</truncated>
        <difficult>0</difficult>
        <bndbox>
                <xmin>156</xmin>
                <ymin>36</ymin>
                <xmax>176</xmax>
                <ymax>123</ymax>
            </bndbox>
        </object>
    <object>
        <name>A</name>
        <pose>Unspecified</pose>
        <truncated>0</truncated>
        <difficult>0</difficult>
        <bndbox>
                <xmin>184</xmin>
                <ymin>38</ymin>
                <xmax>201</xmax>
                <ymax>123</ymax>
            </bndbox>
        </object>
    <object>
        <name>A</name>
        <pose>Unspecified</pose>
        <truncated>0</truncated>
        <difficult>0</difficult>
        <bndbox>
                <xmin>211</xmin>
                <ymin>36</ymin>
                <xmax>227</xmax>
                <ymax>124</ymax>
            </bndbox>
        </object>
    </annotation>
