<annotation>
    <folder>From-Labelbox-license-characters-593images</folder>
    <filename>ckicu2qge0004246aqxvb5nvw.jpeg</filename>
    <path>/home/riotu/Object Detection/Datasets/Car-detection/License-characters/From-Labelbox-license-characters-593images/ckicu2qge0004246aqxvb5nvw.jpeg</path>
    <source>
        <database>Unknown</database>
    </source>
    <size>
        <width>154</width>
        <height>79</height>
        <depth>3</depth>
    </size>
    <segmented>0</segmented>
    <object>
        <name>3</name>
        <pose>Unspecified</pose>
        <truncated>0</truncated>
        <difficult>0</difficult>
        <bndbox>
                <xmin>4</xmin>
                <ymin>6</ymin>
                <xmax>18</xmax>
                <ymax>72</ymax>
            </bndbox>
        </object>
    <object>
        <name>6</name>
        <pose>Unspecified</pose>
        <truncated>0</truncated>
        <difficult>0</difficult>
        <bndbox>
                <xmin>20</xmin>
                <ymin>5</ymin>
                <xmax>36</xmax>
                <ymax>73</ymax>
            </bndbox>
        </object>
    <object>
        <name>9</name>
        <pose>Unspecified</pose>
        <truncated>0</truncated>
        <difficult>0</difficult>
        <bndbox>
                <xmin>39</xmin>
                <ymin>6</ymin>
                <xmax>53</xmax>
                <ymax>72</ymax>
            </bndbox>
        </object>
    <object>
        <name>0</name>
        <pose>Unspecified</pose>
        <truncated>0</truncated>
        <difficult>0</difficult>
        <bndbox>
                <xmin>55</xmin>
                <ymin>16</ymin>
                <xmax>70</xmax>
                <ymax>72</ymax>
            </bndbox>
        </object>
    <object>
        <name>J</name>
        <pose>Unspecified</pose>
        <truncated>0</truncated>
        <difficult>0</difficult>
        <bndbox>
                <xmin>78</xmin>
                <ymin>10</ymin>
                <xmax>92</xmax>
                <ymax>68</ymax>
            </bndbox>
        </object>
    <object>
        <name>B</name>
        <pose>Unspecified</pose>
        <truncated>0</truncated>
        <difficult>0</difficult>
        <bndbox>
                <xmin>95</xmin>
                <ymin>16</ymin>
                <xmax>108</xmax>
                <ymax>67</ymax>
            </bndbox>
        </object>
    <object>
        <name>A</name>
        <pose>Unspecified</pose>
        <truncated>0</truncated>
        <difficult>0</difficult>
        <bndbox>
                <xmin>112</xmin>
                <ymin>10</ymin>
                <xmax>125</xmax>
                <ymax>68</ymax>
            </bndbox>
        </object>
    </annotation>
