<annotation>
    <folder>From-Labelbox-license-characters-593images</folder>
    <filename>ckicyvftn001f246a7hel9c3d.jpeg</filename>
    <path>/home/riotu/Object Detection/Datasets/Car-detection/License-characters/From-Labelbox-license-characters-593images/ckicyvftn001f246a7hel9c3d.jpeg</path>
    <source>
        <database>Unknown</database>
    </source>
    <size>
        <width>420</width>
        <height>221</height>
        <depth>3</depth>
    </size>
    <segmented>0</segmented>
    <object>
        <name>1</name>
        <pose>Unspecified</pose>
        <truncated>0</truncated>
        <difficult>0</difficult>
        <bndbox>
                <xmin>40</xmin>
                <ymin>37</ymin>
                <xmax>70</xmax>
                <ymax>202</ymax>
            </bndbox>
        </object>
    <object>
        <name>9</name>
        <pose>Unspecified</pose>
        <truncated>0</truncated>
        <difficult>0</difficult>
        <bndbox>
                <xmin>78</xmin>
                <ymin>33</ymin>
                <xmax>116</xmax>
                <ymax>200</ymax>
            </bndbox>
        </object>
    <object>
        <name>7</name>
        <pose>Unspecified</pose>
        <truncated>0</truncated>
        <difficult>0</difficult>
        <bndbox>
                <xmin>120</xmin>
                <ymin>31</ymin>
                <xmax>156</xmax>
                <ymax>199</ymax>
            </bndbox>
        </object>
    <object>
        <name>9</name>
        <pose>Unspecified</pose>
        <truncated>0</truncated>
        <difficult>0</difficult>
        <bndbox>
                <xmin>162</xmin>
                <ymin>30</ymin>
                <xmax>201</xmax>
                <ymax>196</ymax>
            </bndbox>
        </object>
    <object>
        <name>E</name>
        <pose>Unspecified</pose>
        <truncated>0</truncated>
        <difficult>0</difficult>
        <bndbox>
                <xmin>232</xmin>
                <ymin>40</ymin>
                <xmax>266</xmax>
                <ymax>183</ymax>
            </bndbox>
        </object>
    <object>
        <name>R</name>
        <pose>Unspecified</pose>
        <truncated>0</truncated>
        <difficult>0</difficult>
        <bndbox>
                <xmin>274</xmin>
                <ymin>51</ymin>
                <xmax>307</xmax>
                <ymax>181</ymax>
            </bndbox>
        </object>
    <object>
        <name>D</name>
        <pose>Unspecified</pose>
        <truncated>0</truncated>
        <difficult>0</difficult>
        <bndbox>
                <xmin>317</xmin>
                <ymin>46</ymin>
                <xmax>351</xmax>
                <ymax>180</ymax>
            </bndbox>
        </object>
    </annotation>
