<annotation>
    <folder>From-Labelbox-license-characters-593images</folder>
    <filename>ckiczgqqg001s246au2jc6frk.jpeg</filename>
    <path>/home/riotu/Object Detection/Datasets/Car-detection/License-characters/From-Labelbox-license-characters-593images/ckiczgqqg001s246au2jc6frk.jpeg</path>
    <source>
        <database>Unknown</database>
    </source>
    <size>
        <width>365</width>
        <height>225</height>
        <depth>3</depth>
    </size>
    <segmented>0</segmented>
    <object>
        <name>3</name>
        <pose>Unspecified</pose>
        <truncated>0</truncated>
        <difficult>0</difficult>
        <bndbox>
                <xmin>23</xmin>
                <ymin>25</ymin>
                <xmax>65</xmax>
                <ymax>163</ymax>
            </bndbox>
        </object>
    <object>
        <name>0</name>
        <pose>Unspecified</pose>
        <truncated>0</truncated>
        <difficult>0</difficult>
        <bndbox>
                <xmin>68</xmin>
                <ymin>53</ymin>
                <xmax>102</xmax>
                <ymax>167</ymax>
            </bndbox>
        </object>
    <object>
        <name>4</name>
        <pose>Unspecified</pose>
        <truncated>0</truncated>
        <difficult>0</difficult>
        <bndbox>
                <xmin>102</xmin>
                <ymin>38</ymin>
                <xmax>140</xmax>
                <ymax>174</ymax>
            </bndbox>
        </object>
    <object>
        <name>7</name>
        <pose>Unspecified</pose>
        <truncated>0</truncated>
        <difficult>0</difficult>
        <bndbox>
                <xmin>138</xmin>
                <ymin>43</ymin>
                <xmax>173</xmax>
                <ymax>176</ymax>
            </bndbox>
        </object>
    <object>
        <name>J</name>
        <pose>Unspecified</pose>
        <truncated>0</truncated>
        <difficult>0</difficult>
        <bndbox>
                <xmin>186</xmin>
                <ymin>60</ymin>
                <xmax>225</xmax>
                <ymax>176</ymax>
            </bndbox>
        </object>
    <object>
        <name>B</name>
        <pose>Unspecified</pose>
        <truncated>0</truncated>
        <difficult>0</difficult>
        <bndbox>
                <xmin>226</xmin>
                <ymin>81</ymin>
                <xmax>258</xmax>
                <ymax>184</ymax>
            </bndbox>
        </object>
    <object>
        <name>B</name>
        <pose>Unspecified</pose>
        <truncated>0</truncated>
        <difficult>0</difficult>
        <bndbox>
                <xmin>261</xmin>
                <ymin>89</ymin>
                <xmax>294</xmax>
                <ymax>193</ymax>
            </bndbox>
        </object>
    </annotation>
