<annotation>
    <folder>From-Labelbox-license-characters-593images</folder>
    <filename>ckicxhg31000p246ay6i8h9zg.jpeg</filename>
    <path>/home/riotu/Object Detection/Datasets/Car-detection/License-characters/From-Labelbox-license-characters-593images/ckicxhg31000p246ay6i8h9zg.jpeg</path>
    <source>
        <database>Unknown</database>
    </source>
    <size>
        <width>316</width>
        <height>159</height>
        <depth>3</depth>
    </size>
    <segmented>0</segmented>
    <object>
        <name>3</name>
        <pose>Unspecified</pose>
        <truncated>0</truncated>
        <difficult>0</difficult>
        <bndbox>
                <xmin>26</xmin>
                <ymin>16</ymin>
                <xmax>55</xmax>
                <ymax>149</ymax>
            </bndbox>
        </object>
    <object>
        <name>7</name>
        <pose>Unspecified</pose>
        <truncated>0</truncated>
        <difficult>0</difficult>
        <bndbox>
                <xmin>61</xmin>
                <ymin>16</ymin>
                <xmax>89</xmax>
                <ymax>149</ymax>
            </bndbox>
        </object>
    <object>
        <name>5</name>
        <pose>Unspecified</pose>
        <truncated>0</truncated>
        <difficult>0</difficult>
        <bndbox>
                <xmin>95</xmin>
                <ymin>25</ymin>
                <xmax>123</xmax>
                <ymax>147</ymax>
            </bndbox>
        </object>
    <object>
        <name>4</name>
        <pose>Unspecified</pose>
        <truncated>0</truncated>
        <difficult>0</difficult>
        <bndbox>
                <xmin>130</xmin>
                <ymin>16</ymin>
                <xmax>157</xmax>
                <ymax>148</ymax>
            </bndbox>
        </object>
    <object>
        <name>V</name>
        <pose>Unspecified</pose>
        <truncated>0</truncated>
        <difficult>0</difficult>
        <bndbox>
                <xmin>178</xmin>
                <ymin>26</ymin>
                <xmax>203</xmax>
                <ymax>138</ymax>
            </bndbox>
        </object>
    <object>
        <name>L</name>
        <pose>Unspecified</pose>
        <truncated>0</truncated>
        <difficult>0</difficult>
        <bndbox>
                <xmin>214</xmin>
                <ymin>27</ymin>
                <xmax>237</xmax>
                <ymax>138</ymax>
            </bndbox>
        </object>
    <object>
        <name>J</name>
        <pose>Unspecified</pose>
        <truncated>0</truncated>
        <difficult>0</difficult>
        <bndbox>
                <xmin>246</xmin>
                <ymin>27</ymin>
                <xmax>270</xmax>
                <ymax>139</ymax>
            </bndbox>
        </object>
    </annotation>
