<annotation>
    <folder>From-Labelbox-license-characters-593images</folder>
    <filename>ckicxvbyp000w246a0gvltjb6.jpeg</filename>
    <path>/home/riotu/Object Detection/Datasets/Car-detection/License-characters/From-Labelbox-license-characters-593images/ckicxvbyp000w246a0gvltjb6.jpeg</path>
    <source>
        <database>Unknown</database>
    </source>
    <size>
        <width>105</width>
        <height>50</height>
        <depth>3</depth>
    </size>
    <segmented>0</segmented>
    <object>
        <name>4</name>
        <pose>Unspecified</pose>
        <truncated>0</truncated>
        <difficult>0</difficult>
        <bndbox>
                <xmin>10</xmin>
                <ymin>6</ymin>
                <xmax>20</xmax>
                <ymax>47</ymax>
            </bndbox>
        </object>
    <object>
        <name>0</name>
        <pose>Unspecified</pose>
        <truncated>0</truncated>
        <difficult>0</difficult>
        <bndbox>
                <xmin>20</xmin>
                <ymin>13</ymin>
                <xmax>30</xmax>
                <ymax>48</ymax>
            </bndbox>
        </object>
    <object>
        <name>4</name>
        <pose>Unspecified</pose>
        <truncated>0</truncated>
        <difficult>0</difficult>
        <bndbox>
                <xmin>31</xmin>
                <ymin>6</ymin>
                <xmax>40</xmax>
                <ymax>48</ymax>
            </bndbox>
        </object>
    <object>
        <name>9</name>
        <pose>Unspecified</pose>
        <truncated>0</truncated>
        <difficult>0</difficult>
        <bndbox>
                <xmin>41</xmin>
                <ymin>6</ymin>
                <xmax>51</xmax>
                <ymax>47</ymax>
            </bndbox>
        </object>
    <object>
        <name>T</name>
        <pose>Unspecified</pose>
        <truncated>0</truncated>
        <difficult>0</difficult>
        <bndbox>
                <xmin>56</xmin>
                <ymin>9</ymin>
                <xmax>65</xmax>
                <ymax>45</ymax>
            </bndbox>
        </object>
    <object>
        <name>J</name>
        <pose>Unspecified</pose>
        <truncated>0</truncated>
        <difficult>0</difficult>
        <bndbox>
                <xmin>68</xmin>
                <ymin>10</ymin>
                <xmax>76</xmax>
                <ymax>44</ymax>
            </bndbox>
        </object>
    <object>
        <name>A</name>
        <pose>Unspecified</pose>
        <truncated>0</truncated>
        <difficult>0</difficult>
        <bndbox>
                <xmin>78</xmin>
                <ymin>9</ymin>
                <xmax>85</xmax>
                <ymax>45</ymax>
            </bndbox>
        </object>
    </annotation>
