<annotation>
    <folder>From-Labelbox-license-characters-593images</folder>
    <filename>ckicxkxew000r246atma8nywc.jpeg</filename>
    <path>/home/riotu/Object Detection/Datasets/Car-detection/License-characters/From-Labelbox-license-characters-593images/ckicxkxew000r246atma8nywc.jpeg</path>
    <source>
        <database>Unknown</database>
    </source>
    <size>
        <width>424</width>
        <height>203</height>
        <depth>3</depth>
    </size>
    <segmented>0</segmented>
    <object>
        <name>6</name>
        <pose>Unspecified</pose>
        <truncated>0</truncated>
        <difficult>0</difficult>
        <bndbox>
                <xmin>34</xmin>
                <ymin>27</ymin>
                <xmax>77</xmax>
                <ymax>179</ymax>
            </bndbox>
        </object>
    <object>
        <name>2</name>
        <pose>Unspecified</pose>
        <truncated>0</truncated>
        <difficult>0</difficult>
        <bndbox>
                <xmin>81</xmin>
                <ymin>28</ymin>
                <xmax>121</xmax>
                <ymax>181</ymax>
            </bndbox>
        </object>
    <object>
        <name>2</name>
        <pose>Unspecified</pose>
        <truncated>0</truncated>
        <difficult>0</difficult>
        <bndbox>
                <xmin>123</xmin>
                <ymin>29</ymin>
                <xmax>164</xmax>
                <ymax>182</ymax>
            </bndbox>
        </object>
    <object>
        <name>2</name>
        <pose>Unspecified</pose>
        <truncated>0</truncated>
        <difficult>0</difficult>
        <bndbox>
                <xmin>168</xmin>
                <ymin>29</ymin>
                <xmax>208</xmax>
                <ymax>182</ymax>
            </bndbox>
        </object>
    <object>
        <name>N</name>
        <pose>Unspecified</pose>
        <truncated>0</truncated>
        <difficult>0</difficult>
        <bndbox>
                <xmin>234</xmin>
                <ymin>40</ymin>
                <xmax>269</xmax>
                <ymax>172</ymax>
            </bndbox>
        </object>
    <object>
        <name>X</name>
        <pose>Unspecified</pose>
        <truncated>0</truncated>
        <difficult>0</difficult>
        <bndbox>
                <xmin>276</xmin>
                <ymin>48</ymin>
                <xmax>311</xmax>
                <ymax>174</ymax>
            </bndbox>
        </object>
    <object>
        <name>D</name>
        <pose>Unspecified</pose>
        <truncated>0</truncated>
        <difficult>0</difficult>
        <bndbox>
                <xmin>324</xmin>
                <ymin>51</ymin>
                <xmax>356</xmax>
                <ymax>171</ymax>
            </bndbox>
        </object>
    </annotation>
