<annotation>
    <folder>From-Labelbox-license-characters-593images</folder>
    <filename>ckicy1oxw0011246apxpmum91.jpeg</filename>
    <path>/home/riotu/Object Detection/Datasets/Car-detection/License-characters/From-Labelbox-license-characters-593images/ckicy1oxw0011246apxpmum91.jpeg</path>
    <source>
        <database>Unknown</database>
    </source>
    <size>
        <width>303</width>
        <height>166</height>
        <depth>3</depth>
    </size>
    <segmented>0</segmented>
    <object>
        <name>8</name>
        <pose>Unspecified</pose>
        <truncated>0</truncated>
        <difficult>0</difficult>
        <bndbox>
                <xmin>23</xmin>
                <ymin>23</ymin>
                <xmax>48</xmax>
                <ymax>145</ymax>
            </bndbox>
        </object>
    <object>
        <name>6</name>
        <pose>Unspecified</pose>
        <truncated>0</truncated>
        <difficult>0</difficult>
        <bndbox>
                <xmin>51</xmin>
                <ymin>24</ymin>
                <xmax>80</xmax>
                <ymax>146</ymax>
            </bndbox>
        </object>
    <object>
        <name>0</name>
        <pose>Unspecified</pose>
        <truncated>0</truncated>
        <difficult>0</difficult>
        <bndbox>
                <xmin>84</xmin>
                <ymin>43</ymin>
                <xmax>111</xmax>
                <ymax>145</ymax>
            </bndbox>
        </object>
    <object>
        <name>7</name>
        <pose>Unspecified</pose>
        <truncated>0</truncated>
        <difficult>0</difficult>
        <bndbox>
                <xmin>115</xmin>
                <ymin>23</ymin>
                <xmax>141</xmax>
                <ymax>144</ymax>
            </bndbox>
        </object>
    <object>
        <name>N</name>
        <pose>Unspecified</pose>
        <truncated>0</truncated>
        <difficult>0</difficult>
        <bndbox>
                <xmin>159</xmin>
                <ymin>31</ymin>
                <xmax>181</xmax>
                <ymax>134</ymax>
            </bndbox>
        </object>
    <object>
        <name>B</name>
        <pose>Unspecified</pose>
        <truncated>0</truncated>
        <difficult>0</difficult>
        <bndbox>
                <xmin>189</xmin>
                <ymin>42</ymin>
                <xmax>212</xmax>
                <ymax>133</ymax>
            </bndbox>
        </object>
    <object>
        <name>A</name>
        <pose>Unspecified</pose>
        <truncated>0</truncated>
        <difficult>0</difficult>
        <bndbox>
                <xmin>221</xmin>
                <ymin>30</ymin>
                <xmax>242</xmax>
                <ymax>133</ymax>
            </bndbox>
        </object>
    </annotation>
