<annotation>
    <folder>From-Labelbox-license-characters-593images</folder>
    <filename>ckiczzwkm0026246ap6bvgv2m.jpeg</filename>
    <path>/home/riotu/Object Detection/Datasets/Car-detection/License-characters/From-Labelbox-license-characters-593images/ckiczzwkm0026246ap6bvgv2m.jpeg</path>
    <source>
        <database>Unknown</database>
    </source>
    <size>
        <width>422</width>
        <height>207</height>
        <depth>3</depth>
    </size>
    <segmented>0</segmented>
    <object>
        <name>2</name>
        <pose>Unspecified</pose>
        <truncated>0</truncated>
        <difficult>0</difficult>
        <bndbox>
                <xmin>24</xmin>
                <ymin>25</ymin>
                <xmax>70</xmax>
                <ymax>200</ymax>
            </bndbox>
        </object>
    <object>
        <name>2</name>
        <pose>Unspecified</pose>
        <truncated>0</truncated>
        <difficult>0</difficult>
        <bndbox>
                <xmin>68</xmin>
                <ymin>23</ymin>
                <xmax>113</xmax>
                <ymax>199</ymax>
            </bndbox>
        </object>
    <object>
        <name>6</name>
        <pose>Unspecified</pose>
        <truncated>0</truncated>
        <difficult>0</difficult>
        <bndbox>
                <xmin>110</xmin>
                <ymin>20</ymin>
                <xmax>153</xmax>
                <ymax>190</ymax>
            </bndbox>
        </object>
    <object>
        <name>4</name>
        <pose>Unspecified</pose>
        <truncated>0</truncated>
        <difficult>0</difficult>
        <bndbox>
                <xmin>155</xmin>
                <ymin>21</ymin>
                <xmax>197</xmax>
                <ymax>192</ymax>
            </bndbox>
        </object>
    <object>
        <name>J</name>
        <pose>Unspecified</pose>
        <truncated>0</truncated>
        <difficult>0</difficult>
        <bndbox>
                <xmin>215</xmin>
                <ymin>29</ymin>
                <xmax>256</xmax>
                <ymax>172</ymax>
            </bndbox>
        </object>
    <object>
        <name>K</name>
        <pose>Unspecified</pose>
        <truncated>0</truncated>
        <difficult>0</difficult>
        <bndbox>
                <xmin>261</xmin>
                <ymin>25</ymin>
                <xmax>299</xmax>
                <ymax>172</ymax>
            </bndbox>
        </object>
    <object>
        <name>B</name>
        <pose>Unspecified</pose>
        <truncated>0</truncated>
        <difficult>0</difficult>
        <bndbox>
                <xmin>307</xmin>
                <ymin>42</ymin>
                <xmax>345</xmax>
                <ymax>169</ymax>
            </bndbox>
        </object>
    </annotation>
