<annotation>
    <folder>From-Labelbox-license-characters-593images</folder>
    <filename>ckid08p7e002c246aa530hgr7.png</filename>
    <path>/home/riotu/Object Detection/Datasets/Car-detection/License-characters/From-Labelbox-license-characters-593images/ckid08p7e002c246aa530hgr7.png</path>
    <source>
        <database>Unknown</database>
    </source>
    <size>
        <width>226</width>
        <height>128</height>
        <depth>3</depth>
    </size>
    <segmented>0</segmented>
    <object>
        <name>5</name>
        <pose>Unspecified</pose>
        <truncated>0</truncated>
        <difficult>0</difficult>
        <bndbox>
                <xmin>19</xmin>
                <ymin>29</ymin>
                <xmax>39</xmax>
                <ymax>114</ymax>
            </bndbox>
        </object>
    <object>
        <name>3</name>
        <pose>Unspecified</pose>
        <truncated>0</truncated>
        <difficult>0</difficult>
        <bndbox>
                <xmin>43</xmin>
                <ymin>25</ymin>
                <xmax>62</xmax>
                <ymax>114</ymax>
            </bndbox>
        </object>
    <object>
        <name>4</name>
        <pose>Unspecified</pose>
        <truncated>0</truncated>
        <difficult>0</difficult>
        <bndbox>
                <xmin>68</xmin>
                <ymin>23</ymin>
                <xmax>87</xmax>
                <ymax>116</ymax>
            </bndbox>
        </object>
    <object>
        <name>9</name>
        <pose>Unspecified</pose>
        <truncated>0</truncated>
        <difficult>0</difficult>
        <bndbox>
                <xmin>92</xmin>
                <ymin>24</ymin>
                <xmax>111</xmax>
                <ymax>115</ymax>
            </bndbox>
        </object>
    <object>
        <name>L</name>
        <pose>Unspecified</pose>
        <truncated>0</truncated>
        <difficult>0</difficult>
        <bndbox>
                <xmin>125</xmin>
                <ymin>31</ymin>
                <xmax>143</xmax>
                <ymax>111</ymax>
            </bndbox>
        </object>
    <object>
        <name>V</name>
        <pose>Unspecified</pose>
        <truncated>0</truncated>
        <difficult>0</difficult>
        <bndbox>
                <xmin>146</xmin>
                <ymin>34</ymin>
                <xmax>165</xmax>
                <ymax>111</ymax>
            </bndbox>
        </object>
    <object>
        <name>J</name>
        <pose>Unspecified</pose>
        <truncated>0</truncated>
        <difficult>0</difficult>
        <bndbox>
                <xmin>173</xmin>
                <ymin>33</ymin>
                <xmax>191</xmax>
                <ymax>112</ymax>
            </bndbox>
        </object>
    </annotation>
