<annotation>
    <folder>From-Labelbox-license-characters-593images</folder>
    <filename>ckid0qw4s002p246agwx1k6r4.jpeg</filename>
    <path>/home/riotu/Object Detection/Datasets/Car-detection/License-characters/From-Labelbox-license-characters-593images/ckid0qw4s002p246agwx1k6r4.jpeg</path>
    <source>
        <database>Unknown</database>
    </source>
    <size>
        <width>483</width>
        <height>234</height>
        <depth>3</depth>
    </size>
    <segmented>0</segmented>
    <object>
        <name>7</name>
        <pose>Unspecified</pose>
        <truncated>0</truncated>
        <difficult>0</difficult>
        <bndbox>
                <xmin>29</xmin>
                <ymin>37</ymin>
                <xmax>75</xmax>
                <ymax>210</ymax>
            </bndbox>
        </object>
    <object>
        <name>8</name>
        <pose>Unspecified</pose>
        <truncated>0</truncated>
        <difficult>0</difficult>
        <bndbox>
                <xmin>78</xmin>
                <ymin>35</ymin>
                <xmax>120</xmax>
                <ymax>205</ymax>
            </bndbox>
        </object>
    <object>
        <name>7</name>
        <pose>Unspecified</pose>
        <truncated>0</truncated>
        <difficult>0</difficult>
        <bndbox>
                <xmin>128</xmin>
                <ymin>34</ymin>
                <xmax>171</xmax>
                <ymax>206</ymax>
            </bndbox>
        </object>
    <object>
        <name>3</name>
        <pose>Unspecified</pose>
        <truncated>0</truncated>
        <difficult>0</difficult>
        <bndbox>
                <xmin>177</xmin>
                <ymin>30</ymin>
                <xmax>222</xmax>
                <ymax>202</ymax>
            </bndbox>
        </object>
    <object>
        <name>E</name>
        <pose>Unspecified</pose>
        <truncated>0</truncated>
        <difficult>0</difficult>
        <bndbox>
                <xmin>244</xmin>
                <ymin>41</ymin>
                <xmax>285</xmax>
                <ymax>188</ymax>
            </bndbox>
        </object>
    <object>
        <name>L</name>
        <pose>Unspecified</pose>
        <truncated>0</truncated>
        <difficult>0</difficult>
        <bndbox>
                <xmin>294</xmin>
                <ymin>38</ymin>
                <xmax>336</xmax>
                <ymax>188</ymax>
            </bndbox>
        </object>
    <object>
        <name>B</name>
        <pose>Unspecified</pose>
        <truncated>0</truncated>
        <difficult>0</difficult>
        <bndbox>
                <xmin>343</xmin>
                <ymin>52</ymin>
                <xmax>384</xmax>
                <ymax>186</ymax>
            </bndbox>
        </object>
    </annotation>
