<annotation>
    <folder>From-Labelbox-license-characters-593images</folder>
    <filename>ckid1lx7l003d246ala6vzs1s.jpeg</filename>
    <path>/home/riotu/Object Detection/Datasets/Car-detection/License-characters/From-Labelbox-license-characters-593images/ckid1lx7l003d246ala6vzs1s.jpeg</path>
    <source>
        <database>Unknown</database>
    </source>
    <size>
        <width>945</width>
        <height>209</height>
        <depth>3</depth>
    </size>
    <segmented>0</segmented>
    <object>
        <name>9</name>
        <pose>Unspecified</pose>
        <truncated>0</truncated>
        <difficult>0</difficult>
        <bndbox>
                <xmin>74</xmin>
                <ymin>25</ymin>
                <xmax>115</xmax>
                <ymax>188</ymax>
            </bndbox>
        </object>
    <object>
        <name>0</name>
        <pose>Unspecified</pose>
        <truncated>0</truncated>
        <difficult>0</difficult>
        <bndbox>
                <xmin>155</xmin>
                <ymin>48</ymin>
                <xmax>195</xmax>
                <ymax>188</ymax>
            </bndbox>
        </object>
    <object>
        <name>0</name>
        <pose>Unspecified</pose>
        <truncated>0</truncated>
        <difficult>0</difficult>
        <bndbox>
                <xmin>245</xmin>
                <ymin>57</ymin>
                <xmax>280</xmax>
                <ymax>187</ymax>
            </bndbox>
        </object>
    <object>
        <name>8</name>
        <pose>Unspecified</pose>
        <truncated>0</truncated>
        <difficult>0</difficult>
        <bndbox>
                <xmin>324</xmin>
                <ymin>27</ymin>
                <xmax>365</xmax>
                <ymax>190</ymax>
            </bndbox>
        </object>
    <object>
        <name>Z</name>
        <pose>Unspecified</pose>
        <truncated>0</truncated>
        <difficult>0</difficult>
        <bndbox>
                <xmin>640</xmin>
                <ymin>29</ymin>
                <xmax>687</xmax>
                <ymax>188</ymax>
            </bndbox>
        </object>
    <object>
        <name>E</name>
        <pose>Unspecified</pose>
        <truncated>0</truncated>
        <difficult>0</difficult>
        <bndbox>
                <xmin>726</xmin>
                <ymin>27</ymin>
                <xmax>773</xmax>
                <ymax>189</ymax>
            </bndbox>
        </object>
    </annotation>
