<annotation>
    <folder>From-Labelbox-license-characters-593images</folder>
    <filename>ckid15p5a0031246a2xnm5g5j.jpeg</filename>
    <path>/home/riotu/Object Detection/Datasets/Car-detection/License-characters/From-Labelbox-license-characters-593images/ckid15p5a0031246a2xnm5g5j.jpeg</path>
    <source>
        <database>Unknown</database>
    </source>
    <size>
        <width>361</width>
        <height>189</height>
        <depth>3</depth>
    </size>
    <segmented>0</segmented>
    <object>
        <name>8</name>
        <pose>Unspecified</pose>
        <truncated>0</truncated>
        <difficult>0</difficult>
        <bndbox>
                <xmin>37</xmin>
                <ymin>24</ymin>
                <xmax>68</xmax>
                <ymax>171</ymax>
            </bndbox>
        </object>
    <object>
        <name>5</name>
        <pose>Unspecified</pose>
        <truncated>0</truncated>
        <difficult>0</difficult>
        <bndbox>
                <xmin>74</xmin>
                <ymin>34</ymin>
                <xmax>105</xmax>
                <ymax>168</ymax>
            </bndbox>
        </object>
    <object>
        <name>3</name>
        <pose>Unspecified</pose>
        <truncated>0</truncated>
        <difficult>0</difficult>
        <bndbox>
                <xmin>111</xmin>
                <ymin>26</ymin>
                <xmax>144</xmax>
                <ymax>168</ymax>
            </bndbox>
        </object>
    <object>
        <name>1</name>
        <pose>Unspecified</pose>
        <truncated>0</truncated>
        <difficult>0</difficult>
        <bndbox>
                <xmin>151</xmin>
                <ymin>25</ymin>
                <xmax>174</xmax>
                <ymax>167</ymax>
            </bndbox>
        </object>
    <object>
        <name>E</name>
        <pose>Unspecified</pose>
        <truncated>0</truncated>
        <difficult>0</difficult>
        <bndbox>
                <xmin>202</xmin>
                <ymin>35</ymin>
                <xmax>230</xmax>
                <ymax>159</ymax>
            </bndbox>
        </object>
    <object>
        <name>H</name>
        <pose>Unspecified</pose>
        <truncated>0</truncated>
        <difficult>0</difficult>
        <bndbox>
                <xmin>241</xmin>
                <ymin>40</ymin>
                <xmax>265</xmax>
                <ymax>157</ymax>
            </bndbox>
        </object>
    <object>
        <name>A</name>
        <pose>Unspecified</pose>
        <truncated>0</truncated>
        <difficult>0</difficult>
        <bndbox>
                <xmin>279</xmin>
                <ymin>33</ymin>
                <xmax>301</xmax>
                <ymax>159</ymax>
            </bndbox>
        </object>
    </annotation>
