<annotation>
    <folder>From-Labelbox-license-characters-593images</folder>
    <filename>ckid13acf002z246aqquux1u1.jpeg</filename>
    <path>/home/riotu/Object Detection/Datasets/Car-detection/License-characters/From-Labelbox-license-characters-593images/ckid13acf002z246aqquux1u1.jpeg</path>
    <source>
        <database>Unknown</database>
    </source>
    <size>
        <width>393</width>
        <height>234</height>
        <depth>3</depth>
    </size>
    <segmented>0</segmented>
    <object>
        <name>2</name>
        <pose>Unspecified</pose>
        <truncated>0</truncated>
        <difficult>0</difficult>
        <bndbox>
                <xmin>28</xmin>
                <ymin>39</ymin>
                <xmax>72</xmax>
                <ymax>210</ymax>
            </bndbox>
        </object>
    <object>
        <name>1</name>
        <pose>Unspecified</pose>
        <truncated>0</truncated>
        <difficult>0</difficult>
        <bndbox>
                <xmin>77</xmin>
                <ymin>40</ymin>
                <xmax>110</xmax>
                <ymax>210</ymax>
            </bndbox>
        </object>
    <object>
        <name>9</name>
        <pose>Unspecified</pose>
        <truncated>0</truncated>
        <difficult>0</difficult>
        <bndbox>
                <xmin>115</xmin>
                <ymin>37</ymin>
                <xmax>155</xmax>
                <ymax>206</ymax>
            </bndbox>
        </object>
    <object>
        <name>9</name>
        <pose>Unspecified</pose>
        <truncated>0</truncated>
        <difficult>0</difficult>
        <bndbox>
                <xmin>159</xmin>
                <ymin>34</ymin>
                <xmax>199</xmax>
                <ymax>204</ymax>
            </bndbox>
        </object>
    <object>
        <name>G</name>
        <pose>Unspecified</pose>
        <truncated>0</truncated>
        <difficult>0</difficult>
        <bndbox>
                <xmin>221</xmin>
                <ymin>46</ymin>
                <xmax>254</xmax>
                <ymax>187</ymax>
            </bndbox>
        </object>
    <object>
        <name>Z</name>
        <pose>Unspecified</pose>
        <truncated>0</truncated>
        <difficult>0</difficult>
        <bndbox>
                <xmin>265</xmin>
                <ymin>42</ymin>
                <xmax>296</xmax>
                <ymax>185</ymax>
            </bndbox>
        </object>
    <object>
        <name>J</name>
        <pose>Unspecified</pose>
        <truncated>0</truncated>
        <difficult>0</difficult>
        <bndbox>
                <xmin>301</xmin>
                <ymin>40</ymin>
                <xmax>336</xmax>
                <ymax>183</ymax>
            </bndbox>
        </object>
    </annotation>
