<annotation>
    <folder>From-Labelbox-license-characters-593images</folder>
    <filename>ckid1nct3003e246a2cvz7jzs.jpeg</filename>
    <path>/home/riotu/Object Detection/Datasets/Car-detection/License-characters/From-Labelbox-license-characters-593images/ckid1nct3003e246a2cvz7jzs.jpeg</path>
    <source>
        <database>Unknown</database>
    </source>
    <size>
        <width>396</width>
        <height>225</height>
        <depth>3</depth>
    </size>
    <segmented>0</segmented>
    <object>
        <name>8</name>
        <pose>Unspecified</pose>
        <truncated>0</truncated>
        <difficult>0</difficult>
        <bndbox>
                <xmin>41</xmin>
                <ymin>40</ymin>
                <xmax>74</xmax>
                <ymax>205</ymax>
            </bndbox>
        </object>
    <object>
        <name>0</name>
        <pose>Unspecified</pose>
        <truncated>0</truncated>
        <difficult>0</difficult>
        <bndbox>
                <xmin>81</xmin>
                <ymin>66</ymin>
                <xmax>114</xmax>
                <ymax>203</ymax>
            </bndbox>
        </object>
    <object>
        <name>4</name>
        <pose>Unspecified</pose>
        <truncated>0</truncated>
        <difficult>0</difficult>
        <bndbox>
                <xmin>120</xmin>
                <ymin>38</ymin>
                <xmax>157</xmax>
                <ymax>202</ymax>
            </bndbox>
        </object>
    <object>
        <name>4</name>
        <pose>Unspecified</pose>
        <truncated>0</truncated>
        <difficult>0</difficult>
        <bndbox>
                <xmin>159</xmin>
                <ymin>35</ymin>
                <xmax>199</xmax>
                <ymax>198</ymax>
            </bndbox>
        </object>
    <object>
        <name>G</name>
        <pose>Unspecified</pose>
        <truncated>0</truncated>
        <difficult>0</difficult>
        <bndbox>
                <xmin>220</xmin>
                <ymin>46</ymin>
                <xmax>257</xmax>
                <ymax>183</ymax>
            </bndbox>
        </object>
    <object>
        <name>V</name>
        <pose>Unspecified</pose>
        <truncated>0</truncated>
        <difficult>0</difficult>
        <bndbox>
                <xmin>262</xmin>
                <ymin>43</ymin>
                <xmax>295</xmax>
                <ymax>183</ymax>
            </bndbox>
        </object>
    <object>
        <name>J</name>
        <pose>Unspecified</pose>
        <truncated>0</truncated>
        <difficult>0</difficult>
        <bndbox>
                <xmin>301</xmin>
                <ymin>42</ymin>
                <xmax>336</xmax>
                <ymax>182</ymax>
            </bndbox>
        </object>
    </annotation>
