<annotation>
    <folder>From-Labelbox-license-characters-593images</folder>
    <filename>ckid0e01u002g246apicire3w.png</filename>
    <path>/home/riotu/Object Detection/Datasets/Car-detection/License-characters/From-Labelbox-license-characters-593images/ckid0e01u002g246apicire3w.png</path>
    <source>
        <database>Unknown</database>
    </source>
    <size>
        <width>110</width>
        <height>77</height>
        <depth>3</depth>
    </size>
    <segmented>0</segmented>
    <object>
        <name>3</name>
        <pose>Unspecified</pose>
        <truncated>0</truncated>
        <difficult>0</difficult>
        <bndbox>
                <xmin>19</xmin>
                <ymin>15</ymin>
                <xmax>33</xmax>
                <ymax>61</ymax>
            </bndbox>
        </object>
    <object>
        <name>0</name>
        <pose>Unspecified</pose>
        <truncated>0</truncated>
        <difficult>0</difficult>
        <bndbox>
                <xmin>30</xmin>
                <ymin>26</ymin>
                <xmax>44</xmax>
                <ymax>63</ymax>
            </bndbox>
        </object>
    <object>
        <name>1</name>
        <pose>Unspecified</pose>
        <truncated>0</truncated>
        <difficult>0</difficult>
        <bndbox>
                <xmin>43</xmin>
                <ymin>24</ymin>
                <xmax>53</xmax>
                <ymax>62</ymax>
            </bndbox>
        </object>
    <object>
        <name>1</name>
        <pose>Unspecified</pose>
        <truncated>0</truncated>
        <difficult>0</difficult>
        <bndbox>
                <xmin>52</xmin>
                <ymin>27</ymin>
                <xmax>64</xmax>
                <ymax>64</ymax>
            </bndbox>
        </object>
    <object>
        <name>A</name>
        <pose>Unspecified</pose>
        <truncated>0</truncated>
        <difficult>0</difficult>
        <bndbox>
                <xmin>62</xmin>
                <ymin>32</ymin>
                <xmax>74</xmax>
                <ymax>67</ymax>
            </bndbox>
        </object>
    <object>
        <name>Z</name>
        <pose>Unspecified</pose>
        <truncated>0</truncated>
        <difficult>0</difficult>
        <bndbox>
                <xmin>72</xmin>
                <ymin>25</ymin>
                <xmax>85</xmax>
                <ymax>71</ymax>
            </bndbox>
        </object>
    <object>
        <name>J</name>
        <pose>Unspecified</pose>
        <truncated>0</truncated>
        <difficult>0</difficult>
        <bndbox>
                <xmin>82</xmin>
                <ymin>28</ymin>
                <xmax>98</xmax>
                <ymax>69</ymax>
            </bndbox>
        </object>
    </annotation>
