<annotation>
    <folder>From-Labelbox-license-characters-593images</folder>
    <filename>ckid0x83t002u246an9q1fdz5.jpeg</filename>
    <path>/home/riotu/Object Detection/Datasets/Car-detection/License-characters/From-Labelbox-license-characters-593images/ckid0x83t002u246an9q1fdz5.jpeg</path>
    <source>
        <database>Unknown</database>
    </source>
    <size>
        <width>479</width>
        <height>268</height>
        <depth>3</depth>
    </size>
    <segmented>0</segmented>
    <object>
        <name>2</name>
        <pose>Unspecified</pose>
        <truncated>0</truncated>
        <difficult>0</difficult>
        <bndbox>
                <xmin>34</xmin>
                <ymin>39</ymin>
                <xmax>79</xmax>
                <ymax>245</ymax>
            </bndbox>
        </object>
    <object>
        <name>3</name>
        <pose>Unspecified</pose>
        <truncated>0</truncated>
        <difficult>0</difficult>
        <bndbox>
                <xmin>87</xmin>
                <ymin>36</ymin>
                <xmax>128</xmax>
                <ymax>241</ymax>
            </bndbox>
        </object>
    <object>
        <name>2</name>
        <pose>Unspecified</pose>
        <truncated>0</truncated>
        <difficult>0</difficult>
        <bndbox>
                <xmin>137</xmin>
                <ymin>34</ymin>
                <xmax>178</xmax>
                <ymax>239</ymax>
            </bndbox>
        </object>
    <object>
        <name>3</name>
        <pose>Unspecified</pose>
        <truncated>0</truncated>
        <difficult>0</difficult>
        <bndbox>
                <xmin>189</xmin>
                <ymin>33</ymin>
                <xmax>228</xmax>
                <ymax>236</ymax>
            </bndbox>
        </object>
    <object>
        <name>K</name>
        <pose>Unspecified</pose>
        <truncated>0</truncated>
        <difficult>0</difficult>
        <bndbox>
                <xmin>272</xmin>
                <ymin>47</ymin>
                <xmax>308</xmax>
                <ymax>223</ymax>
            </bndbox>
        </object>
    <object>
        <name>K</name>
        <pose>Unspecified</pose>
        <truncated>0</truncated>
        <difficult>0</difficult>
        <bndbox>
                <xmin>320</xmin>
                <ymin>48</ymin>
                <xmax>354</xmax>
                <ymax>222</ymax>
            </bndbox>
        </object>
    <object>
        <name>D</name>
        <pose>Unspecified</pose>
        <truncated>0</truncated>
        <difficult>0</difficult>
        <bndbox>
                <xmin>369</xmin>
                <ymin>61</ymin>
                <xmax>403</xmax>
                <ymax>219</ymax>
            </bndbox>
        </object>
    </annotation>
