<annotation>
    <folder>From-Labelbox-license-characters-593images</folder>
    <filename>ckie8701a006h246az0grn1vw.jpeg</filename>
    <path>/home/riotu/Object Detection/Datasets/Car-detection/License-characters/From-Labelbox-license-characters-593images/ckie8701a006h246az0grn1vw.jpeg</path>
    <source>
        <database>Unknown</database>
    </source>
    <size>
        <width>111</width>
        <height>57</height>
        <depth>3</depth>
    </size>
    <segmented>0</segmented>
    <object>
        <name>9</name>
        <pose>Unspecified</pose>
        <truncated>0</truncated>
        <difficult>0</difficult>
        <bndbox>
                <xmin>12</xmin>
                <ymin>4</ymin>
                <xmax>25</xmax>
                <ymax>52</ymax>
            </bndbox>
        </object>
    <object>
        <name>4</name>
        <pose>Unspecified</pose>
        <truncated>0</truncated>
        <difficult>0</difficult>
        <bndbox>
                <xmin>40</xmin>
                <ymin>6</ymin>
                <xmax>54</xmax>
                <ymax>52</ymax>
            </bndbox>
        </object>
    <object>
        <name>D</name>
        <pose>Unspecified</pose>
        <truncated>0</truncated>
        <difficult>0</difficult>
        <bndbox>
                <xmin>75</xmin>
                <ymin>15</ymin>
                <xmax>89</xmax>
                <ymax>50</ymax>
            </bndbox>
        </object>
    </annotation>
