<annotation>
    <folder>From-Labelbox-license-characters-593images</folder>
    <filename>ckie5p4wo004t246akxbhrydh.jpeg</filename>
    <path>/home/riotu/Object Detection/Datasets/Car-detection/License-characters/From-Labelbox-license-characters-593images/ckie5p4wo004t246akxbhrydh.jpeg</path>
    <source>
        <database>Unknown</database>
    </source>
    <size>
        <width>356</width>
        <height>179</height>
        <depth>3</depth>
    </size>
    <segmented>0</segmented>
    <object>
        <name>3</name>
        <pose>Unspecified</pose>
        <truncated>0</truncated>
        <difficult>0</difficult>
        <bndbox>
                <xmin>31</xmin>
                <ymin>21</ymin>
                <xmax>63</xmax>
                <ymax>163</ymax>
            </bndbox>
        </object>
    <object>
        <name>7</name>
        <pose>Unspecified</pose>
        <truncated>0</truncated>
        <difficult>0</difficult>
        <bndbox>
                <xmin>70</xmin>
                <ymin>22</ymin>
                <xmax>100</xmax>
                <ymax>164</ymax>
            </bndbox>
        </object>
    <object>
        <name>2</name>
        <pose>Unspecified</pose>
        <truncated>0</truncated>
        <difficult>0</difficult>
        <bndbox>
                <xmin>108</xmin>
                <ymin>20</ymin>
                <xmax>141</xmax>
                <ymax>164</ymax>
            </bndbox>
        </object>
    <object>
        <name>8</name>
        <pose>Unspecified</pose>
        <truncated>0</truncated>
        <difficult>0</difficult>
        <bndbox>
                <xmin>145</xmin>
                <ymin>21</ymin>
                <xmax>177</xmax>
                <ymax>162</ymax>
            </bndbox>
        </object>
    <object>
        <name>G</name>
        <pose>Unspecified</pose>
        <truncated>0</truncated>
        <difficult>0</difficult>
        <bndbox>
                <xmin>197</xmin>
                <ymin>32</ymin>
                <xmax>226</xmax>
                <ymax>151</ymax>
            </bndbox>
        </object>
    <object>
        <name>K</name>
        <pose>Unspecified</pose>
        <truncated>0</truncated>
        <difficult>0</difficult>
        <bndbox>
                <xmin>233</xmin>
                <ymin>30</ymin>
                <xmax>264</xmax>
                <ymax>152</ymax>
            </bndbox>
        </object>
    <object>
        <name>J</name>
        <pose>Unspecified</pose>
        <truncated>0</truncated>
        <difficult>0</difficult>
        <bndbox>
                <xmin>271</xmin>
                <ymin>30</ymin>
                <xmax>301</xmax>
                <ymax>151</ymax>
            </bndbox>
        </object>
    </annotation>
