<annotation>
    <folder>From-Labelbox-license-characters-593images</folder>
    <filename>ckie9y0ic007h246awz336krv.jpeg</filename>
    <path>/home/riotu/Object Detection/Datasets/Car-detection/License-characters/From-Labelbox-license-characters-593images/ckie9y0ic007h246awz336krv.jpeg</path>
    <source>
        <database>Unknown</database>
    </source>
    <size>
        <width>77</width>
        <height>72</height>
        <depth>3</depth>
    </size>
    <segmented>0</segmented>
    <object>
        <name>3</name>
        <pose>Unspecified</pose>
        <truncated>0</truncated>
        <difficult>0</difficult>
        <bndbox>
                <xmin>9</xmin>
                <ymin>16</ymin>
                <xmax>21</xmax>
                <ymax>66</ymax>
            </bndbox>
        </object>
    <object>
        <name>0</name>
        <pose>Unspecified</pose>
        <truncated>0</truncated>
        <difficult>0</difficult>
        <bndbox>
                <xmin>20</xmin>
                <ymin>23</ymin>
                <xmax>28</xmax>
                <ymax>63</ymax>
            </bndbox>
        </object>
    <object>
        <name>J</name>
        <pose>Unspecified</pose>
        <truncated>0</truncated>
        <difficult>0</difficult>
        <bndbox>
                <xmin>42</xmin>
                <ymin>14</ymin>
                <xmax>52</xmax>
                <ymax>56</ymax>
            </bndbox>
        </object>
    <object>
        <name>J</name>
        <pose>Unspecified</pose>
        <truncated>0</truncated>
        <difficult>0</difficult>
        <bndbox>
                <xmin>58</xmin>
                <ymin>13</ymin>
                <xmax>66</xmax>
                <ymax>53</ymax>
            </bndbox>
        </object>
    <object>
        <name>D</name>
        <pose>Unspecified</pose>
        <truncated>0</truncated>
        <difficult>0</difficult>
        <bndbox>
                <xmin>50</xmin>
                <ymin>16</ymin>
                <xmax>60</xmax>
                <ymax>54</ymax>
            </bndbox>
        </object>
    </annotation>
