<annotation>
    <folder>From-Labelbox-license-characters-593images</folder>
    <filename>ckie9bn5v0075246an1yvofgp.jpeg</filename>
    <path>/home/riotu/Object Detection/Datasets/Car-detection/License-characters/From-Labelbox-license-characters-593images/ckie9bn5v0075246an1yvofgp.jpeg</path>
    <source>
        <database>Unknown</database>
    </source>
    <size>
        <width>514</width>
        <height>442</height>
        <depth>3</depth>
    </size>
    <segmented>0</segmented>
    <object>
        <name>6</name>
        <pose>Unspecified</pose>
        <truncated>0</truncated>
        <difficult>0</difficult>
        <bndbox>
                <xmin>45</xmin>
                <ymin>159</ymin>
                <xmax>99</xmax>
                <ymax>400</ymax>
            </bndbox>
        </object>
    <object>
        <name>5</name>
        <pose>Unspecified</pose>
        <truncated>0</truncated>
        <difficult>0</difficult>
        <bndbox>
                <xmin>98</xmin>
                <ymin>160</ymin>
                <xmax>150</xmax>
                <ymax>378</ymax>
            </bndbox>
        </object>
    <object>
        <name>0</name>
        <pose>Unspecified</pose>
        <truncated>0</truncated>
        <difficult>0</difficult>
        <bndbox>
                <xmin>147</xmin>
                <ymin>166</ymin>
                <xmax>198</xmax>
                <ymax>364</ymax>
            </bndbox>
        </object>
    <object>
        <name>7</name>
        <pose>Unspecified</pose>
        <truncated>0</truncated>
        <difficult>0</difficult>
        <bndbox>
                <xmin>196</xmin>
                <ymin>109</ymin>
                <xmax>258</xmax>
                <ymax>350</ymax>
            </bndbox>
        </object>
    <object>
        <name>E</name>
        <pose>Unspecified</pose>
        <truncated>0</truncated>
        <difficult>0</difficult>
        <bndbox>
                <xmin>264</xmin>
                <ymin>111</ymin>
                <xmax>317</xmax>
                <ymax>317</ymax>
            </bndbox>
        </object>
    <object>
        <name>G</name>
        <pose>Unspecified</pose>
        <truncated>0</truncated>
        <difficult>0</difficult>
        <bndbox>
                <xmin>314</xmin>
                <ymin>97</ymin>
                <xmax>367</xmax>
                <ymax>290</ymax>
            </bndbox>
        </object>
    <object>
        <name>B</name>
        <pose>Unspecified</pose>
        <truncated>0</truncated>
        <difficult>0</difficult>
        <bndbox>
                <xmin>362</xmin>
                <ymin>98</ymin>
                <xmax>411</xmax>
                <ymax>280</ymax>
            </bndbox>
        </object>
    </annotation>
