<annotation>
    <folder>From-Labelbox-license-characters-593images</folder>
    <filename>ckiea9dlm007o246arkrzbfmx.jpeg</filename>
    <path>/home/riotu/Object Detection/Datasets/Car-detection/License-characters/From-Labelbox-license-characters-593images/ckiea9dlm007o246arkrzbfmx.jpeg</path>
    <source>
        <database>Unknown</database>
    </source>
    <size>
        <width>931</width>
        <height>337</height>
        <depth>3</depth>
    </size>
    <segmented>0</segmented>
    <object>
        <name>8</name>
        <pose>Unspecified</pose>
        <truncated>0</truncated>
        <difficult>0</difficult>
        <bndbox>
                <xmin>68</xmin>
                <ymin>47</ymin>
                <xmax>154</xmax>
                <ymax>295</ymax>
            </bndbox>
        </object>
    <object>
        <name>5</name>
        <pose>Unspecified</pose>
        <truncated>0</truncated>
        <difficult>0</difficult>
        <bndbox>
                <xmin>155</xmin>
                <ymin>59</ymin>
                <xmax>252</xmax>
                <ymax>291</ymax>
            </bndbox>
        </object>
    <object>
        <name>8</name>
        <pose>Unspecified</pose>
        <truncated>0</truncated>
        <difficult>0</difficult>
        <bndbox>
                <xmin>247</xmin>
                <ymin>43</ymin>
                <xmax>336</xmax>
                <ymax>291</ymax>
            </bndbox>
        </object>
    <object>
        <name>3</name>
        <pose>Unspecified</pose>
        <truncated>0</truncated>
        <difficult>0</difficult>
        <bndbox>
                <xmin>332</xmin>
                <ymin>41</ymin>
                <xmax>450</xmax>
                <ymax>289</ymax>
            </bndbox>
        </object>
    <object>
        <name>J</name>
        <pose>Unspecified</pose>
        <truncated>0</truncated>
        <difficult>0</difficult>
        <bndbox>
                <xmin>462</xmin>
                <ymin>47</ymin>
                <xmax>558</xmax>
                <ymax>277</ymax>
            </bndbox>
        </object>
    <object>
        <name>L</name>
        <pose>Unspecified</pose>
        <truncated>0</truncated>
        <difficult>0</difficult>
        <bndbox>
                <xmin>552</xmin>
                <ymin>49</ymin>
                <xmax>644</xmax>
                <ymax>284</ymax>
            </bndbox>
        </object>
    <object>
        <name>B</name>
        <pose>Unspecified</pose>
        <truncated>0</truncated>
        <difficult>0</difficult>
        <bndbox>
                <xmin>638</xmin>
                <ymin>71</ymin>
                <xmax>738</xmax>
                <ymax>291</ymax>
            </bndbox>
        </object>
    </annotation>
