<annotation>
    <folder>From-Labelbox-license-characters-593images</folder>
    <filename>ckie7cyxe005w246a9rqcl8nc.jpeg</filename>
    <path>/home/riotu/Object Detection/Datasets/Car-detection/License-characters/From-Labelbox-license-characters-593images/ckie7cyxe005w246a9rqcl8nc.jpeg</path>
    <source>
        <database>Unknown</database>
    </source>
    <size>
        <width>343</width>
        <height>186</height>
        <depth>3</depth>
    </size>
    <segmented>0</segmented>
    <object>
        <name>7</name>
        <pose>Unspecified</pose>
        <truncated>0</truncated>
        <difficult>0</difficult>
        <bndbox>
                <xmin>31</xmin>
                <ymin>30</ymin>
                <xmax>63</xmax>
                <ymax>160</ymax>
            </bndbox>
        </object>
    <object>
        <name>8</name>
        <pose>Unspecified</pose>
        <truncated>0</truncated>
        <difficult>0</difficult>
        <bndbox>
                <xmin>68</xmin>
                <ymin>28</ymin>
                <xmax>97</xmax>
                <ymax>159</ymax>
            </bndbox>
        </object>
    <object>
        <name>3</name>
        <pose>Unspecified</pose>
        <truncated>0</truncated>
        <difficult>0</difficult>
        <bndbox>
                <xmin>101</xmin>
                <ymin>28</ymin>
                <xmax>131</xmax>
                <ymax>158</ymax>
            </bndbox>
        </object>
    <object>
        <name>6</name>
        <pose>Unspecified</pose>
        <truncated>0</truncated>
        <difficult>0</difficult>
        <bndbox>
                <xmin>135</xmin>
                <ymin>29</ymin>
                <xmax>166</xmax>
                <ymax>157</ymax>
            </bndbox>
        </object>
    <object>
        <name>V</name>
        <pose>Unspecified</pose>
        <truncated>0</truncated>
        <difficult>0</difficult>
        <bndbox>
                <xmin>190</xmin>
                <ymin>38</ymin>
                <xmax>219</xmax>
                <ymax>150</ymax>
            </bndbox>
        </object>
    <object>
        <name>X</name>
        <pose>Unspecified</pose>
        <truncated>0</truncated>
        <difficult>0</difficult>
        <bndbox>
                <xmin>224</xmin>
                <ymin>43</ymin>
                <xmax>254</xmax>
                <ymax>148</ymax>
            </bndbox>
        </object>
    <object>
        <name>J</name>
        <pose>Unspecified</pose>
        <truncated>0</truncated>
        <difficult>0</difficult>
        <bndbox>
                <xmin>259</xmin>
                <ymin>35</ymin>
                <xmax>288</xmax>
                <ymax>146</ymax>
            </bndbox>
        </object>
    </annotation>
