<annotation>
    <folder>From-Labelbox-license-characters-593images</folder>
    <filename>ckie466q7003w246aybkuoeqy.jpeg</filename>
    <path>/home/riotu/Object Detection/Datasets/Car-detection/License-characters/From-Labelbox-license-characters-593images/ckie466q7003w246aybkuoeqy.jpeg</path>
    <source>
        <database>Unknown</database>
    </source>
    <size>
        <width>422</width>
        <height>203</height>
        <depth>3</depth>
    </size>
    <segmented>0</segmented>
    <object>
        <name>9</name>
        <pose>Unspecified</pose>
        <truncated>0</truncated>
        <difficult>0</difficult>
        <bndbox>
                <xmin>35</xmin>
                <ymin>24</ymin>
                <xmax>73</xmax>
                <ymax>187</ymax>
            </bndbox>
        </object>
    <object>
        <name>0</name>
        <pose>Unspecified</pose>
        <truncated>0</truncated>
        <difficult>0</difficult>
        <bndbox>
                <xmin>79</xmin>
                <ymin>51</ymin>
                <xmax>116</xmax>
                <ymax>184</ymax>
            </bndbox>
        </object>
    <object>
        <name>6</name>
        <pose>Unspecified</pose>
        <truncated>0</truncated>
        <difficult>0</difficult>
        <bndbox>
                <xmin>121</xmin>
                <ymin>24</ymin>
                <xmax>161</xmax>
                <ymax>184</ymax>
            </bndbox>
        </object>
    <object>
        <name>1</name>
        <pose>Unspecified</pose>
        <truncated>0</truncated>
        <difficult>0</difficult>
        <bndbox>
                <xmin>170</xmin>
                <ymin>24</ymin>
                <xmax>198</xmax>
                <ymax>185</ymax>
            </bndbox>
        </object>
    <object>
        <name>S</name>
        <pose>Unspecified</pose>
        <truncated>0</truncated>
        <difficult>0</difficult>
        <bndbox>
                <xmin>237</xmin>
                <ymin>49</ymin>
                <xmax>272</xmax>
                <ymax>176</ymax>
            </bndbox>
        </object>
    <object>
        <name>K</name>
        <pose>Unspecified</pose>
        <truncated>0</truncated>
        <difficult>0</difficult>
        <bndbox>
                <xmin>280</xmin>
                <ymin>37</ymin>
                <xmax>316</xmax>
                <ymax>179</ymax>
            </bndbox>
        </object>
    <object>
        <name>D</name>
        <pose>Unspecified</pose>
        <truncated>0</truncated>
        <difficult>0</difficult>
        <bndbox>
                <xmin>325</xmin>
                <ymin>49</ymin>
                <xmax>358</xmax>
                <ymax>179</ymax>
            </bndbox>
        </object>
    </annotation>
