<annotation>
    <folder>From-Labelbox-license-characters-593images</folder>
    <filename>ckie3wvty003q246admjt44dh.jpeg</filename>
    <path>/home/riotu/Object Detection/Datasets/Car-detection/License-characters/From-Labelbox-license-characters-593images/ckie3wvty003q246admjt44dh.jpeg</path>
    <source>
        <database>Unknown</database>
    </source>
    <size>
        <width>358</width>
        <height>186</height>
        <depth>3</depth>
    </size>
    <segmented>0</segmented>
    <object>
        <name>8</name>
        <pose>Unspecified</pose>
        <truncated>0</truncated>
        <difficult>0</difficult>
        <bndbox>
                <xmin>33</xmin>
                <ymin>26</ymin>
                <xmax>68</xmax>
                <ymax>173</ymax>
            </bndbox>
        </object>
    <object>
        <name>5</name>
        <pose>Unspecified</pose>
        <truncated>0</truncated>
        <difficult>0</difficult>
        <bndbox>
                <xmin>72</xmin>
                <ymin>36</ymin>
                <xmax>102</xmax>
                <ymax>171</ymax>
            </bndbox>
        </object>
    <object>
        <name>3</name>
        <pose>Unspecified</pose>
        <truncated>0</truncated>
        <difficult>0</difficult>
        <bndbox>
                <xmin>108</xmin>
                <ymin>25</ymin>
                <xmax>140</xmax>
                <ymax>170</ymax>
            </bndbox>
        </object>
    <object>
        <name>1</name>
        <pose>Unspecified</pose>
        <truncated>0</truncated>
        <difficult>0</difficult>
        <bndbox>
                <xmin>151</xmin>
                <ymin>26</ymin>
                <xmax>172</xmax>
                <ymax>170</ymax>
            </bndbox>
        </object>
    <object>
        <name>E</name>
        <pose>Unspecified</pose>
        <truncated>0</truncated>
        <difficult>0</difficult>
        <bndbox>
                <xmin>199</xmin>
                <ymin>36</ymin>
                <xmax>228</xmax>
                <ymax>159</ymax>
            </bndbox>
        </object>
    <object>
        <name>H</name>
        <pose>Unspecified</pose>
        <truncated>0</truncated>
        <difficult>0</difficult>
        <bndbox>
                <xmin>238</xmin>
                <ymin>42</ymin>
                <xmax>267</xmax>
                <ymax>160</ymax>
            </bndbox>
        </object>
    <object>
        <name>A</name>
        <pose>Unspecified</pose>
        <truncated>0</truncated>
        <difficult>0</difficult>
        <bndbox>
                <xmin>276</xmin>
                <ymin>35</ymin>
                <xmax>301</xmax>
                <ymax>159</ymax>
            </bndbox>
        </object>
    </annotation>
