<annotation>
    <folder>From-Labelbox-license-characters-593images</folder>
    <filename>ckie6ndv2005i246ahzm6th4l.jpeg</filename>
    <path>/home/riotu/Object Detection/Datasets/Car-detection/License-characters/From-Labelbox-license-characters-593images/ckie6ndv2005i246ahzm6th4l.jpeg</path>
    <source>
        <database>Unknown</database>
    </source>
    <size>
        <width>202</width>
        <height>130</height>
        <depth>3</depth>
    </size>
    <segmented>0</segmented>
    <object>
        <name>8</name>
        <pose>Unspecified</pose>
        <truncated>0</truncated>
        <difficult>0</difficult>
        <bndbox>
                <xmin>22</xmin>
                <ymin>20</ymin>
                <xmax>39</xmax>
                <ymax>104</ymax>
            </bndbox>
        </object>
    <object>
        <name>3</name>
        <pose>Unspecified</pose>
        <truncated>0</truncated>
        <difficult>0</difficult>
        <bndbox>
                <xmin>42</xmin>
                <ymin>23</ymin>
                <xmax>59</xmax>
                <ymax>107</ymax>
            </bndbox>
        </object>
    <object>
        <name>4</name>
        <pose>Unspecified</pose>
        <truncated>0</truncated>
        <difficult>0</difficult>
        <bndbox>
                <xmin>62</xmin>
                <ymin>23</ymin>
                <xmax>79</xmax>
                <ymax>109</ymax>
            </bndbox>
        </object>
    <object>
        <name>0</name>
        <pose>Unspecified</pose>
        <truncated>0</truncated>
        <difficult>0</difficult>
        <bndbox>
                <xmin>83</xmin>
                <ymin>39</ymin>
                <xmax>101</xmax>
                <ymax>110</ymax>
            </bndbox>
        </object>
    <object>
        <name>G</name>
        <pose>Unspecified</pose>
        <truncated>0</truncated>
        <difficult>0</difficult>
        <bndbox>
                <xmin>113</xmin>
                <ymin>34</ymin>
                <xmax>130</xmax>
                <ymax>106</ymax>
            </bndbox>
        </object>
    <object>
        <name>X</name>
        <pose>Unspecified</pose>
        <truncated>0</truncated>
        <difficult>0</difficult>
        <bndbox>
                <xmin>133</xmin>
                <ymin>38</ymin>
                <xmax>149</xmax>
                <ymax>108</ymax>
            </bndbox>
        </object>
    <object>
        <name>D</name>
        <pose>Unspecified</pose>
        <truncated>0</truncated>
        <difficult>0</difficult>
        <bndbox>
                <xmin>154</xmin>
                <ymin>42</ymin>
                <xmax>171</xmax>
                <ymax>110</ymax>
            </bndbox>
        </object>
    </annotation>
