<annotation>
    <folder>From-Labelbox-license-characters-593images</folder>
    <filename>ckie402bq003s246aqfp8fa4n.jpeg</filename>
    <path>/home/riotu/Object Detection/Datasets/Car-detection/License-characters/From-Labelbox-license-characters-593images/ckie402bq003s246aqfp8fa4n.jpeg</path>
    <source>
        <database>Unknown</database>
    </source>
    <size>
        <width>466</width>
        <height>265</height>
        <depth>3</depth>
    </size>
    <segmented>0</segmented>
    <object>
        <name>2</name>
        <pose>Unspecified</pose>
        <truncated>0</truncated>
        <difficult>0</difficult>
        <bndbox>
                <xmin>25</xmin>
                <ymin>46</ymin>
                <xmax>72</xmax>
                <ymax>241</ymax>
            </bndbox>
        </object>
    <object>
        <name>6</name>
        <pose>Unspecified</pose>
        <truncated>0</truncated>
        <difficult>0</difficult>
        <bndbox>
                <xmin>73</xmin>
                <ymin>46</ymin>
                <xmax>122</xmax>
                <ymax>237</ymax>
            </bndbox>
        </object>
    <object>
        <name>1</name>
        <pose>Unspecified</pose>
        <truncated>0</truncated>
        <difficult>0</difficult>
        <bndbox>
                <xmin>131</xmin>
                <ymin>45</ymin>
                <xmax>166</xmax>
                <ymax>236</ymax>
            </bndbox>
        </object>
    <object>
        <name>0</name>
        <pose>Unspecified</pose>
        <truncated>0</truncated>
        <difficult>0</difficult>
        <bndbox>
                <xmin>176</xmin>
                <ymin>74</ymin>
                <xmax>220</xmax>
                <ymax>231</ymax>
            </bndbox>
        </object>
    <object>
        <name>J</name>
        <pose>Unspecified</pose>
        <truncated>0</truncated>
        <difficult>0</difficult>
        <bndbox>
                <xmin>241</xmin>
                <ymin>51</ymin>
                <xmax>284</xmax>
                <ymax>213</ymax>
            </bndbox>
        </object>
    <object>
        <name>U</name>
        <pose>Unspecified</pose>
        <truncated>0</truncated>
        <difficult>0</difficult>
        <bndbox>
                <xmin>294</xmin>
                <ymin>53</ymin>
                <xmax>332</xmax>
                <ymax>212</ymax>
            </bndbox>
        </object>
    <object>
        <name>B</name>
        <pose>Unspecified</pose>
        <truncated>0</truncated>
        <difficult>0</difficult>
        <bndbox>
                <xmin>338</xmin>
                <ymin>60</ymin>
                <xmax>380</xmax>
                <ymax>209</ymax>
            </bndbox>
        </object>
    </annotation>
