<annotation>
    <folder>From-Labelbox-license-characters-593images</folder>
    <filename>ckie3ty4n003o246adl0py653.jpeg</filename>
    <path>/home/riotu/Object Detection/Datasets/Car-detection/License-characters/From-Labelbox-license-characters-593images/ckie3ty4n003o246adl0py653.jpeg</path>
    <source>
        <database>Unknown</database>
    </source>
    <size>
        <width>358</width>
        <height>191</height>
        <depth>3</depth>
    </size>
    <segmented>0</segmented>
    <object>
        <name>2</name>
        <pose>Unspecified</pose>
        <truncated>0</truncated>
        <difficult>0</difficult>
        <bndbox>
                <xmin>18</xmin>
                <ymin>23</ymin>
                <xmax>51</xmax>
                <ymax>174</ymax>
            </bndbox>
        </object>
    <object>
        <name>6</name>
        <pose>Unspecified</pose>
        <truncated>0</truncated>
        <difficult>0</difficult>
        <bndbox>
                <xmin>57</xmin>
                <ymin>24</ymin>
                <xmax>91</xmax>
                <ymax>173</ymax>
            </bndbox>
        </object>
    <object>
        <name>0</name>
        <pose>Unspecified</pose>
        <truncated>0</truncated>
        <difficult>0</difficult>
        <bndbox>
                <xmin>95</xmin>
                <ymin>51</ymin>
                <xmax>128</xmax>
                <ymax>174</ymax>
            </bndbox>
        </object>
    <object>
        <name>9</name>
        <pose>Unspecified</pose>
        <truncated>0</truncated>
        <difficult>0</difficult>
        <bndbox>
                <xmin>133</xmin>
                <ymin>24</ymin>
                <xmax>165</xmax>
                <ymax>173</ymax>
            </bndbox>
        </object>
    <object>
        <name>J</name>
        <pose>Unspecified</pose>
        <truncated>0</truncated>
        <difficult>0</difficult>
        <bndbox>
                <xmin>189</xmin>
                <ymin>35</ymin>
                <xmax>217</xmax>
                <ymax>162</ymax>
            </bndbox>
        </object>
    <object>
        <name>U</name>
        <pose>Unspecified</pose>
        <truncated>0</truncated>
        <difficult>0</difficult>
        <bndbox>
                <xmin>228</xmin>
                <ymin>38</ymin>
                <xmax>254</xmax>
                <ymax>161</ymax>
            </bndbox>
        </object>
    <object>
        <name>B</name>
        <pose>Unspecified</pose>
        <truncated>0</truncated>
        <difficult>0</difficult>
        <bndbox>
                <xmin>264</xmin>
                <ymin>48</ymin>
                <xmax>296</xmax>
                <ymax>162</ymax>
            </bndbox>
        </object>
    </annotation>
