<annotation>
    <folder>From-Labelbox-license-characters-593images</folder>
    <filename>ckie5iepj004p246a3vsgr3xv.jpeg</filename>
    <path>/home/riotu/Object Detection/Datasets/Car-detection/License-characters/From-Labelbox-license-characters-593images/ckie5iepj004p246a3vsgr3xv.jpeg</path>
    <source>
        <database>Unknown</database>
    </source>
    <size>
        <width>221</width>
        <height>110</height>
        <depth>3</depth>
    </size>
    <segmented>0</segmented>
    <object>
        <name>3</name>
        <pose>Unspecified</pose>
        <truncated>0</truncated>
        <difficult>0</difficult>
        <bndbox>
                <xmin>20</xmin>
                <ymin>8</ymin>
                <xmax>39</xmax>
                <ymax>99</ymax>
            </bndbox>
        </object>
    <object>
        <name>0</name>
        <pose>Unspecified</pose>
        <truncated>0</truncated>
        <difficult>0</difficult>
        <bndbox>
                <xmin>44</xmin>
                <ymin>7</ymin>
                <xmax>58</xmax>
                <ymax>101</ymax>
            </bndbox>
        </object>
    <object>
        <name>0</name>
        <pose>Unspecified</pose>
        <truncated>0</truncated>
        <difficult>0</difficult>
        <bndbox>
                <xmin>63</xmin>
                <ymin>26</ymin>
                <xmax>81</xmax>
                <ymax>101</ymax>
            </bndbox>
        </object>
    <object>
        <name>0</name>
        <pose>Unspecified</pose>
        <truncated>0</truncated>
        <difficult>0</difficult>
        <bndbox>
                <xmin>85</xmin>
                <ymin>26</ymin>
                <xmax>104</xmax>
                <ymax>104</ymax>
            </bndbox>
        </object>
    <object>
        <name>N</name>
        <pose>Unspecified</pose>
        <truncated>0</truncated>
        <difficult>0</difficult>
        <bndbox>
                <xmin>120</xmin>
                <ymin>21</ymin>
                <xmax>137</xmax>
                <ymax>101</ymax>
            </bndbox>
        </object>
    <object>
        <name>K</name>
        <pose>Unspecified</pose>
        <truncated>0</truncated>
        <difficult>0</difficult>
        <bndbox>
                <xmin>142</xmin>
                <ymin>23</ymin>
                <xmax>160</xmax>
                <ymax>103</ymax>
            </bndbox>
        </object>
    <object>
        <name>D</name>
        <pose>Unspecified</pose>
        <truncated>0</truncated>
        <difficult>0</difficult>
        <bndbox>
                <xmin>163</xmin>
                <ymin>30</ymin>
                <xmax>182</xmax>
                <ymax>103</ymax>
            </bndbox>
        </object>
    </annotation>
