<annotation>
    <folder>From-Labelbox-license-characters-593images</folder>
    <filename>ckie9zzv2007i246at7evi5h5.jpeg</filename>
    <path>/home/riotu/Object Detection/Datasets/Car-detection/License-characters/From-Labelbox-license-characters-593images/ckie9zzv2007i246at7evi5h5.jpeg</path>
    <source>
        <database>Unknown</database>
    </source>
    <size>
        <width>80</width>
        <height>46</height>
        <depth>3</depth>
    </size>
    <segmented>0</segmented>
    <object>
        <name>6</name>
        <pose>Unspecified</pose>
        <truncated>0</truncated>
        <difficult>0</difficult>
        <bndbox>
                <xmin>9</xmin>
                <ymin>6</ymin>
                <xmax>17</xmax>
                <ymax>44</ymax>
            </bndbox>
        </object>
    <object>
        <name>3</name>
        <pose>Unspecified</pose>
        <truncated>0</truncated>
        <difficult>0</difficult>
        <bndbox>
                <xmin>16</xmin>
                <ymin>6</ymin>
                <xmax>24</xmax>
                <ymax>40</ymax>
            </bndbox>
        </object>
    <object>
        <name>8</name>
        <pose>Unspecified</pose>
        <truncated>0</truncated>
        <difficult>0</difficult>
        <bndbox>
                <xmin>26</xmin>
                <ymin>6</ymin>
                <xmax>33</xmax>
                <ymax>40</ymax>
            </bndbox>
        </object>
    <object>
        <name>9</name>
        <pose>Unspecified</pose>
        <truncated>0</truncated>
        <difficult>0</difficult>
        <bndbox>
                <xmin>34</xmin>
                <ymin>7</ymin>
                <xmax>42</xmax>
                <ymax>42</ymax>
            </bndbox>
        </object>
    <object>
        <name>B</name>
        <pose>Unspecified</pose>
        <truncated>0</truncated>
        <difficult>0</difficult>
        <bndbox>
                <xmin>43</xmin>
                <ymin>10</ymin>
                <xmax>52</xmax>
                <ymax>42</ymax>
            </bndbox>
        </object>
    <object>
        <name>V</name>
        <pose>Unspecified</pose>
        <truncated>0</truncated>
        <difficult>0</difficult>
        <bndbox>
                <xmin>51</xmin>
                <ymin>9</ymin>
                <xmax>60</xmax>
                <ymax>44</ymax>
            </bndbox>
        </object>
    <object>
        <name>J</name>
        <pose>Unspecified</pose>
        <truncated>0</truncated>
        <difficult>0</difficult>
        <bndbox>
                <xmin>60</xmin>
                <ymin>8</ymin>
                <xmax>70</xmax>
                <ymax>38</ymax>
            </bndbox>
        </object>
    </annotation>
