<annotation>
    <folder>From-Labelbox-license-characters-593images</folder>
    <filename>ckie50ylu004d246aigidxbub.jpeg</filename>
    <path>/home/riotu/Object Detection/Datasets/Car-detection/License-characters/From-Labelbox-license-characters-593images/ckie50ylu004d246aigidxbub.jpeg</path>
    <source>
        <database>Unknown</database>
    </source>
    <size>
        <width>389</width>
        <height>205</height>
        <depth>3</depth>
    </size>
    <segmented>0</segmented>
    <object>
        <name>2</name>
        <pose>Unspecified</pose>
        <truncated>0</truncated>
        <difficult>0</difficult>
        <bndbox>
                <xmin>21</xmin>
                <ymin>27</ymin>
                <xmax>54</xmax>
                <ymax>187</ymax>
            </bndbox>
        </object>
    <object>
        <name>5</name>
        <pose>Unspecified</pose>
        <truncated>0</truncated>
        <difficult>0</difficult>
        <bndbox>
                <xmin>62</xmin>
                <ymin>39</ymin>
                <xmax>97</xmax>
                <ymax>186</ymax>
            </bndbox>
        </object>
    <object>
        <name>8</name>
        <pose>Unspecified</pose>
        <truncated>0</truncated>
        <difficult>0</difficult>
        <bndbox>
                <xmin>104</xmin>
                <ymin>26</ymin>
                <xmax>137</xmax>
                <ymax>185</ymax>
            </bndbox>
        </object>
    <object>
        <name>3</name>
        <pose>Unspecified</pose>
        <truncated>0</truncated>
        <difficult>0</difficult>
        <bndbox>
                <xmin>145</xmin>
                <ymin>26</ymin>
                <xmax>178</xmax>
                <ymax>186</ymax>
            </bndbox>
        </object>
    <object>
        <name>N</name>
        <pose>Unspecified</pose>
        <truncated>0</truncated>
        <difficult>0</difficult>
        <bndbox>
                <xmin>201</xmin>
                <ymin>38</ymin>
                <xmax>231</xmax>
                <ymax>173</ymax>
            </bndbox>
        </object>
    <object>
        <name>L</name>
        <pose>Unspecified</pose>
        <truncated>0</truncated>
        <difficult>0</difficult>
        <bndbox>
                <xmin>243</xmin>
                <ymin>38</ymin>
                <xmax>271</xmax>
                <ymax>174</ymax>
            </bndbox>
        </object>
    <object>
        <name>B</name>
        <pose>Unspecified</pose>
        <truncated>0</truncated>
        <difficult>0</difficult>
        <bndbox>
                <xmin>281</xmin>
                <ymin>52</ymin>
                <xmax>313</xmax>
                <ymax>172</ymax>
            </bndbox>
        </object>
    </annotation>
