<annotation>
    <folder>From-Labelbox-license-characters-593images</folder>
    <filename>ckie9qk43007e246alurws1n7.jpeg</filename>
    <path>/home/riotu/Object Detection/Datasets/Car-detection/License-characters/From-Labelbox-license-characters-593images/ckie9qk43007e246alurws1n7.jpeg</path>
    <source>
        <database>Unknown</database>
    </source>
    <size>
        <width>777</width>
        <height>341</height>
        <depth>3</depth>
    </size>
    <segmented>0</segmented>
    <object>
        <name>9</name>
        <pose>Unspecified</pose>
        <truncated>0</truncated>
        <difficult>0</difficult>
        <bndbox>
                <xmin>54</xmin>
                <ymin>47</ymin>
                <xmax>137</xmax>
                <ymax>300</ymax>
            </bndbox>
        </object>
    <object>
        <name>8</name>
        <pose>Unspecified</pose>
        <truncated>0</truncated>
        <difficult>0</difficult>
        <bndbox>
                <xmin>133</xmin>
                <ymin>45</ymin>
                <xmax>205</xmax>
                <ymax>297</ymax>
            </bndbox>
        </object>
    <object>
        <name>8</name>
        <pose>Unspecified</pose>
        <truncated>0</truncated>
        <difficult>0</difficult>
        <bndbox>
                <xmin>213</xmin>
                <ymin>42</ymin>
                <xmax>297</xmax>
                <ymax>293</ymax>
            </bndbox>
        </object>
    <object>
        <name>0</name>
        <pose>Unspecified</pose>
        <truncated>0</truncated>
        <difficult>0</difficult>
        <bndbox>
                <xmin>295</xmin>
                <ymin>78</ymin>
                <xmax>367</xmax>
                <ymax>294</ymax>
            </bndbox>
        </object>
    <object>
        <name>N</name>
        <pose>Unspecified</pose>
        <truncated>0</truncated>
        <difficult>0</difficult>
        <bndbox>
                <xmin>418</xmin>
                <ymin>55</ymin>
                <xmax>495</xmax>
                <ymax>285</ymax>
            </bndbox>
        </object>
    <object>
        <name>S</name>
        <pose>Unspecified</pose>
        <truncated>0</truncated>
        <difficult>0</difficult>
        <bndbox>
                <xmin>497</xmin>
                <ymin>70</ymin>
                <xmax>574</xmax>
                <ymax>282</ymax>
            </bndbox>
        </object>
    <object>
        <name>J</name>
        <pose>Unspecified</pose>
        <truncated>0</truncated>
        <difficult>0</difficult>
        <bndbox>
                <xmin>577</xmin>
                <ymin>52</ymin>
                <xmax>654</xmax>
                <ymax>281</ymax>
            </bndbox>
        </object>
    </annotation>
