<annotation>
    <folder>From-Labelbox-license-characters-593images</folder>
    <filename>ckie6gk7t005d246avyyknpky.jpeg</filename>
    <path>/home/riotu/Object Detection/Datasets/Car-detection/License-characters/From-Labelbox-license-characters-593images/ckie6gk7t005d246avyyknpky.jpeg</path>
    <source>
        <database>Unknown</database>
    </source>
    <size>
        <width>369</width>
        <height>197</height>
        <depth>3</depth>
    </size>
    <segmented>0</segmented>
    <object>
        <name>7</name>
        <pose>Unspecified</pose>
        <truncated>0</truncated>
        <difficult>0</difficult>
        <bndbox>
                <xmin>30</xmin>
                <ymin>41</ymin>
                <xmax>67</xmax>
                <ymax>179</ymax>
            </bndbox>
        </object>
    <object>
        <name>3</name>
        <pose>Unspecified</pose>
        <truncated>0</truncated>
        <difficult>0</difficult>
        <bndbox>
                <xmin>69</xmin>
                <ymin>36</ymin>
                <xmax>109</xmax>
                <ymax>176</ymax>
            </bndbox>
        </object>
    <object>
        <name>7</name>
        <pose>Unspecified</pose>
        <truncated>0</truncated>
        <difficult>0</difficult>
        <bndbox>
                <xmin>111</xmin>
                <ymin>36</ymin>
                <xmax>145</xmax>
                <ymax>172</ymax>
            </bndbox>
        </object>
    <object>
        <name>5</name>
        <pose>Unspecified</pose>
        <truncated>0</truncated>
        <difficult>0</difficult>
        <bndbox>
                <xmin>150</xmin>
                <ymin>44</ymin>
                <xmax>185</xmax>
                <ymax>170</ymax>
            </bndbox>
        </object>
    <object>
        <name>T</name>
        <pose>Unspecified</pose>
        <truncated>0</truncated>
        <difficult>0</difficult>
        <bndbox>
                <xmin>204</xmin>
                <ymin>40</ymin>
                <xmax>234</xmax>
                <ymax>158</ymax>
            </bndbox>
        </object>
    <object>
        <name>R</name>
        <pose>Unspecified</pose>
        <truncated>0</truncated>
        <difficult>0</difficult>
        <bndbox>
                <xmin>242</xmin>
                <ymin>46</ymin>
                <xmax>273</xmax>
                <ymax>156</ymax>
            </bndbox>
        </object>
    <object>
        <name>J</name>
        <pose>Unspecified</pose>
        <truncated>0</truncated>
        <difficult>0</difficult>
        <bndbox>
                <xmin>281</xmin>
                <ymin>34</ymin>
                <xmax>311</xmax>
                <ymax>152</ymax>
            </bndbox>
        </object>
    </annotation>
