<annotation>
    <folder>From-Labelbox-license-characters-593images</folder>
    <filename>ckiea2oi4007k246aioc0rrt4.jpeg</filename>
    <path>/home/riotu/Object Detection/Datasets/Car-detection/License-characters/From-Labelbox-license-characters-593images/ckiea2oi4007k246aioc0rrt4.jpeg</path>
    <source>
        <database>Unknown</database>
    </source>
    <size>
        <width>1264</width>
        <height>555</height>
        <depth>3</depth>
    </size>
    <segmented>0</segmented>
    <object>
        <name>7</name>
        <pose>Unspecified</pose>
        <truncated>0</truncated>
        <difficult>0</difficult>
        <bndbox>
                <xmin>122</xmin>
                <ymin>302</ymin>
                <xmax>195</xmax>
                <ymax>498</ymax>
            </bndbox>
        </object>
    <object>
        <name>2</name>
        <pose>Unspecified</pose>
        <truncated>0</truncated>
        <difficult>0</difficult>
        <bndbox>
                <xmin>241</xmin>
                <ymin>280</ymin>
                <xmax>308</xmax>
                <ymax>473</ymax>
            </bndbox>
        </object>
    <object>
        <name>7</name>
        <pose>Unspecified</pose>
        <truncated>0</truncated>
        <difficult>0</difficult>
        <bndbox>
                <xmin>362</xmin>
                <ymin>255</ymin>
                <xmax>425</xmax>
                <ymax>450</ymax>
            </bndbox>
        </object>
    <object>
        <name>9</name>
        <pose>Unspecified</pose>
        <truncated>0</truncated>
        <difficult>0</difficult>
        <bndbox>
                <xmin>465</xmin>
                <ymin>230</ymin>
                <xmax>529</xmax>
                <ymax>425</ymax>
            </bndbox>
        </object>
    <object>
        <name>A</name>
        <pose>Unspecified</pose>
        <truncated>0</truncated>
        <difficult>0</difficult>
        <bndbox>
                <xmin>865</xmin>
                <ymin>132</ymin>
                <xmax>934</xmax>
                <ymax>319</ymax>
            </bndbox>
        </object>
    <object>
        <name>A</name>
        <pose>Unspecified</pose>
        <truncated>0</truncated>
        <difficult>0</difficult>
        <bndbox>
                <xmin>969</xmin>
                <ymin>102</ymin>
                <xmax>1033</xmax>
                <ymax>288</ymax>
            </bndbox>
        </object>
    <object>
        <name>A</name>
        <pose>Unspecified</pose>
        <truncated>0</truncated>
        <difficult>0</difficult>
        <bndbox>
                <xmin>1063</xmin>
                <ymin>65</ymin>
                <xmax>1137</xmax>
                <ymax>258</ymax>
            </bndbox>
        </object>
    </annotation>
