<annotation>
    <folder>From-Labelbox-license-characters-593images</folder>
    <filename>ckie88lrb006i246a0iycvw7m.jpeg</filename>
    <path>/home/riotu/Object Detection/Datasets/Car-detection/License-characters/From-Labelbox-license-characters-593images/ckie88lrb006i246a0iycvw7m.jpeg</path>
    <source>
        <database>Unknown</database>
    </source>
    <size>
        <width>764</width>
        <height>342</height>
        <depth>3</depth>
    </size>
    <segmented>0</segmented>
    <object>
        <name>2</name>
        <pose>Unspecified</pose>
        <truncated>0</truncated>
        <difficult>0</difficult>
        <bndbox>
                <xmin>39</xmin>
                <ymin>51</ymin>
                <xmax>119</xmax>
                <ymax>305</ymax>
            </bndbox>
        </object>
    <object>
        <name>2</name>
        <pose>Unspecified</pose>
        <truncated>0</truncated>
        <difficult>0</difficult>
        <bndbox>
                <xmin>122</xmin>
                <ymin>47</ymin>
                <xmax>198</xmax>
                <ymax>308</ymax>
            </bndbox>
        </object>
    <object>
        <name>6</name>
        <pose>Unspecified</pose>
        <truncated>0</truncated>
        <difficult>0</difficult>
        <bndbox>
                <xmin>198</xmin>
                <ymin>47</ymin>
                <xmax>268</xmax>
                <ymax>305</ymax>
            </bndbox>
        </object>
    <object>
        <name>4</name>
        <pose>Unspecified</pose>
        <truncated>0</truncated>
        <difficult>0</difficult>
        <bndbox>
                <xmin>274</xmin>
                <ymin>49</ymin>
                <xmax>355</xmax>
                <ymax>303</ymax>
            </bndbox>
        </object>
    <object>
        <name>J</name>
        <pose>Unspecified</pose>
        <truncated>0</truncated>
        <difficult>0</difficult>
        <bndbox>
                <xmin>388</xmin>
                <ymin>68</ymin>
                <xmax>463</xmax>
                <ymax>283</ymax>
            </bndbox>
        </object>
    <object>
        <name>K</name>
        <pose>Unspecified</pose>
        <truncated>0</truncated>
        <difficult>0</difficult>
        <bndbox>
                <xmin>469</xmin>
                <ymin>67</ymin>
                <xmax>547</xmax>
                <ymax>282</ymax>
            </bndbox>
        </object>
    <object>
        <name>B</name>
        <pose>Unspecified</pose>
        <truncated>0</truncated>
        <difficult>0</difficult>
        <bndbox>
                <xmin>544</xmin>
                <ymin>87</ymin>
                <xmax>623</xmax>
                <ymax>282</ymax>
            </bndbox>
        </object>
    </annotation>
