<annotation>
    <folder>From-Labelbox-license-characters-593images</folder>
    <filename>ckie75r6y005r246audjz64vi.jpeg</filename>
    <path>/home/riotu/Object Detection/Datasets/Car-detection/License-characters/From-Labelbox-license-characters-593images/ckie75r6y005r246audjz64vi.jpeg</path>
    <source>
        <database>Unknown</database>
    </source>
    <size>
        <width>302</width>
        <height>146</height>
        <depth>3</depth>
    </size>
    <segmented>0</segmented>
    <object>
        <name>5</name>
        <pose>Unspecified</pose>
        <truncated>0</truncated>
        <difficult>0</difficult>
        <bndbox>
                <xmin>17</xmin>
                <ymin>20</ymin>
                <xmax>44</xmax>
                <ymax>132</ymax>
            </bndbox>
        </object>
    <object>
        <name>0</name>
        <pose>Unspecified</pose>
        <truncated>0</truncated>
        <difficult>0</difficult>
        <bndbox>
                <xmin>49</xmin>
                <ymin>32</ymin>
                <xmax>75</xmax>
                <ymax>135</ymax>
            </bndbox>
        </object>
    <object>
        <name>0</name>
        <pose>Unspecified</pose>
        <truncated>0</truncated>
        <difficult>0</difficult>
        <bndbox>
                <xmin>80</xmin>
                <ymin>33</ymin>
                <xmax>105</xmax>
                <ymax>135</ymax>
            </bndbox>
        </object>
    <object>
        <name>2</name>
        <pose>Unspecified</pose>
        <truncated>0</truncated>
        <difficult>0</difficult>
        <bndbox>
                <xmin>110</xmin>
                <ymin>14</ymin>
                <xmax>139</xmax>
                <ymax>137</ymax>
            </bndbox>
        </object>
    <object>
        <name>L</name>
        <pose>Unspecified</pose>
        <truncated>0</truncated>
        <difficult>0</difficult>
        <bndbox>
                <xmin>155</xmin>
                <ymin>24</ymin>
                <xmax>181</xmax>
                <ymax>129</ymax>
            </bndbox>
        </object>
    <object>
        <name>N</name>
        <pose>Unspecified</pose>
        <truncated>0</truncated>
        <difficult>0</difficult>
        <bndbox>
                <xmin>187</xmin>
                <ymin>24</ymin>
                <xmax>213</xmax>
                <ymax>131</ymax>
            </bndbox>
        </object>
    <object>
        <name>A</name>
        <pose>Unspecified</pose>
        <truncated>0</truncated>
        <difficult>0</difficult>
        <bndbox>
                <xmin>217</xmin>
                <ymin>25</ymin>
                <xmax>238</xmax>
                <ymax>131</ymax>
            </bndbox>
        </object>
    </annotation>
