<annotation>
    <folder>From-Labelbox-license-characters-593images</folder>
    <filename>ckie7w25o006b246aoh4rupar.jpeg</filename>
    <path>/home/riotu/Object Detection/Datasets/Car-detection/License-characters/From-Labelbox-license-characters-593images/ckie7w25o006b246aoh4rupar.jpeg</path>
    <source>
        <database>Unknown</database>
    </source>
    <size>
        <width>278</width>
        <height>153</height>
        <depth>3</depth>
    </size>
    <segmented>0</segmented>
    <object>
        <name>3</name>
        <pose>Unspecified</pose>
        <truncated>0</truncated>
        <difficult>0</difficult>
        <bndbox>
                <xmin>24</xmin>
                <ymin>22</ymin>
                <xmax>46</xmax>
                <ymax>132</ymax>
            </bndbox>
        </object>
    <object>
        <name>7</name>
        <pose>Unspecified</pose>
        <truncated>0</truncated>
        <difficult>0</difficult>
        <bndbox>
                <xmin>49</xmin>
                <ymin>21</ymin>
                <xmax>76</xmax>
                <ymax>136</ymax>
            </bndbox>
        </object>
    <object>
        <name>5</name>
        <pose>Unspecified</pose>
        <truncated>0</truncated>
        <difficult>0</difficult>
        <bndbox>
                <xmin>81</xmin>
                <ymin>31</ymin>
                <xmax>105</xmax>
                <ymax>135</ymax>
            </bndbox>
        </object>
    <object>
        <name>7</name>
        <pose>Unspecified</pose>
        <truncated>0</truncated>
        <difficult>0</difficult>
        <bndbox>
                <xmin>109</xmin>
                <ymin>22</ymin>
                <xmax>135</xmax>
                <ymax>135</ymax>
            </bndbox>
        </object>
    <object>
        <name>J</name>
        <pose>Unspecified</pose>
        <truncated>0</truncated>
        <difficult>0</difficult>
        <bndbox>
                <xmin>154</xmin>
                <ymin>30</ymin>
                <xmax>178</xmax>
                <ymax>128</ymax>
            </bndbox>
        </object>
    <object>
        <name>E</name>
        <pose>Unspecified</pose>
        <truncated>0</truncated>
        <difficult>0</difficult>
        <bndbox>
                <xmin>183</xmin>
                <ymin>31</ymin>
                <xmax>207</xmax>
                <ymax>130</ymax>
            </bndbox>
        </object>
    <object>
        <name>D</name>
        <pose>Unspecified</pose>
        <truncated>0</truncated>
        <difficult>0</difficult>
        <bndbox>
                <xmin>214</xmin>
                <ymin>38</ymin>
                <xmax>237</xmax>
                <ymax>128</ymax>
            </bndbox>
        </object>
    </annotation>
