<annotation>
    <folder>From-Labelbox-license-characters-593images</folder>
    <filename>ckie4iepb0041246ahktdt85q.jpeg</filename>
    <path>/home/riotu/Object Detection/Datasets/Car-detection/License-characters/From-Labelbox-license-characters-593images/ckie4iepb0041246ahktdt85q.jpeg</path>
    <source>
        <database>Unknown</database>
    </source>
    <size>
        <width>362</width>
        <height>178</height>
        <depth>3</depth>
    </size>
    <segmented>0</segmented>
    <object>
        <name>9</name>
        <pose>Unspecified</pose>
        <truncated>0</truncated>
        <difficult>0</difficult>
        <bndbox>
                <xmin>31</xmin>
                <ymin>13</ymin>
                <xmax>61</xmax>
                <ymax>154</ymax>
            </bndbox>
        </object>
    <object>
        <name>8</name>
        <pose>Unspecified</pose>
        <truncated>0</truncated>
        <difficult>0</difficult>
        <bndbox>
                <xmin>68</xmin>
                <ymin>14</ymin>
                <xmax>96</xmax>
                <ymax>154</ymax>
            </bndbox>
        </object>
    <object>
        <name>8</name>
        <pose>Unspecified</pose>
        <truncated>0</truncated>
        <difficult>0</difficult>
        <bndbox>
                <xmin>105</xmin>
                <ymin>15</ymin>
                <xmax>135</xmax>
                <ymax>156</ymax>
            </bndbox>
        </object>
    <object>
        <name>0</name>
        <pose>Unspecified</pose>
        <truncated>0</truncated>
        <difficult>0</difficult>
        <bndbox>
                <xmin>142</xmin>
                <ymin>41</ymin>
                <xmax>173</xmax>
                <ymax>157</ymax>
            </bndbox>
        </object>
    <object>
        <name>N</name>
        <pose>Unspecified</pose>
        <truncated>0</truncated>
        <difficult>0</difficult>
        <bndbox>
                <xmin>200</xmin>
                <ymin>30</ymin>
                <xmax>230</xmax>
                <ymax>152</ymax>
            </bndbox>
        </object>
    <object>
        <name>S</name>
        <pose>Unspecified</pose>
        <truncated>0</truncated>
        <difficult>0</difficult>
        <bndbox>
                <xmin>237</xmin>
                <ymin>41</ymin>
                <xmax>263</xmax>
                <ymax>150</ymax>
            </bndbox>
        </object>
    <object>
        <name>J</name>
        <pose>Unspecified</pose>
        <truncated>0</truncated>
        <difficult>0</difficult>
        <bndbox>
                <xmin>274</xmin>
                <ymin>31</ymin>
                <xmax>303</xmax>
                <ymax>152</ymax>
            </bndbox>
        </object>
    </annotation>
