<annotation>
    <folder>From-Labelbox-license-characters-593images</folder>
    <filename>ckie7tiyq0069246awtc36x4q.jpeg</filename>
    <path>/home/riotu/Object Detection/Datasets/Car-detection/License-characters/From-Labelbox-license-characters-593images/ckie7tiyq0069246awtc36x4q.jpeg</path>
    <source>
        <database>Unknown</database>
    </source>
    <size>
        <width>498</width>
        <height>121</height>
        <depth>3</depth>
    </size>
    <segmented>0</segmented>
    <object>
        <name>1</name>
        <pose>Unspecified</pose>
        <truncated>0</truncated>
        <difficult>0</difficult>
        <bndbox>
                <xmin>40</xmin>
                <ymin>11</ymin>
                <xmax>61</xmax>
                <ymax>100</ymax>
            </bndbox>
        </object>
    <object>
        <name>1</name>
        <pose>Unspecified</pose>
        <truncated>0</truncated>
        <difficult>0</difficult>
        <bndbox>
                <xmin>80</xmin>
                <ymin>12</ymin>
                <xmax>104</xmax>
                <ymax>101</ymax>
            </bndbox>
        </object>
    <object>
        <name>4</name>
        <pose>Unspecified</pose>
        <truncated>0</truncated>
        <difficult>0</difficult>
        <bndbox>
                <xmin>127</xmin>
                <ymin>11</ymin>
                <xmax>148</xmax>
                <ymax>102</ymax>
            </bndbox>
        </object>
    <object>
        <name>3</name>
        <pose>Unspecified</pose>
        <truncated>0</truncated>
        <difficult>0</difficult>
        <bndbox>
                <xmin>167</xmin>
                <ymin>11</ymin>
                <xmax>190</xmax>
                <ymax>101</ymax>
            </bndbox>
        </object>
    <object>
        <name>A</name>
        <pose>Unspecified</pose>
        <truncated>0</truncated>
        <difficult>0</difficult>
        <bndbox>
                <xmin>335</xmin>
                <ymin>14</ymin>
                <xmax>357</xmax>
                <ymax>103</ymax>
            </bndbox>
        </object>
    <object>
        <name>A</name>
        <pose>Unspecified</pose>
        <truncated>0</truncated>
        <difficult>0</difficult>
        <bndbox>
                <xmin>376</xmin>
                <ymin>16</ymin>
                <xmax>403</xmax>
                <ymax>104</ymax>
            </bndbox>
        </object>
    <object>
        <name>A</name>
        <pose>Unspecified</pose>
        <truncated>0</truncated>
        <difficult>0</difficult>
        <bndbox>
                <xmin>418</xmin>
                <ymin>14</ymin>
                <xmax>446</xmax>
                <ymax>102</ymax>
            </bndbox>
        </object>
    </annotation>
