<annotation>
    <folder>From-Labelbox-license-characters-593images</folder>
    <filename>ckie9dfxq0076246arsmr3qby.jpeg</filename>
    <path>/home/riotu/Object Detection/Datasets/Car-detection/License-characters/From-Labelbox-license-characters-593images/ckie9dfxq0076246arsmr3qby.jpeg</path>
    <source>
        <database>Unknown</database>
    </source>
    <size>
        <width>105</width>
        <height>88</height>
        <depth>3</depth>
    </size>
    <segmented>0</segmented>
    <object>
        <name>5</name>
        <pose>Unspecified</pose>
        <truncated>0</truncated>
        <difficult>0</difficult>
        <bndbox>
                <xmin>31</xmin>
                <ymin>19</ymin>
                <xmax>43</xmax>
                <ymax>81</ymax>
            </bndbox>
        </object>
    <object>
        <name>9</name>
        <pose>Unspecified</pose>
        <truncated>0</truncated>
        <difficult>0</difficult>
        <bndbox>
                <xmin>42</xmin>
                <ymin>16</ymin>
                <xmax>56</xmax>
                <ymax>76</ymax>
            </bndbox>
        </object>
    </annotation>
