<annotation>
    <folder>From-Labelbox-license-characters-593images</folder>
    <filename>ckie6ifcb005e246azkkn4qeh.jpeg</filename>
    <path>/home/riotu/Object Detection/Datasets/Car-detection/License-characters/From-Labelbox-license-characters-593images/ckie6ifcb005e246azkkn4qeh.jpeg</path>
    <source>
        <database>Unknown</database>
    </source>
    <size>
        <width>296</width>
        <height>79</height>
        <depth>3</depth>
    </size>
    <segmented>0</segmented>
    <object>
        <name>9</name>
        <pose>Unspecified</pose>
        <truncated>0</truncated>
        <difficult>0</difficult>
        <bndbox>
                <xmin>26</xmin>
                <ymin>14</ymin>
                <xmax>40</xmax>
                <ymax>65</ymax>
            </bndbox>
        </object>
    <object>
        <name>4</name>
        <pose>Unspecified</pose>
        <truncated>0</truncated>
        <difficult>0</difficult>
        <bndbox>
                <xmin>49</xmin>
                <ymin>14</ymin>
                <xmax>64</xmax>
                <ymax>67</ymax>
            </bndbox>
        </object>
    <object>
        <name>5</name>
        <pose>Unspecified</pose>
        <truncated>0</truncated>
        <difficult>0</difficult>
        <bndbox>
                <xmin>75</xmin>
                <ymin>20</ymin>
                <xmax>89</xmax>
                <ymax>67</ymax>
            </bndbox>
        </object>
    <object>
        <name>4</name>
        <pose>Unspecified</pose>
        <truncated>0</truncated>
        <difficult>0</difficult>
        <bndbox>
                <xmin>99</xmin>
                <ymin>17</ymin>
                <xmax>115</xmax>
                <ymax>68</ymax>
            </bndbox>
        </object>
    <object>
        <name>B</name>
        <pose>Unspecified</pose>
        <truncated>0</truncated>
        <difficult>0</difficult>
        <bndbox>
                <xmin>192</xmin>
                <ymin>26</ymin>
                <xmax>208</xmax>
                <ymax>72</ymax>
            </bndbox>
        </object>
    <object>
        <name>K</name>
        <pose>Unspecified</pose>
        <truncated>0</truncated>
        <difficult>0</difficult>
        <bndbox>
                <xmin>219</xmin>
                <ymin>21</ymin>
                <xmax>234</xmax>
                <ymax>73</ymax>
            </bndbox>
        </object>
    <object>
        <name>J</name>
        <pose>Unspecified</pose>
        <truncated>0</truncated>
        <difficult>0</difficult>
        <bndbox>
                <xmin>242</xmin>
                <ymin>20</ymin>
                <xmax>266</xmax>
                <ymax>73</ymax>
            </bndbox>
        </object>
    </annotation>
