<annotation>
    <folder>From-Labelbox-license-characters-593images</folder>
    <filename>ckie56c5s004h246ad8sp7p7j.jpeg</filename>
    <path>/home/riotu/Object Detection/Datasets/Car-detection/License-characters/From-Labelbox-license-characters-593images/ckie56c5s004h246ad8sp7p7j.jpeg</path>
    <source>
        <database>Unknown</database>
    </source>
    <size>
        <width>502</width>
        <height>255</height>
        <depth>3</depth>
    </size>
    <segmented>0</segmented>
    <object>
        <name>5</name>
        <pose>Unspecified</pose>
        <truncated>0</truncated>
        <difficult>0</difficult>
        <bndbox>
                <xmin>40</xmin>
                <ymin>67</ymin>
                <xmax>86</xmax>
                <ymax>229</ymax>
            </bndbox>
        </object>
    <object>
        <name>9</name>
        <pose>Unspecified</pose>
        <truncated>0</truncated>
        <difficult>0</difficult>
        <bndbox>
                <xmin>90</xmin>
                <ymin>49</ymin>
                <xmax>138</xmax>
                <ymax>225</ymax>
            </bndbox>
        </object>
    <object>
        <name>2</name>
        <pose>Unspecified</pose>
        <truncated>0</truncated>
        <difficult>0</difficult>
        <bndbox>
                <xmin>142</xmin>
                <ymin>47</ymin>
                <xmax>190</xmax>
                <ymax>221</ymax>
            </bndbox>
        </object>
    <object>
        <name>0</name>
        <pose>Unspecified</pose>
        <truncated>0</truncated>
        <difficult>0</difficult>
        <bndbox>
                <xmin>195</xmin>
                <ymin>71</ymin>
                <xmax>241</xmax>
                <ymax>215</ymax>
            </bndbox>
        </object>
    <object>
        <name>S</name>
        <pose>Unspecified</pose>
        <truncated>0</truncated>
        <difficult>0</difficult>
        <bndbox>
                <xmin>279</xmin>
                <ymin>64</ymin>
                <xmax>319</xmax>
                <ymax>197</ymax>
            </bndbox>
        </object>
    <object>
        <name>A</name>
        <pose>Unspecified</pose>
        <truncated>0</truncated>
        <difficult>0</difficult>
        <bndbox>
                <xmin>332</xmin>
                <ymin>46</ymin>
                <xmax>369</xmax>
                <ymax>199</ymax>
            </bndbox>
        </object>
    <object>
        <name>J</name>
        <pose>Unspecified</pose>
        <truncated>0</truncated>
        <difficult>0</difficult>
        <bndbox>
                <xmin>384</xmin>
                <ymin>44</ymin>
                <xmax>423</xmax>
                <ymax>199</ymax>
            </bndbox>
        </object>
    </annotation>
