<annotation>
    <folder>From-Labelbox-license-characters-593images</folder>
    <filename>ckie5qbf8004u246a5c6xmce7.jpeg</filename>
    <path>/home/riotu/Object Detection/Datasets/Car-detection/License-characters/From-Labelbox-license-characters-593images/ckie5qbf8004u246a5c6xmce7.jpeg</path>
    <source>
        <database>Unknown</database>
    </source>
    <size>
        <width>294</width>
        <height>80</height>
        <depth>3</depth>
    </size>
    <segmented>0</segmented>
    <object>
        <name>5</name>
        <pose>Unspecified</pose>
        <truncated>0</truncated>
        <difficult>0</difficult>
        <bndbox>
                <xmin>30</xmin>
                <ymin>11</ymin>
                <xmax>42</xmax>
                <ymax>60</ymax>
            </bndbox>
        </object>
    <object>
        <name>5</name>
        <pose>Unspecified</pose>
        <truncated>0</truncated>
        <difficult>0</difficult>
        <bndbox>
                <xmin>55</xmin>
                <ymin>13</ymin>
                <xmax>68</xmax>
                <ymax>61</ymax>
            </bndbox>
        </object>
    <object>
        <name>4</name>
        <pose>Unspecified</pose>
        <truncated>0</truncated>
        <difficult>0</difficult>
        <bndbox>
                <xmin>79</xmin>
                <ymin>11</ymin>
                <xmax>90</xmax>
                <ymax>63</ymax>
            </bndbox>
        </object>
    <object>
        <name>2</name>
        <pose>Unspecified</pose>
        <truncated>0</truncated>
        <difficult>0</difficult>
        <bndbox>
                <xmin>101</xmin>
                <ymin>12</ymin>
                <xmax>115</xmax>
                <ymax>66</ymax>
            </bndbox>
        </object>
    <object>
        <name>B</name>
        <pose>Unspecified</pose>
        <truncated>0</truncated>
        <difficult>0</difficult>
        <bndbox>
                <xmin>195</xmin>
                <ymin>23</ymin>
                <xmax>209</xmax>
                <ymax>69</ymax>
            </bndbox>
        </object>
    <object>
        <name>V</name>
        <pose>Unspecified</pose>
        <truncated>0</truncated>
        <difficult>0</difficult>
        <bndbox>
                <xmin>220</xmin>
                <ymin>18</ymin>
                <xmax>236</xmax>
                <ymax>73</ymax>
            </bndbox>
        </object>
    <object>
        <name>J</name>
        <pose>Unspecified</pose>
        <truncated>0</truncated>
        <difficult>0</difficult>
        <bndbox>
                <xmin>244</xmin>
                <ymin>18</ymin>
                <xmax>263</xmax>
                <ymax>72</ymax>
            </bndbox>
        </object>
    </annotation>
