<annotation>
    <folder>From-Labelbox-license-characters-593images</folder>
    <filename>ckie8bzqw006j246a867csyyq.jpeg</filename>
    <path>/home/riotu/Object Detection/Datasets/Car-detection/License-characters/From-Labelbox-license-characters-593images/ckie8bzqw006j246a867csyyq.jpeg</path>
    <source>
        <database>Unknown</database>
    </source>
    <size>
        <width>974</width>
        <height>425</height>
        <depth>3</depth>
    </size>
    <segmented>0</segmented>
    <object>
        <name>5</name>
        <pose>Unspecified</pose>
        <truncated>0</truncated>
        <difficult>0</difficult>
        <bndbox>
                <xmin>81</xmin>
                <ymin>194</ymin>
                <xmax>136</xmax>
                <ymax>358</ymax>
            </bndbox>
        </object>
    <object>
        <name>5</name>
        <pose>Unspecified</pose>
        <truncated>0</truncated>
        <difficult>0</difficult>
        <bndbox>
                <xmin>164</xmin>
                <ymin>182</ymin>
                <xmax>217</xmax>
                <ymax>337</ymax>
            </bndbox>
        </object>
    <object>
        <name>4</name>
        <pose>Unspecified</pose>
        <truncated>0</truncated>
        <difficult>0</difficult>
        <bndbox>
                <xmin>262</xmin>
                <ymin>156</ymin>
                <xmax>313</xmax>
                <ymax>329</ymax>
            </bndbox>
        </object>
    <object>
        <name>2</name>
        <pose>Unspecified</pose>
        <truncated>0</truncated>
        <difficult>0</difficult>
        <bndbox>
                <xmin>353</xmin>
                <ymin>139</ymin>
                <xmax>394</xmax>
                <ymax>321</ymax>
            </bndbox>
        </object>
    <object>
        <name>B</name>
        <pose>Unspecified</pose>
        <truncated>0</truncated>
        <difficult>0</difficult>
        <bndbox>
                <xmin>660</xmin>
                <ymin>102</ymin>
                <xmax>716</xmax>
                <ymax>254</ymax>
            </bndbox>
        </object>
    <object>
        <name>V</name>
        <pose>Unspecified</pose>
        <truncated>0</truncated>
        <difficult>0</difficult>
        <bndbox>
                <xmin>745</xmin>
                <ymin>63</ymin>
                <xmax>799</xmax>
                <ymax>237</ymax>
            </bndbox>
        </object>
    <object>
        <name>J</name>
        <pose>Unspecified</pose>
        <truncated>0</truncated>
        <difficult>0</difficult>
        <bndbox>
                <xmin>820</xmin>
                <ymin>53</ymin>
                <xmax>874</xmax>
                <ymax>219</ymax>
            </bndbox>
        </object>
    </annotation>
