<annotation>
    <folder>From-Labelbox-license-characters-593images</folder>
    <filename>ckie5jwhl004q246ak18prlij.jpeg</filename>
    <path>/home/riotu/Object Detection/Datasets/Car-detection/License-characters/From-Labelbox-license-characters-593images/ckie5jwhl004q246ak18prlij.jpeg</path>
    <source>
        <database>Unknown</database>
    </source>
    <size>
        <width>310</width>
        <height>161</height>
        <depth>3</depth>
    </size>
    <segmented>0</segmented>
    <object>
        <name>5</name>
        <pose>Unspecified</pose>
        <truncated>0</truncated>
        <difficult>0</difficult>
        <bndbox>
                <xmin>29</xmin>
                <ymin>26</ymin>
                <xmax>57</xmax>
                <ymax>142</ymax>
            </bndbox>
        </object>
    <object>
        <name>9</name>
        <pose>Unspecified</pose>
        <truncated>0</truncated>
        <difficult>0</difficult>
        <bndbox>
                <xmin>61</xmin>
                <ymin>17</ymin>
                <xmax>88</xmax>
                <ymax>141</ymax>
            </bndbox>
        </object>
    <object>
        <name>2</name>
        <pose>Unspecified</pose>
        <truncated>0</truncated>
        <difficult>0</difficult>
        <bndbox>
                <xmin>92</xmin>
                <ymin>14</ymin>
                <xmax>120</xmax>
                <ymax>141</ymax>
            </bndbox>
        </object>
    <object>
        <name>0</name>
        <pose>Unspecified</pose>
        <truncated>0</truncated>
        <difficult>0</difficult>
        <bndbox>
                <xmin>124</xmin>
                <ymin>37</ymin>
                <xmax>152</xmax>
                <ymax>141</ymax>
            </bndbox>
        </object>
    <object>
        <name>S</name>
        <pose>Unspecified</pose>
        <truncated>0</truncated>
        <difficult>0</difficult>
        <bndbox>
                <xmin>174</xmin>
                <ymin>33</ymin>
                <xmax>199</xmax>
                <ymax>130</ymax>
            </bndbox>
        </object>
    <object>
        <name>A</name>
        <pose>Unspecified</pose>
        <truncated>0</truncated>
        <difficult>0</difficult>
        <bndbox>
                <xmin>208</xmin>
                <ymin>24</ymin>
                <xmax>230</xmax>
                <ymax>130</ymax>
            </bndbox>
        </object>
    <object>
        <name>J</name>
        <pose>Unspecified</pose>
        <truncated>0</truncated>
        <difficult>0</difficult>
        <bndbox>
                <xmin>237</xmin>
                <ymin>23</ymin>
                <xmax>262</xmax>
                <ymax>129</ymax>
            </bndbox>
        </object>
    </annotation>
