<annotation>
    <folder>From-Labelbox-license-characters-593images</folder>
    <filename>ckie4qudq0046246aq4qpr4ij.jpeg</filename>
    <path>/home/riotu/Object Detection/Datasets/Car-detection/License-characters/From-Labelbox-license-characters-593images/ckie4qudq0046246aq4qpr4ij.jpeg</path>
    <source>
        <database>Unknown</database>
    </source>
    <size>
        <width>502</width>
        <height>240</height>
        <depth>3</depth>
    </size>
    <segmented>0</segmented>
    <object>
        <name>3</name>
        <pose>Unspecified</pose>
        <truncated>0</truncated>
        <difficult>0</difficult>
        <bndbox>
                <xmin>46</xmin>
                <ymin>49</ymin>
                <xmax>91</xmax>
                <ymax>220</ymax>
            </bndbox>
        </object>
    <object>
        <name>3</name>
        <pose>Unspecified</pose>
        <truncated>0</truncated>
        <difficult>0</difficult>
        <bndbox>
                <xmin>96</xmin>
                <ymin>47</ymin>
                <xmax>139</xmax>
                <ymax>218</ymax>
            </bndbox>
        </object>
    <object>
        <name>3</name>
        <pose>Unspecified</pose>
        <truncated>0</truncated>
        <difficult>0</difficult>
        <bndbox>
                <xmin>148</xmin>
                <ymin>45</ymin>
                <xmax>192</xmax>
                <ymax>213</ymax>
            </bndbox>
        </object>
    <object>
        <name>7</name>
        <pose>Unspecified</pose>
        <truncated>0</truncated>
        <difficult>0</difficult>
        <bndbox>
                <xmin>201</xmin>
                <ymin>43</ymin>
                <xmax>247</xmax>
                <ymax>212</ymax>
            </bndbox>
        </object>
    <object>
        <name>L</name>
        <pose>Unspecified</pose>
        <truncated>0</truncated>
        <difficult>0</difficult>
        <bndbox>
                <xmin>278</xmin>
                <ymin>50</ymin>
                <xmax>319</xmax>
                <ymax>196</ymax>
            </bndbox>
        </object>
    <object>
        <name>T</name>
        <pose>Unspecified</pose>
        <truncated>0</truncated>
        <difficult>0</difficult>
        <bndbox>
                <xmin>331</xmin>
                <ymin>48</ymin>
                <xmax>371</xmax>
                <ymax>191</ymax>
            </bndbox>
        </object>
    <object>
        <name>D</name>
        <pose>Unspecified</pose>
        <truncated>0</truncated>
        <difficult>0</difficult>
        <bndbox>
                <xmin>379</xmin>
                <ymin>54</ymin>
                <xmax>419</xmax>
                <ymax>188</ymax>
            </bndbox>
        </object>
    </annotation>
