<annotation>
    <folder>From-Labelbox-license-characters-593images</folder>
    <filename>ckie78b68005t246acr1etb45.jpeg</filename>
    <path>/home/riotu/Object Detection/Datasets/Car-detection/License-characters/From-Labelbox-license-characters-593images/ckie78b68005t246acr1etb45.jpeg</path>
    <source>
        <database>Unknown</database>
    </source>
    <size>
        <width>296</width>
        <height>157</height>
        <depth>3</depth>
    </size>
    <segmented>0</segmented>
    <object>
        <name>6</name>
        <pose>Unspecified</pose>
        <truncated>0</truncated>
        <difficult>0</difficult>
        <bndbox>
                <xmin>16</xmin>
                <ymin>19</ymin>
                <xmax>41</xmax>
                <ymax>137</ymax>
            </bndbox>
        </object>
    <object>
        <name>0</name>
        <pose>Unspecified</pose>
        <truncated>0</truncated>
        <difficult>0</difficult>
        <bndbox>
                <xmin>47</xmin>
                <ymin>40</ymin>
                <xmax>73</xmax>
                <ymax>138</ymax>
            </bndbox>
        </object>
    <object>
        <name>4</name>
        <pose>Unspecified</pose>
        <truncated>0</truncated>
        <difficult>0</difficult>
        <bndbox>
                <xmin>79</xmin>
                <ymin>22</ymin>
                <xmax>104</xmax>
                <ymax>140</ymax>
            </bndbox>
        </object>
    <object>
        <name>9</name>
        <pose>Unspecified</pose>
        <truncated>0</truncated>
        <difficult>0</difficult>
        <bndbox>
                <xmin>111</xmin>
                <ymin>21</ymin>
                <xmax>135</xmax>
                <ymax>140</ymax>
            </bndbox>
        </object>
    <object>
        <name>V</name>
        <pose>Unspecified</pose>
        <truncated>0</truncated>
        <difficult>0</difficult>
        <bndbox>
                <xmin>154</xmin>
                <ymin>32</ymin>
                <xmax>176</xmax>
                <ymax>133</ymax>
            </bndbox>
        </object>
    <object>
        <name>H</name>
        <pose>Unspecified</pose>
        <truncated>0</truncated>
        <difficult>0</difficult>
        <bndbox>
                <xmin>184</xmin>
                <ymin>36</ymin>
                <xmax>206</xmax>
                <ymax>133</ymax>
            </bndbox>
        </object>
    <object>
        <name>B</name>
        <pose>Unspecified</pose>
        <truncated>0</truncated>
        <difficult>0</difficult>
        <bndbox>
                <xmin>215</xmin>
                <ymin>43</ymin>
                <xmax>240</xmax>
                <ymax>134</ymax>
            </bndbox>
        </object>
    </annotation>
