<annotation>
    <folder>From-Labelbox-license-characters-593images</folder>
    <filename>ckie8wsnh006w246a4ka1o5ib.jpeg</filename>
    <path>/home/riotu/Object Detection/Datasets/Car-detection/License-characters/From-Labelbox-license-characters-593images/ckie8wsnh006w246a4ka1o5ib.jpeg</path>
    <source>
        <database>Unknown</database>
    </source>
    <size>
        <width>52</width>
        <height>35</height>
        <depth>3</depth>
    </size>
    <segmented>0</segmented>
    <object>
        <name>9</name>
        <pose>Unspecified</pose>
        <truncated>0</truncated>
        <difficult>0</difficult>
        <bndbox>
                <xmin>7</xmin>
                <ymin>4</ymin>
                <xmax>11</xmax>
                <ymax>30</ymax>
            </bndbox>
        </object>
    <object>
        <name>5</name>
        <pose>Unspecified</pose>
        <truncated>0</truncated>
        <difficult>0</difficult>
        <bndbox>
                <xmin>12</xmin>
                <ymin>6</ymin>
                <xmax>16</xmax>
                <ymax>31</ymax>
            </bndbox>
        </object>
    <object>
        <name>5</name>
        <pose>Unspecified</pose>
        <truncated>0</truncated>
        <difficult>0</difficult>
        <bndbox>
                <xmin>16</xmin>
                <ymin>6</ymin>
                <xmax>21</xmax>
                <ymax>31</ymax>
            </bndbox>
        </object>
    <object>
        <name>1</name>
        <pose>Unspecified</pose>
        <truncated>0</truncated>
        <difficult>0</difficult>
        <bndbox>
                <xmin>20</xmin>
                <ymin>6</ymin>
                <xmax>24</xmax>
                <ymax>31</ymax>
            </bndbox>
        </object>
    </annotation>
