<annotation>
    <folder>From-Labelbox-license-characters-593images</folder>
    <filename>ckiea1gye007j246ax6j7sx3m.jpeg</filename>
    <path>/home/riotu/Object Detection/Datasets/Car-detection/License-characters/From-Labelbox-license-characters-593images/ckiea1gye007j246ax6j7sx3m.jpeg</path>
    <source>
        <database>Unknown</database>
    </source>
    <size>
        <width>855</width>
        <height>403</height>
        <depth>3</depth>
    </size>
    <segmented>0</segmented>
    <object>
        <name>4</name>
        <pose>Unspecified</pose>
        <truncated>0</truncated>
        <difficult>0</difficult>
        <bndbox>
                <xmin>56</xmin>
                <ymin>95</ymin>
                <xmax>133</xmax>
                <ymax>358</ymax>
            </bndbox>
        </object>
    <object>
        <name>8</name>
        <pose>Unspecified</pose>
        <truncated>0</truncated>
        <difficult>0</difficult>
        <bndbox>
                <xmin>141</xmin>
                <ymin>86</ymin>
                <xmax>223</xmax>
                <ymax>348</ymax>
            </bndbox>
        </object>
    <object>
        <name>7</name>
        <pose>Unspecified</pose>
        <truncated>0</truncated>
        <difficult>0</difficult>
        <bndbox>
                <xmin>227</xmin>
                <ymin>75</ymin>
                <xmax>318</xmax>
                <ymax>349</ymax>
            </bndbox>
        </object>
    <object>
        <name>5</name>
        <pose>Unspecified</pose>
        <truncated>0</truncated>
        <difficult>0</difficult>
        <bndbox>
                <xmin>311</xmin>
                <ymin>93</ymin>
                <xmax>405</xmax>
                <ymax>350</ymax>
            </bndbox>
        </object>
    <object>
        <name>U</name>
        <pose>Unspecified</pose>
        <truncated>0</truncated>
        <difficult>0</difficult>
        <bndbox>
                <xmin>432</xmin>
                <ymin>89</ymin>
                <xmax>512</xmax>
                <ymax>316</ymax>
            </bndbox>
        </object>
    <object>
        <name>T</name>
        <pose>Unspecified</pose>
        <truncated>0</truncated>
        <difficult>0</difficult>
        <bndbox>
                <xmin>521</xmin>
                <ymin>81</ymin>
                <xmax>590</xmax>
                <ymax>307</ymax>
            </bndbox>
        </object>
    <object>
        <name>A</name>
        <pose>Unspecified</pose>
        <truncated>0</truncated>
        <difficult>0</difficult>
        <bndbox>
                <xmin>596</xmin>
                <ymin>84</ymin>
                <xmax>664</xmax>
                <ymax>303</ymax>
            </bndbox>
        </object>
    </annotation>
