<annotation>
    <folder>From-Labelbox-license-characters-593images</folder>
    <filename>ckie6kmnl005g246auurv0n4x.jpeg</filename>
    <path>/home/riotu/Object Detection/Datasets/Car-detection/License-characters/From-Labelbox-license-characters-593images/ckie6kmnl005g246auurv0n4x.jpeg</path>
    <source>
        <database>Unknown</database>
    </source>
    <size>
        <width>218</width>
        <height>141</height>
        <depth>3</depth>
    </size>
    <segmented>0</segmented>
    <object>
        <name>1</name>
        <pose>Unspecified</pose>
        <truncated>0</truncated>
        <difficult>0</difficult>
        <bndbox>
                <xmin>16</xmin>
                <ymin>23</ymin>
                <xmax>30</xmax>
                <ymax>122</ymax>
            </bndbox>
        </object>
    <object>
        <name>0</name>
        <pose>Unspecified</pose>
        <truncated>0</truncated>
        <difficult>0</difficult>
        <bndbox>
                <xmin>33</xmin>
                <ymin>39</ymin>
                <xmax>52</xmax>
                <ymax>121</ymax>
            </bndbox>
        </object>
    <object>
        <name>7</name>
        <pose>Unspecified</pose>
        <truncated>0</truncated>
        <difficult>0</difficult>
        <bndbox>
                <xmin>53</xmin>
                <ymin>26</ymin>
                <xmax>78</xmax>
                <ymax>125</ymax>
            </bndbox>
        </object>
    <object>
        <name>7</name>
        <pose>Unspecified</pose>
        <truncated>0</truncated>
        <difficult>0</difficult>
        <bndbox>
                <xmin>78</xmin>
                <ymin>26</ymin>
                <xmax>102</xmax>
                <ymax>125</ymax>
            </bndbox>
        </object>
    <object>
        <name>V</name>
        <pose>Unspecified</pose>
        <truncated>0</truncated>
        <difficult>0</difficult>
        <bndbox>
                <xmin>115</xmin>
                <ymin>35</ymin>
                <xmax>135</xmax>
                <ymax>121</ymax>
            </bndbox>
        </object>
    <object>
        <name>D</name>
        <pose>Unspecified</pose>
        <truncated>0</truncated>
        <difficult>0</difficult>
        <bndbox>
                <xmin>135</xmin>
                <ymin>43</ymin>
                <xmax>154</xmax>
                <ymax>122</ymax>
            </bndbox>
        </object>
    <object>
        <name>D</name>
        <pose>Unspecified</pose>
        <truncated>0</truncated>
        <difficult>0</difficult>
        <bndbox>
                <xmin>155</xmin>
                <ymin>44</ymin>
                <xmax>176</xmax>
                <ymax>123</ymax>
            </bndbox>
        </object>
    </annotation>
