<annotation>
    <folder>From-Labelbox-license-characters-593images</folder>
    <filename>ckie9h3v90078246aewo9cszp.jpeg</filename>
    <path>/home/riotu/Object Detection/Datasets/Car-detection/License-characters/From-Labelbox-license-characters-593images/ckie9h3v90078246aewo9cszp.jpeg</path>
    <source>
        <database>Unknown</database>
    </source>
    <size>
        <width>88</width>
        <height>52</height>
        <depth>3</depth>
    </size>
    <segmented>0</segmented>
    <object>
        <name>7</name>
        <pose>Unspecified</pose>
        <truncated>0</truncated>
        <difficult>0</difficult>
        <bndbox>
                <xmin>6</xmin>
                <ymin>8</ymin>
                <xmax>16</xmax>
                <ymax>47</ymax>
            </bndbox>
        </object>
    <object>
        <name>1</name>
        <pose>Unspecified</pose>
        <truncated>0</truncated>
        <difficult>0</difficult>
        <bndbox>
                <xmin>17</xmin>
                <ymin>7</ymin>
                <xmax>24</xmax>
                <ymax>47</ymax>
            </bndbox>
        </object>
    <object>
        <name>4</name>
        <pose>Unspecified</pose>
        <truncated>0</truncated>
        <difficult>0</difficult>
        <bndbox>
                <xmin>24</xmin>
                <ymin>8</ymin>
                <xmax>34</xmax>
                <ymax>45</ymax>
            </bndbox>
        </object>
    <object>
        <name>7</name>
        <pose>Unspecified</pose>
        <truncated>0</truncated>
        <difficult>0</difficult>
        <bndbox>
                <xmin>34</xmin>
                <ymin>5</ymin>
                <xmax>43</xmax>
                <ymax>45</ymax>
            </bndbox>
        </object>
    <object>
        <name>V</name>
        <pose>Unspecified</pose>
        <truncated>0</truncated>
        <difficult>0</difficult>
        <bndbox>
                <xmin>45</xmin>
                <ymin>7</ymin>
                <xmax>54</xmax>
                <ymax>42</ymax>
            </bndbox>
        </object>
    <object>
        <name>X</name>
        <pose>Unspecified</pose>
        <truncated>0</truncated>
        <difficult>0</difficult>
        <bndbox>
                <xmin>54</xmin>
                <ymin>9</ymin>
                <xmax>64</xmax>
                <ymax>41</ymax>
            </bndbox>
        </object>
    <object>
        <name>A</name>
        <pose>Unspecified</pose>
        <truncated>0</truncated>
        <difficult>0</difficult>
        <bndbox>
                <xmin>65</xmin>
                <ymin>8</ymin>
                <xmax>72</xmax>
                <ymax>42</ymax>
            </bndbox>
        </object>
    </annotation>
