<annotation>
    <folder>From-Labelbox-license-characters-593images</folder>
    <filename>ckie4tdaa0048246a0uuzadk9.jpeg</filename>
    <path>/home/riotu/Object Detection/Datasets/Car-detection/License-characters/From-Labelbox-license-characters-593images/ckie4tdaa0048246a0uuzadk9.jpeg</path>
    <source>
        <database>Unknown</database>
    </source>
    <size>
        <width>372</width>
        <height>195</height>
        <depth>3</depth>
    </size>
    <segmented>0</segmented>
    <object>
        <name>5</name>
        <pose>Unspecified</pose>
        <truncated>0</truncated>
        <difficult>0</difficult>
        <bndbox>
                <xmin>21</xmin>
                <ymin>39</ymin>
                <xmax>54</xmax>
                <ymax>178</ymax>
            </bndbox>
        </object>
    <object>
        <name>7</name>
        <pose>Unspecified</pose>
        <truncated>0</truncated>
        <difficult>0</difficult>
        <bndbox>
                <xmin>59</xmin>
                <ymin>27</ymin>
                <xmax>91</xmax>
                <ymax>178</ymax>
            </bndbox>
        </object>
    <object>
        <name>9</name>
        <pose>Unspecified</pose>
        <truncated>0</truncated>
        <difficult>0</difficult>
        <bndbox>
                <xmin>97</xmin>
                <ymin>25</ymin>
                <xmax>132</xmax>
                <ymax>177</ymax>
            </bndbox>
        </object>
    <object>
        <name>0</name>
        <pose>Unspecified</pose>
        <truncated>0</truncated>
        <difficult>0</difficult>
        <bndbox>
                <xmin>136</xmin>
                <ymin>51</ymin>
                <xmax>171</xmax>
                <ymax>176</ymax>
            </bndbox>
        </object>
    <object>
        <name>S</name>
        <pose>Unspecified</pose>
        <truncated>0</truncated>
        <difficult>0</difficult>
        <bndbox>
                <xmin>190</xmin>
                <ymin>47</ymin>
                <xmax>218</xmax>
                <ymax>164</ymax>
            </bndbox>
        </object>
    <object>
        <name>T</name>
        <pose>Unspecified</pose>
        <truncated>0</truncated>
        <difficult>0</difficult>
        <bndbox>
                <xmin>228</xmin>
                <ymin>36</ymin>
                <xmax>256</xmax>
                <ymax>163</ymax>
            </bndbox>
        </object>
    <object>
        <name>A</name>
        <pose>Unspecified</pose>
        <truncated>0</truncated>
        <difficult>0</difficult>
        <bndbox>
                <xmin>270</xmin>
                <ymin>35</ymin>
                <xmax>295</xmax>
                <ymax>164</ymax>
            </bndbox>
        </object>
    </annotation>
