<annotation>
    <folder>From-Labelbox-license-characters-593images</folder>
    <filename>ckie4gyob0040246apn1klg6c.jpeg</filename>
    <path>/home/riotu/Object Detection/Datasets/Car-detection/License-characters/From-Labelbox-license-characters-593images/ckie4gyob0040246apn1klg6c.jpeg</path>
    <source>
        <database>Unknown</database>
    </source>
    <size>
        <width>426</width>
        <height>220</height>
        <depth>3</depth>
    </size>
    <segmented>0</segmented>
    <object>
        <name>7</name>
        <pose>Unspecified</pose>
        <truncated>0</truncated>
        <difficult>0</difficult>
        <bndbox>
                <xmin>29</xmin>
                <ymin>37</ymin>
                <xmax>72</xmax>
                <ymax>202</ymax>
            </bndbox>
        </object>
    <object>
        <name>6</name>
        <pose>Unspecified</pose>
        <truncated>0</truncated>
        <difficult>0</difficult>
        <bndbox>
                <xmin>73</xmin>
                <ymin>35</ymin>
                <xmax>117</xmax>
                <ymax>196</ymax>
            </bndbox>
        </object>
    <object>
        <name>7</name>
        <pose>Unspecified</pose>
        <truncated>0</truncated>
        <difficult>0</difficult>
        <bndbox>
                <xmin>119</xmin>
                <ymin>34</ymin>
                <xmax>157</xmax>
                <ymax>195</ymax>
            </bndbox>
        </object>
    <object>
        <name>9</name>
        <pose>Unspecified</pose>
        <truncated>0</truncated>
        <difficult>0</difficult>
        <bndbox>
                <xmin>163</xmin>
                <ymin>31</ymin>
                <xmax>205</xmax>
                <ymax>193</ymax>
            </bndbox>
        </object>
    <object>
        <name>Z</name>
        <pose>Unspecified</pose>
        <truncated>0</truncated>
        <difficult>0</difficult>
        <bndbox>
                <xmin>237</xmin>
                <ymin>41</ymin>
                <xmax>271</xmax>
                <ymax>180</ymax>
            </bndbox>
        </object>
    <object>
        <name>T</name>
        <pose>Unspecified</pose>
        <truncated>0</truncated>
        <difficult>0</difficult>
        <bndbox>
                <xmin>279</xmin>
                <ymin>42</ymin>
                <xmax>314</xmax>
                <ymax>178</ymax>
            </bndbox>
        </object>
    <object>
        <name>J</name>
        <pose>Unspecified</pose>
        <truncated>0</truncated>
        <difficult>0</difficult>
        <bndbox>
                <xmin>324</xmin>
                <ymin>39</ymin>
                <xmax>360</xmax>
                <ymax>178</ymax>
            </bndbox>
        </object>
    </annotation>
