<annotation>
    <folder>From-Labelbox-license-characters-593images</folder>
    <filename>ckie97j4j0072246aktrk3p90.jpeg</filename>
    <path>/home/riotu/Object Detection/Datasets/Car-detection/License-characters/From-Labelbox-license-characters-593images/ckie97j4j0072246aktrk3p90.jpeg</path>
    <source>
        <database>Unknown</database>
    </source>
    <size>
        <width>71</width>
        <height>46</height>
        <depth>3</depth>
    </size>
    <segmented>0</segmented>
    <object>
        <name>1</name>
        <pose>Unspecified</pose>
        <truncated>0</truncated>
        <difficult>0</difficult>
        <bndbox>
                <xmin>8</xmin>
                <ymin>13</ymin>
                <xmax>15</xmax>
                <ymax>43</ymax>
            </bndbox>
        </object>
    <object>
        <name>9</name>
        <pose>Unspecified</pose>
        <truncated>0</truncated>
        <difficult>0</difficult>
        <bndbox>
                <xmin>14</xmin>
                <ymin>12</ymin>
                <xmax>21</xmax>
                <ymax>42</ymax>
            </bndbox>
        </object>
    <object>
        <name>9</name>
        <pose>Unspecified</pose>
        <truncated>0</truncated>
        <difficult>0</difficult>
        <bndbox>
                <xmin>21</xmin>
                <ymin>11</ymin>
                <xmax>28</xmax>
                <ymax>40</ymax>
            </bndbox>
        </object>
    <object>
        <name>3</name>
        <pose>Unspecified</pose>
        <truncated>0</truncated>
        <difficult>0</difficult>
        <bndbox>
                <xmin>28</xmin>
                <ymin>11</ymin>
                <xmax>36</xmax>
                <ymax>42</ymax>
            </bndbox>
        </object>
    <object>
        <name>E</name>
        <pose>Unspecified</pose>
        <truncated>0</truncated>
        <difficult>0</difficult>
        <bndbox>
                <xmin>38</xmin>
                <ymin>11</ymin>
                <xmax>45</xmax>
                <ymax>35</ymax>
            </bndbox>
        </object>
    <object>
        <name>B</name>
        <pose>Unspecified</pose>
        <truncated>0</truncated>
        <difficult>0</difficult>
        <bndbox>
                <xmin>45</xmin>
                <ymin>12</ymin>
                <xmax>51</xmax>
                <ymax>38</ymax>
            </bndbox>
        </object>
    <object>
        <name>D</name>
        <pose>Unspecified</pose>
        <truncated>0</truncated>
        <difficult>0</difficult>
        <bndbox>
                <xmin>52</xmin>
                <ymin>10</ymin>
                <xmax>58</xmax>
                <ymax>36</ymax>
            </bndbox>
        </object>
    </annotation>
