<annotation>
    <folder>From-Labelbox-license-characters-593images</folder>
    <filename>ckifj1vkt007u246alcgfui52.jpeg</filename>
    <path>/home/riotu/Object Detection/Datasets/Car-detection/License-characters/From-Labelbox-license-characters-593images/ckifj1vkt007u246alcgfui52.jpeg</path>
    <source>
        <database>Unknown</database>
    </source>
    <size>
        <width>858</width>
        <height>462</height>
        <depth>3</depth>
    </size>
    <segmented>0</segmented>
    <object>
        <name>6</name>
        <pose>Unspecified</pose>
        <truncated>0</truncated>
        <difficult>0</difficult>
        <bndbox>
                <xmin>76</xmin>
                <ymin>128</ymin>
                <xmax>166</xmax>
                <ymax>413</ymax>
            </bndbox>
        </object>
    <object>
        <name>6</name>
        <pose>Unspecified</pose>
        <truncated>0</truncated>
        <difficult>0</difficult>
        <bndbox>
                <xmin>171</xmin>
                <ymin>117</ymin>
                <xmax>254</xmax>
                <ymax>401</ymax>
            </bndbox>
        </object>
    <object>
        <name>7</name>
        <pose>Unspecified</pose>
        <truncated>0</truncated>
        <difficult>0</difficult>
        <bndbox>
                <xmin>252</xmin>
                <ymin>100</ymin>
                <xmax>346</xmax>
                <ymax>397</ymax>
            </bndbox>
        </object>
    <object>
        <name>6</name>
        <pose>Unspecified</pose>
        <truncated>0</truncated>
        <difficult>0</difficult>
        <bndbox>
                <xmin>339</xmin>
                <ymin>94</ymin>
                <xmax>433</xmax>
                <ymax>389</ymax>
            </bndbox>
        </object>
    <object>
        <name>V</name>
        <pose>Unspecified</pose>
        <truncated>0</truncated>
        <difficult>0</difficult>
        <bndbox>
                <xmin>464</xmin>
                <ymin>98</ymin>
                <xmax>549</xmax>
                <ymax>352</ymax>
            </bndbox>
        </object>
    <object>
        <name>Z</name>
        <pose>Unspecified</pose>
        <truncated>0</truncated>
        <difficult>0</difficult>
        <bndbox>
                <xmin>549</xmin>
                <ymin>92</ymin>
                <xmax>626</xmax>
                <ymax>352</ymax>
            </bndbox>
        </object>
    <object>
        <name>J</name>
        <pose>Unspecified</pose>
        <truncated>0</truncated>
        <difficult>0</difficult>
        <bndbox>
                <xmin>632</xmin>
                <ymin>75</ymin>
                <xmax>720</xmax>
                <ymax>348</ymax>
            </bndbox>
        </object>
    </annotation>
