<annotation>
    <folder>From-Labelbox-license-characters-593images</folder>
    <filename>ckifluym1009p246as32dxgyt.jpeg</filename>
    <path>/home/riotu/Object Detection/Datasets/Car-detection/License-characters/From-Labelbox-license-characters-593images/ckifluym1009p246as32dxgyt.jpeg</path>
    <source>
        <database>Unknown</database>
    </source>
    <size>
        <width>829</width>
        <height>406</height>
        <depth>3</depth>
    </size>
    <segmented>0</segmented>
    <object>
        <name>8</name>
        <pose>Unspecified</pose>
        <truncated>0</truncated>
        <difficult>0</difficult>
        <bndbox>
                <xmin>82</xmin>
                <ymin>86</ymin>
                <xmax>164</xmax>
                <ymax>372</ymax>
            </bndbox>
        </object>
    <object>
        <name>3</name>
        <pose>Unspecified</pose>
        <truncated>0</truncated>
        <difficult>0</difficult>
        <bndbox>
                <xmin>165</xmin>
                <ymin>74</ymin>
                <xmax>254</xmax>
                <ymax>376</ymax>
            </bndbox>
        </object>
    <object>
        <name>4</name>
        <pose>Unspecified</pose>
        <truncated>0</truncated>
        <difficult>0</difficult>
        <bndbox>
                <xmin>252</xmin>
                <ymin>76</ymin>
                <xmax>331</xmax>
                <ymax>367</ymax>
            </bndbox>
        </object>
    <object>
        <name>0</name>
        <pose>Unspecified</pose>
        <truncated>0</truncated>
        <difficult>0</difficult>
        <bndbox>
                <xmin>341</xmin>
                <ymin>120</ymin>
                <xmax>418</xmax>
                <ymax>364</ymax>
            </bndbox>
        </object>
    <object>
        <name>G</name>
        <pose>Unspecified</pose>
        <truncated>0</truncated>
        <difficult>0</difficult>
        <bndbox>
                <xmin>466</xmin>
                <ymin>87</ymin>
                <xmax>545</xmax>
                <ymax>336</ymax>
            </bndbox>
        </object>
    <object>
        <name>X</name>
        <pose>Unspecified</pose>
        <truncated>0</truncated>
        <difficult>0</difficult>
        <bndbox>
                <xmin>549</xmin>
                <ymin>89</ymin>
                <xmax>632</xmax>
                <ymax>335</ymax>
            </bndbox>
        </object>
    <object>
        <name>D</name>
        <pose>Unspecified</pose>
        <truncated>0</truncated>
        <difficult>0</difficult>
        <bndbox>
                <xmin>632</xmin>
                <ymin>92</ymin>
                <xmax>715</xmax>
                <ymax>324</ymax>
            </bndbox>
        </object>
    </annotation>
