<annotation>
    <folder>From-Labelbox-license-characters-593images</folder>
    <filename>ckifjwt8j008i246anvknmto5.jpeg</filename>
    <path>/home/riotu/Object Detection/Datasets/Car-detection/License-characters/From-Labelbox-license-characters-593images/ckifjwt8j008i246anvknmto5.jpeg</path>
    <source>
        <database>Unknown</database>
    </source>
    <size>
        <width>179</width>
        <height>67</height>
        <depth>3</depth>
    </size>
    <segmented>0</segmented>
    <object>
        <name>1</name>
        <pose>Unspecified</pose>
        <truncated>0</truncated>
        <difficult>0</difficult>
        <bndbox>
                <xmin>17</xmin>
                <ymin>18</ymin>
                <xmax>30</xmax>
                <ymax>59</ymax>
            </bndbox>
        </object>
    <object>
        <name>1</name>
        <pose>Unspecified</pose>
        <truncated>0</truncated>
        <difficult>0</difficult>
        <bndbox>
                <xmin>33</xmin>
                <ymin>17</ymin>
                <xmax>48</xmax>
                <ymax>56</ymax>
            </bndbox>
        </object>
    <object>
        <name>1</name>
        <pose>Unspecified</pose>
        <truncated>0</truncated>
        <difficult>0</difficult>
        <bndbox>
                <xmin>52</xmin>
                <ymin>16</ymin>
                <xmax>64</xmax>
                <ymax>55</ymax>
            </bndbox>
        </object>
    <object>
        <name>2</name>
        <pose>Unspecified</pose>
        <truncated>0</truncated>
        <difficult>0</difficult>
        <bndbox>
                <xmin>66</xmin>
                <ymin>15</ymin>
                <xmax>80</xmax>
                <ymax>55</ymax>
            </bndbox>
        </object>
    <object>
        <name>S</name>
        <pose>Unspecified</pose>
        <truncated>0</truncated>
        <difficult>0</difficult>
        <bndbox>
                <xmin>122</xmin>
                <ymin>14</ymin>
                <xmax>135</xmax>
                <ymax>49</ymax>
            </bndbox>
        </object>
    <object>
        <name>D</name>
        <pose>Unspecified</pose>
        <truncated>0</truncated>
        <difficult>0</difficult>
        <bndbox>
                <xmin>138</xmin>
                <ymin>14</ymin>
                <xmax>149</xmax>
                <ymax>48</ymax>
            </bndbox>
        </object>
    <object>
        <name>D</name>
        <pose>Unspecified</pose>
        <truncated>0</truncated>
        <difficult>0</difficult>
        <bndbox>
                <xmin>152</xmin>
                <ymin>12</ymin>
                <xmax>164</xmax>
                <ymax>47</ymax>
            </bndbox>
        </object>
    </annotation>
