<annotation>
    <folder>From-Labelbox-license-characters-593images</folder>
    <filename>ckifltrwe009o246ax3f4lhcv.jpeg</filename>
    <path>/home/riotu/Object Detection/Datasets/Car-detection/License-characters/From-Labelbox-license-characters-593images/ckifltrwe009o246ax3f4lhcv.jpeg</path>
    <source>
        <database>Unknown</database>
    </source>
    <size>
        <width>62</width>
        <height>40</height>
        <depth>3</depth>
    </size>
    <segmented>0</segmented>
    <object>
        <name>3</name>
        <pose>Unspecified</pose>
        <truncated>0</truncated>
        <difficult>0</difficult>
        <bndbox>
                <xmin>7</xmin>
                <ymin>8</ymin>
                <xmax>13</xmax>
                <ymax>36</ymax>
            </bndbox>
        </object>
    <object>
        <name>1</name>
        <pose>Unspecified</pose>
        <truncated>0</truncated>
        <difficult>0</difficult>
        <bndbox>
                <xmin>12</xmin>
                <ymin>9</ymin>
                <xmax>18</xmax>
                <ymax>35</ymax>
            </bndbox>
        </object>
    <object>
        <name>0</name>
        <pose>Unspecified</pose>
        <truncated>0</truncated>
        <difficult>0</difficult>
        <bndbox>
                <xmin>18</xmin>
                <ymin>12</ymin>
                <xmax>25</xmax>
                <ymax>35</ymax>
            </bndbox>
        </object>
    <object>
        <name>0</name>
        <pose>Unspecified</pose>
        <truncated>0</truncated>
        <difficult>0</difficult>
        <bndbox>
                <xmin>24</xmin>
                <ymin>11</ymin>
                <xmax>31</xmax>
                <ymax>35</ymax>
            </bndbox>
        </object>
    <object>
        <name>N</name>
        <pose>Unspecified</pose>
        <truncated>0</truncated>
        <difficult>0</difficult>
        <bndbox>
                <xmin>32</xmin>
                <ymin>9</ymin>
                <xmax>39</xmax>
                <ymax>34</ymax>
            </bndbox>
        </object>
    <object>
        <name>K</name>
        <pose>Unspecified</pose>
        <truncated>0</truncated>
        <difficult>0</difficult>
        <bndbox>
                <xmin>38</xmin>
                <ymin>10</ymin>
                <xmax>44</xmax>
                <ymax>35</ymax>
            </bndbox>
        </object>
    <object>
        <name>D</name>
        <pose>Unspecified</pose>
        <truncated>0</truncated>
        <difficult>0</difficult>
        <bndbox>
                <xmin>44</xmin>
                <ymin>10</ymin>
                <xmax>50</xmax>
                <ymax>33</ymax>
            </bndbox>
        </object>
    </annotation>
