<annotation>
    <folder>From-Labelbox-license-characters-593images</folder>
    <filename>ckifkcb1t008t246afahhdcgf.jpeg</filename>
    <path>/home/riotu/Object Detection/Datasets/Car-detection/License-characters/From-Labelbox-license-characters-593images/ckifkcb1t008t246afahhdcgf.jpeg</path>
    <source>
        <database>Unknown</database>
    </source>
    <size>
        <width>806</width>
        <height>413</height>
        <depth>3</depth>
    </size>
    <segmented>0</segmented>
    <object>
        <name>8</name>
        <pose>Unspecified</pose>
        <truncated>0</truncated>
        <difficult>0</difficult>
        <bndbox>
                <xmin>71</xmin>
                <ymin>88</ymin>
                <xmax>161</xmax>
                <ymax>362</ymax>
            </bndbox>
        </object>
    <object>
        <name>9</name>
        <pose>Unspecified</pose>
        <truncated>0</truncated>
        <difficult>0</difficult>
        <bndbox>
                <xmin>318</xmin>
                <ymin>64</ymin>
                <xmax>413</xmax>
                <ymax>346</ymax>
            </bndbox>
        </object>
    <object>
        <name>J</name>
        <pose>Unspecified</pose>
        <truncated>0</truncated>
        <difficult>0</difficult>
        <bndbox>
                <xmin>587</xmin>
                <ymin>65</ymin>
                <xmax>684</xmax>
                <ymax>306</ymax>
            </bndbox>
        </object>
    </annotation>
