<annotation>
    <folder>From-Labelbox-license-characters-593images</folder>
    <filename>ckifkh0p6008w246aqzi6hdnx.jpeg</filename>
    <path>/home/riotu/Object Detection/Datasets/Car-detection/License-characters/From-Labelbox-license-characters-593images/ckifkh0p6008w246aqzi6hdnx.jpeg</path>
    <source>
        <database>Unknown</database>
    </source>
    <size>
        <width>99</width>
        <height>62</height>
        <depth>3</depth>
    </size>
    <segmented>0</segmented>
    <object>
        <name>7</name>
        <pose>Unspecified</pose>
        <truncated>0</truncated>
        <difficult>0</difficult>
        <bndbox>
                <xmin>10</xmin>
                <ymin>10</ymin>
                <xmax>22</xmax>
                <ymax>56</ymax>
            </bndbox>
        </object>
    <object>
        <name>J</name>
        <pose>Unspecified</pose>
        <truncated>0</truncated>
        <difficult>0</difficult>
        <bndbox>
                <xmin>72</xmin>
                <ymin>10</ymin>
                <xmax>84</xmax>
                <ymax>48</ymax>
            </bndbox>
        </object>
    </annotation>
