<annotation>
    <folder>From-Labelbox-license-characters-593images</folder>
    <filename>ckifjvspv008h246ag4bnaro7.jpeg</filename>
    <path>/home/riotu/Object Detection/Datasets/Car-detection/License-characters/From-Labelbox-license-characters-593images/ckifjvspv008h246ag4bnaro7.jpeg</path>
    <source>
        <database>Unknown</database>
    </source>
    <size>
        <width>75</width>
        <height>48</height>
        <depth>3</depth>
    </size>
    <segmented>0</segmented>
    <object>
        <name>5</name>
        <pose>Unspecified</pose>
        <truncated>0</truncated>
        <difficult>0</difficult>
        <bndbox>
                <xmin>8</xmin>
                <ymin>11</ymin>
                <xmax>18</xmax>
                <ymax>42</ymax>
            </bndbox>
        </object>
    <object>
        <name>0</name>
        <pose>Unspecified</pose>
        <truncated>0</truncated>
        <difficult>0</difficult>
        <bndbox>
                <xmin>18</xmin>
                <ymin>13</ymin>
                <xmax>25</xmax>
                <ymax>41</ymax>
            </bndbox>
        </object>
    <object>
        <name>S</name>
        <pose>Unspecified</pose>
        <truncated>0</truncated>
        <difficult>0</difficult>
        <bndbox>
                <xmin>40</xmin>
                <ymin>11</ymin>
                <xmax>49</xmax>
                <ymax>38</ymax>
            </bndbox>
        </object>
    <object>
        <name>D</name>
        <pose>Unspecified</pose>
        <truncated>0</truncated>
        <difficult>0</difficult>
        <bndbox>
                <xmin>55</xmin>
                <ymin>11</ymin>
                <xmax>63</xmax>
                <ymax>36</ymax>
            </bndbox>
        </object>
    </annotation>
