<annotation>
    <folder>From-Labelbox-license-characters-593images</folder>
    <filename>ckifmm6sf00a4246a858n7dhs.jpeg</filename>
    <path>/home/riotu/Object Detection/Datasets/Car-detection/License-characters/From-Labelbox-license-characters-593images/ckifmm6sf00a4246a858n7dhs.jpeg</path>
    <source>
        <database>Unknown</database>
    </source>
    <size>
        <width>717</width>
        <height>501</height>
        <depth>3</depth>
    </size>
    <segmented>0</segmented>
    <object>
        <name>5</name>
        <pose>Unspecified</pose>
        <truncated>0</truncated>
        <difficult>0</difficult>
        <bndbox>
                <xmin>76</xmin>
                <ymin>189</ymin>
                <xmax>145</xmax>
                <ymax>444</ymax>
            </bndbox>
        </object>
    <object>
        <name>0</name>
        <pose>Unspecified</pose>
        <truncated>0</truncated>
        <difficult>0</difficult>
        <bndbox>
                <xmin>148</xmin>
                <ymin>200</ymin>
                <xmax>217</xmax>
                <ymax>431</ymax>
            </bndbox>
        </object>
    <object>
        <name>7</name>
        <pose>Unspecified</pose>
        <truncated>0</truncated>
        <difficult>0</difficult>
        <bndbox>
                <xmin>220</xmin>
                <ymin>137</ymin>
                <xmax>297</xmax>
                <ymax>417</ymax>
            </bndbox>
        </object>
    <object>
        <name>4</name>
        <pose>Unspecified</pose>
        <truncated>0</truncated>
        <difficult>0</difficult>
        <bndbox>
                <xmin>296</xmin>
                <ymin>120</ymin>
                <xmax>368</xmax>
                <ymax>389</ymax>
            </bndbox>
        </object>
    <object>
        <name>B</name>
        <pose>Unspecified</pose>
        <truncated>0</truncated>
        <difficult>0</difficult>
        <bndbox>
                <xmin>397</xmin>
                <ymin>141</ymin>
                <xmax>465</xmax>
                <ymax>349</ymax>
            </bndbox>
        </object>
    <object>
        <name>N</name>
        <pose>Unspecified</pose>
        <truncated>0</truncated>
        <difficult>0</difficult>
        <bndbox>
                <xmin>469</xmin>
                <ymin>106</ymin>
                <xmax>539</xmax>
                <ymax>340</ymax>
            </bndbox>
        </object>
    <object>
        <name>J</name>
        <pose>Unspecified</pose>
        <truncated>0</truncated>
        <difficult>0</difficult>
        <bndbox>
                <xmin>542</xmin>
                <ymin>85</ymin>
                <xmax>605</xmax>
                <ymax>316</ymax>
            </bndbox>
        </object>
    </annotation>
