<annotation>
    <folder>From-Labelbox-license-characters-593images</folder>
    <filename>ckifj7r3k007y246anf5dczuy.jpeg</filename>
    <path>/home/riotu/Object Detection/Datasets/Car-detection/License-characters/From-Labelbox-license-characters-593images/ckifj7r3k007y246anf5dczuy.jpeg</path>
    <source>
        <database>Unknown</database>
    </source>
    <size>
        <width>753</width>
        <height>347</height>
        <depth>3</depth>
    </size>
    <segmented>0</segmented>
    <object>
        <name>1</name>
        <pose>Unspecified</pose>
        <truncated>0</truncated>
        <difficult>0</difficult>
        <bndbox>
                <xmin>75</xmin>
                <ymin>62</ymin>
                <xmax>119</xmax>
                <ymax>317</ymax>
            </bndbox>
        </object>
    <object>
        <name>4</name>
        <pose>Unspecified</pose>
        <truncated>0</truncated>
        <difficult>0</difficult>
        <bndbox>
                <xmin>133</xmin>
                <ymin>61</ymin>
                <xmax>205</xmax>
                <ymax>314</ymax>
            </bndbox>
        </object>
    <object>
        <name>8</name>
        <pose>Unspecified</pose>
        <truncated>0</truncated>
        <difficult>0</difficult>
        <bndbox>
                <xmin>209</xmin>
                <ymin>54</ymin>
                <xmax>284</xmax>
                <ymax>308</ymax>
            </bndbox>
        </object>
    <object>
        <name>1</name>
        <pose>Unspecified</pose>
        <truncated>0</truncated>
        <difficult>0</difficult>
        <bndbox>
                <xmin>296</xmin>
                <ymin>54</ymin>
                <xmax>348</xmax>
                <ymax>308</ymax>
            </bndbox>
        </object>
    <object>
        <name>N</name>
        <pose>Unspecified</pose>
        <truncated>0</truncated>
        <difficult>0</difficult>
        <bndbox>
                <xmin>400</xmin>
                <ymin>67</ymin>
                <xmax>477</xmax>
                <ymax>286</ymax>
            </bndbox>
        </object>
    <object>
        <name>R</name>
        <pose>Unspecified</pose>
        <truncated>0</truncated>
        <difficult>0</difficult>
        <bndbox>
                <xmin>476</xmin>
                <ymin>74</ymin>
                <xmax>546</xmax>
                <ymax>281</ymax>
            </bndbox>
        </object>
    <object>
        <name>B</name>
        <pose>Unspecified</pose>
        <truncated>0</truncated>
        <difficult>0</difficult>
        <bndbox>
                <xmin>549</xmin>
                <ymin>81</ymin>
                <xmax>623</xmax>
                <ymax>273</ymax>
            </bndbox>
        </object>
    </annotation>
