<annotation>
    <folder>From-Labelbox-license-characters-593images</folder>
    <filename>ckifkprvh0093246a9hoto9rg.jpeg</filename>
    <path>/home/riotu/Object Detection/Datasets/Car-detection/License-characters/From-Labelbox-license-characters-593images/ckifkprvh0093246a9hoto9rg.jpeg</path>
    <source>
        <database>Unknown</database>
    </source>
    <size>
        <width>889</width>
        <height>427</height>
        <depth>3</depth>
    </size>
    <segmented>0</segmented>
    <object>
        <name>9</name>
        <pose>Unspecified</pose>
        <truncated>0</truncated>
        <difficult>0</difficult>
        <bndbox>
                <xmin>60</xmin>
                <ymin>62</ymin>
                <xmax>144</xmax>
                <ymax>341</ymax>
            </bndbox>
        </object>
    <object>
        <name>2</name>
        <pose>Unspecified</pose>
        <truncated>0</truncated>
        <difficult>0</difficult>
        <bndbox>
                <xmin>146</xmin>
                <ymin>76</ymin>
                <xmax>249</xmax>
                <ymax>356</ymax>
            </bndbox>
        </object>
    <object>
        <name>4</name>
        <pose>Unspecified</pose>
        <truncated>0</truncated>
        <difficult>0</difficult>
        <bndbox>
                <xmin>237</xmin>
                <ymin>83</ymin>
                <xmax>326</xmax>
                <ymax>358</ymax>
            </bndbox>
        </object>
    <object>
        <name>6</name>
        <pose>Unspecified</pose>
        <truncated>0</truncated>
        <difficult>0</difficult>
        <bndbox>
                <xmin>325</xmin>
                <ymin>84</ymin>
                <xmax>421</xmax>
                <ymax>364</ymax>
            </bndbox>
        </object>
    <object>
        <name>D</name>
        <pose>Unspecified</pose>
        <truncated>0</truncated>
        <difficult>0</difficult>
        <bndbox>
                <xmin>445</xmin>
                <ymin>139</ymin>
                <xmax>542</xmax>
                <ymax>361</ymax>
            </bndbox>
        </object>
    <object>
        <name>T</name>
        <pose>Unspecified</pose>
        <truncated>0</truncated>
        <difficult>0</difficult>
        <bndbox>
                <xmin>547</xmin>
                <ymin>120</ymin>
                <xmax>629</xmax>
                <ymax>362</ymax>
            </bndbox>
        </object>
    <object>
        <name>A</name>
        <pose>Unspecified</pose>
        <truncated>0</truncated>
        <difficult>0</difficult>
        <bndbox>
                <xmin>625</xmin>
                <ymin>125</ymin>
                <xmax>720</xmax>
                <ymax>366</ymax>
            </bndbox>
        </object>
    </annotation>
