<annotation>
    <folder>From-Labelbox-license-characters-593images</folder>
    <filename>ckifm7q8e009x246avxzyhvy6.jpeg</filename>
    <path>/home/riotu/Object Detection/Datasets/Car-detection/License-characters/From-Labelbox-license-characters-593images/ckifm7q8e009x246avxzyhvy6.jpeg</path>
    <source>
        <database>Unknown</database>
    </source>
    <size>
        <width>105</width>
        <height>66</height>
        <depth>3</depth>
    </size>
    <segmented>0</segmented>
    <object>
        <name>2</name>
        <pose>Unspecified</pose>
        <truncated>0</truncated>
        <difficult>0</difficult>
        <bndbox>
                <xmin>8</xmin>
                <ymin>9</ymin>
                <xmax>20</xmax>
                <ymax>60</ymax>
            </bndbox>
        </object>
    <object>
        <name>9</name>
        <pose>Unspecified</pose>
        <truncated>0</truncated>
        <difficult>0</difficult>
        <bndbox>
                <xmin>19</xmin>
                <ymin>9</ymin>
                <xmax>31</xmax>
                <ymax>59</ymax>
            </bndbox>
        </object>
    <object>
        <name>3</name>
        <pose>Unspecified</pose>
        <truncated>0</truncated>
        <difficult>0</difficult>
        <bndbox>
                <xmin>31</xmin>
                <ymin>9</ymin>
                <xmax>41</xmax>
                <ymax>60</ymax>
            </bndbox>
        </object>
    <object>
        <name>0</name>
        <pose>Unspecified</pose>
        <truncated>0</truncated>
        <difficult>0</difficult>
        <bndbox>
                <xmin>41</xmin>
                <ymin>16</ymin>
                <xmax>50</xmax>
                <ymax>60</ymax>
            </bndbox>
        </object>
    <object>
        <name>A</name>
        <pose>Unspecified</pose>
        <truncated>0</truncated>
        <difficult>0</difficult>
        <bndbox>
                <xmin>55</xmin>
                <ymin>11</ymin>
                <xmax>63</xmax>
                <ymax>54</ymax>
            </bndbox>
        </object>
    <object>
        <name>A</name>
        <pose>Unspecified</pose>
        <truncated>0</truncated>
        <difficult>0</difficult>
        <bndbox>
                <xmin>65</xmin>
                <ymin>12</ymin>
                <xmax>73</xmax>
                <ymax>54</ymax>
            </bndbox>
        </object>
    <object>
        <name>B</name>
        <pose>Unspecified</pose>
        <truncated>0</truncated>
        <difficult>0</difficult>
        <bndbox>
                <xmin>73</xmin>
                <ymin>15</ymin>
                <xmax>84</xmax>
                <ymax>53</ymax>
            </bndbox>
        </object>
    </annotation>
