<annotation>
    <folder>From-Labelbox-license-characters-593images</folder>
    <filename>ckifl8pnc009a246amjopk2mx.jpeg</filename>
    <path>/home/riotu/Object Detection/Datasets/Car-detection/License-characters/From-Labelbox-license-characters-593images/ckifl8pnc009a246amjopk2mx.jpeg</path>
    <source>
        <database>Unknown</database>
    </source>
    <size>
        <width>108</width>
        <height>74</height>
        <depth>3</depth>
    </size>
    <segmented>0</segmented>
    <object>
        <name>4</name>
        <pose>Unspecified</pose>
        <truncated>0</truncated>
        <difficult>0</difficult>
        <bndbox>
                <xmin>11</xmin>
                <ymin>15</ymin>
                <xmax>26</xmax>
                <ymax>66</ymax>
            </bndbox>
        </object>
    <object>
        <name>0</name>
        <pose>Unspecified</pose>
        <truncated>0</truncated>
        <difficult>0</difficult>
        <bndbox>
                <xmin>26</xmin>
                <ymin>22</ymin>
                <xmax>37</xmax>
                <ymax>64</ymax>
            </bndbox>
        </object>
    <object>
        <name>3</name>
        <pose>Unspecified</pose>
        <truncated>0</truncated>
        <difficult>0</difficult>
        <bndbox>
                <xmin>44</xmin>
                <ymin>12</ymin>
                <xmax>59</xmax>
                <ymax>63</ymax>
            </bndbox>
        </object>
    <object>
        <name>7</name>
        <pose>Unspecified</pose>
        <truncated>0</truncated>
        <difficult>0</difficult>
        <bndbox>
                <xmin>34</xmin>
                <ymin>12</ymin>
                <xmax>46</xmax>
                <ymax>64</ymax>
            </bndbox>
        </object>
    <object>
        <name>S</name>
        <pose>Unspecified</pose>
        <truncated>0</truncated>
        <difficult>0</difficult>
        <bndbox>
                <xmin>59</xmin>
                <ymin>17</ymin>
                <xmax>71</xmax>
                <ymax>56</ymax>
            </bndbox>
        </object>
    <object>
        <name>J</name>
        <pose>Unspecified</pose>
        <truncated>0</truncated>
        <difficult>0</difficult>
        <bndbox>
                <xmin>80</xmin>
                <ymin>11</ymin>
                <xmax>93</xmax>
                <ymax>55</ymax>
            </bndbox>
        </object>
    </annotation>
