<annotation>
    <folder>From-Labelbox-license-characters-593images</folder>
    <filename>ckifoipma00ah246a5klmuhp8.jpeg</filename>
    <path>/home/riotu/Object Detection/Datasets/Car-detection/License-characters/From-Labelbox-license-characters-593images/ckifoipma00ah246a5klmuhp8.jpeg</path>
    <source>
        <database>Unknown</database>
    </source>
    <size>
        <width>54</width>
        <height>32</height>
        <depth>3</depth>
    </size>
    <segmented>0</segmented>
    <object>
        <name>1</name>
        <pose>Unspecified</pose>
        <truncated>0</truncated>
        <difficult>0</difficult>
        <bndbox>
                <xmin>5</xmin>
                <ymin>7</ymin>
                <xmax>10</xmax>
                <ymax>29</ymax>
            </bndbox>
        </object>
    <object>
        <name>0</name>
        <pose>Unspecified</pose>
        <truncated>0</truncated>
        <difficult>0</difficult>
        <bndbox>
                <xmin>10</xmin>
                <ymin>10</ymin>
                <xmax>16</xmax>
                <ymax>30</ymax>
            </bndbox>
        </object>
    <object>
        <name>7</name>
        <pose>Unspecified</pose>
        <truncated>0</truncated>
        <difficult>0</difficult>
        <bndbox>
                <xmin>20</xmin>
                <ymin>6</ymin>
                <xmax>26</xmax>
                <ymax>29</ymax>
            </bndbox>
        </object>
    <object>
        <name>V</name>
        <pose>Unspecified</pose>
        <truncated>0</truncated>
        <difficult>0</difficult>
        <bndbox>
                <xmin>28</xmin>
                <ymin>7</ymin>
                <xmax>33</xmax>
                <ymax>28</ymax>
            </bndbox>
        </object>
    <object>
        <name>B</name>
        <pose>Unspecified</pose>
        <truncated>0</truncated>
        <difficult>0</difficult>
        <bndbox>
                <xmin>33</xmin>
                <ymin>8</ymin>
                <xmax>38</xmax>
                <ymax>29</ymax>
            </bndbox>
        </object>
    <object>
        <name>B</name>
        <pose>Unspecified</pose>
        <truncated>0</truncated>
        <difficult>0</difficult>
        <bndbox>
                <xmin>38</xmin>
                <ymin>9</ymin>
                <xmax>44</xmax>
                <ymax>29</ymax>
            </bndbox>
        </object>
    </annotation>
