<annotation>
    <folder>From-Labelbox-license-characters-593images</folder>
    <filename>ckifod4rs00ad246acbpf4v8j.jpeg</filename>
    <path>/home/riotu/Object Detection/Datasets/Car-detection/License-characters/From-Labelbox-license-characters-593images/ckifod4rs00ad246acbpf4v8j.jpeg</path>
    <source>
        <database>Unknown</database>
    </source>
    <size>
        <width>593</width>
        <height>296</height>
        <depth>3</depth>
    </size>
    <segmented>0</segmented>
    <object>
        <name>1</name>
        <pose>Unspecified</pose>
        <truncated>0</truncated>
        <difficult>0</difficult>
        <bndbox>
                <xmin>58</xmin>
                <ymin>43</ymin>
                <xmax>111</xmax>
                <ymax>261</ymax>
            </bndbox>
        </object>
    <object>
        <name>7</name>
        <pose>Unspecified</pose>
        <truncated>0</truncated>
        <difficult>0</difficult>
        <bndbox>
                <xmin>112</xmin>
                <ymin>49</ymin>
                <xmax>183</xmax>
                <ymax>261</ymax>
            </bndbox>
        </object>
    <object>
        <name>5</name>
        <pose>Unspecified</pose>
        <truncated>0</truncated>
        <difficult>0</difficult>
        <bndbox>
                <xmin>174</xmin>
                <ymin>68</ymin>
                <xmax>241</xmax>
                <ymax>259</ymax>
            </bndbox>
        </object>
    <object>
        <name>9</name>
        <pose>Unspecified</pose>
        <truncated>0</truncated>
        <difficult>0</difficult>
        <bndbox>
                <xmin>237</xmin>
                <ymin>54</ymin>
                <xmax>297</xmax>
                <ymax>260</ymax>
            </bndbox>
        </object>
    <object>
        <name>L</name>
        <pose>Unspecified</pose>
        <truncated>0</truncated>
        <difficult>0</difficult>
        <bndbox>
                <xmin>322</xmin>
                <ymin>67</ymin>
                <xmax>386</xmax>
                <ymax>249</ymax>
            </bndbox>
        </object>
    <object>
        <name>R</name>
        <pose>Unspecified</pose>
        <truncated>0</truncated>
        <difficult>0</difficult>
        <bndbox>
                <xmin>381</xmin>
                <ymin>84</ymin>
                <xmax>447</xmax>
                <ymax>250</ymax>
            </bndbox>
        </object>
    <object>
        <name>D</name>
        <pose>Unspecified</pose>
        <truncated>0</truncated>
        <difficult>0</difficult>
        <bndbox>
                <xmin>441</xmin>
                <ymin>85</ymin>
                <xmax>499</xmax>
                <ymax>252</ymax>
            </bndbox>
        </object>
    </annotation>
