<annotation>
    <folder>From-Labelbox-license-characters-593images</folder>
    <filename>ckifkl2y7008z246a7tptseu1.jpeg</filename>
    <path>/home/riotu/Object Detection/Datasets/Car-detection/License-characters/From-Labelbox-license-characters-593images/ckifkl2y7008z246a7tptseu1.jpeg</path>
    <source>
        <database>Unknown</database>
    </source>
    <size>
        <width>868</width>
        <height>511</height>
        <depth>3</depth>
    </size>
    <segmented>0</segmented>
    <object>
        <name>8</name>
        <pose>Unspecified</pose>
        <truncated>0</truncated>
        <difficult>0</difficult>
        <bndbox>
                <xmin>84</xmin>
                <ymin>133</ymin>
                <xmax>172</xmax>
                <ymax>455</ymax>
            </bndbox>
        </object>
    <object>
        <name>2</name>
        <pose>Unspecified</pose>
        <truncated>0</truncated>
        <difficult>0</difficult>
        <bndbox>
                <xmin>174</xmin>
                <ymin>116</ymin>
                <xmax>258</xmax>
                <ymax>447</ymax>
            </bndbox>
        </object>
    <object>
        <name>3</name>
        <pose>Unspecified</pose>
        <truncated>0</truncated>
        <difficult>0</difficult>
        <bndbox>
                <xmin>259</xmin>
                <ymin>114</ymin>
                <xmax>354</xmax>
                <ymax>425</ymax>
            </bndbox>
        </object>
    <object>
        <name>3</name>
        <pose>Unspecified</pose>
        <truncated>0</truncated>
        <difficult>0</difficult>
        <bndbox>
                <xmin>353</xmin>
                <ymin>101</ymin>
                <xmax>443</xmax>
                <ymax>413</ymax>
            </bndbox>
        </object>
    <object>
        <name>T</name>
        <pose>Unspecified</pose>
        <truncated>0</truncated>
        <difficult>0</difficult>
        <bndbox>
                <xmin>485</xmin>
                <ymin>113</ymin>
                <xmax>552</xmax>
                <ymax>380</ymax>
            </bndbox>
        </object>
    <object>
        <name>Z</name>
        <pose>Unspecified</pose>
        <truncated>0</truncated>
        <difficult>0</difficult>
        <bndbox>
                <xmin>571</xmin>
                <ymin>100</ymin>
                <xmax>643</xmax>
                <ymax>362</ymax>
            </bndbox>
        </object>
    <object>
        <name>J</name>
        <pose>Unspecified</pose>
        <truncated>0</truncated>
        <difficult>0</difficult>
        <bndbox>
                <xmin>652</xmin>
                <ymin>83</ymin>
                <xmax>735</xmax>
                <ymax>354</ymax>
            </bndbox>
        </object>
    </annotation>
