<annotation>
    <folder>From-Labelbox-license-characters-593images</folder>
    <filename>ckiflojgk009l246a0itpeepk.jpeg</filename>
    <path>/home/riotu/Object Detection/Datasets/Car-detection/License-characters/From-Labelbox-license-characters-593images/ckiflojgk009l246a0itpeepk.jpeg</path>
    <source>
        <database>Unknown</database>
    </source>
    <size>
        <width>647</width>
        <height>362</height>
        <depth>3</depth>
    </size>
    <segmented>0</segmented>
    <object>
        <name>6</name>
        <pose>Unspecified</pose>
        <truncated>0</truncated>
        <difficult>0</difficult>
        <bndbox>
                <xmin>59</xmin>
                <ymin>54</ymin>
                <xmax>121</xmax>
                <ymax>283</ymax>
            </bndbox>
        </object>
    <object>
        <name>2</name>
        <pose>Unspecified</pose>
        <truncated>0</truncated>
        <difficult>0</difficult>
        <bndbox>
                <xmin>125</xmin>
                <ymin>57</ymin>
                <xmax>191</xmax>
                <ymax>294</ymax>
            </bndbox>
        </object>
    <object>
        <name>2</name>
        <pose>Unspecified</pose>
        <truncated>0</truncated>
        <difficult>0</difficult>
        <bndbox>
                <xmin>189</xmin>
                <ymin>67</ymin>
                <xmax>250</xmax>
                <ymax>297</ymax>
            </bndbox>
        </object>
    <object>
        <name>2</name>
        <pose>Unspecified</pose>
        <truncated>0</truncated>
        <difficult>0</difficult>
        <bndbox>
                <xmin>257</xmin>
                <ymin>73</ymin>
                <xmax>319</xmax>
                <ymax>305</ymax>
            </bndbox>
        </object>
    <object>
        <name>N</name>
        <pose>Unspecified</pose>
        <truncated>0</truncated>
        <difficult>0</difficult>
        <bndbox>
                <xmin>355</xmin>
                <ymin>93</ymin>
                <xmax>410</xmax>
                <ymax>301</ymax>
            </bndbox>
        </object>
    <object>
        <name>X</name>
        <pose>Unspecified</pose>
        <truncated>0</truncated>
        <difficult>0</difficult>
        <bndbox>
                <xmin>420</xmin>
                <ymin>108</ymin>
                <xmax>484</xmax>
                <ymax>304</ymax>
            </bndbox>
        </object>
    <object>
        <name>D</name>
        <pose>Unspecified</pose>
        <truncated>0</truncated>
        <difficult>0</difficult>
        <bndbox>
                <xmin>487</xmin>
                <ymin>120</ymin>
                <xmax>555</xmax>
                <ymax>308</ymax>
            </bndbox>
        </object>
    </annotation>
