<annotation>
    <folder>From-Labelbox-license-characters-593images</folder>
    <filename>ckiflpz5g009m246aeicw8wo8.jpeg</filename>
    <path>/home/riotu/Object Detection/Datasets/Car-detection/License-characters/From-Labelbox-license-characters-593images/ckiflpz5g009m246aeicw8wo8.jpeg</path>
    <source>
        <database>Unknown</database>
    </source>
    <size>
        <width>87</width>
        <height>62</height>
        <depth>3</depth>
    </size>
    <segmented>0</segmented>
    <object>
        <name>7</name>
        <pose>Unspecified</pose>
        <truncated>0</truncated>
        <difficult>0</difficult>
        <bndbox>
                <xmin>10</xmin>
                <ymin>9</ymin>
                <xmax>22</xmax>
                <ymax>58</ymax>
            </bndbox>
        </object>
    <object>
        <name>0</name>
        <pose>Unspecified</pose>
        <truncated>0</truncated>
        <difficult>0</difficult>
        <bndbox>
                <xmin>21</xmin>
                <ymin>16</ymin>
                <xmax>31</xmax>
                <ymax>57</ymax>
            </bndbox>
        </object>
    <object>
        <name>0</name>
        <pose>Unspecified</pose>
        <truncated>0</truncated>
        <difficult>0</difficult>
        <bndbox>
                <xmin>38</xmin>
                <ymin>14</ymin>
                <xmax>49</xmax>
                <ymax>54</ymax>
            </bndbox>
        </object>
    <object>
        <name>H</name>
        <pose>Unspecified</pose>
        <truncated>0</truncated>
        <difficult>0</difficult>
        <bndbox>
                <xmin>48</xmin>
                <ymin>11</ymin>
                <xmax>58</xmax>
                <ymax>50</ymax>
            </bndbox>
        </object>
    </annotation>
