<annotation>
    <folder>From-Labelbox-license-characters-593images</folder>
    <filename>ckifkf1s3008v246aep91ayw6.jpeg</filename>
    <path>/home/riotu/Object Detection/Datasets/Car-detection/License-characters/From-Labelbox-license-characters-593images/ckifkf1s3008v246aep91ayw6.jpeg</path>
    <source>
        <database>Unknown</database>
    </source>
    <size>
        <width>87</width>
        <height>60</height>
        <depth>3</depth>
    </size>
    <segmented>0</segmented>
    <object>
        <name>2</name>
        <pose>Unspecified</pose>
        <truncated>0</truncated>
        <difficult>0</difficult>
        <bndbox>
                <xmin>7</xmin>
                <ymin>8</ymin>
                <xmax>17</xmax>
                <ymax>54</ymax>
            </bndbox>
        </object>
    <object>
        <name>7</name>
        <pose>Unspecified</pose>
        <truncated>0</truncated>
        <difficult>0</difficult>
        <bndbox>
                <xmin>17</xmin>
                <ymin>9</ymin>
                <xmax>27</xmax>
                <ymax>53</ymax>
            </bndbox>
        </object>
    <object>
        <name>3</name>
        <pose>Unspecified</pose>
        <truncated>0</truncated>
        <difficult>0</difficult>
        <bndbox>
                <xmin>26</xmin>
                <ymin>8</ymin>
                <xmax>36</xmax>
                <ymax>53</ymax>
            </bndbox>
        </object>
    <object>
        <name>7</name>
        <pose>Unspecified</pose>
        <truncated>0</truncated>
        <difficult>0</difficult>
        <bndbox>
                <xmin>35</xmin>
                <ymin>7</ymin>
                <xmax>44</xmax>
                <ymax>53</ymax>
            </bndbox>
        </object>
    <object>
        <name>L</name>
        <pose>Unspecified</pose>
        <truncated>0</truncated>
        <difficult>0</difficult>
        <bndbox>
                <xmin>47</xmin>
                <ymin>11</ymin>
                <xmax>55</xmax>
                <ymax>50</ymax>
            </bndbox>
        </object>
    <object>
        <name>S</name>
        <pose>Unspecified</pose>
        <truncated>0</truncated>
        <difficult>0</difficult>
        <bndbox>
                <xmin>55</xmin>
                <ymin>13</ymin>
                <xmax>66</xmax>
                <ymax>49</ymax>
            </bndbox>
        </object>
    <object>
        <name>D</name>
        <pose>Unspecified</pose>
        <truncated>0</truncated>
        <difficult>0</difficult>
        <bndbox>
                <xmin>64</xmin>
                <ymin>13</ymin>
                <xmax>73</xmax>
                <ymax>49</ymax>
            </bndbox>
        </object>
    </annotation>
