<annotation>
    <folder>From-Labelbox-license-characters-593images</folder>
    <filename>ckiflwh74009q246aj1lg7fw8.jpeg</filename>
    <path>/home/riotu/Object Detection/Datasets/Car-detection/License-characters/From-Labelbox-license-characters-593images/ckiflwh74009q246aj1lg7fw8.jpeg</path>
    <source>
        <database>Unknown</database>
    </source>
    <size>
        <width>121</width>
        <height>106</height>
        <depth>3</depth>
    </size>
    <segmented>0</segmented>
    <object>
        <name>7</name>
        <pose>Unspecified</pose>
        <truncated>0</truncated>
        <difficult>0</difficult>
        <bndbox>
                <xmin>12</xmin>
                <ymin>27</ymin>
                <xmax>27</xmax>
                <ymax>97</ymax>
            </bndbox>
        </object>
    <object>
        <name>R</name>
        <pose>Unspecified</pose>
        <truncated>0</truncated>
        <difficult>0</difficult>
        <bndbox>
                <xmin>79</xmin>
                <ymin>25</ymin>
                <xmax>91</xmax>
                <ymax>77</ymax>
            </bndbox>
        </object>
    <object>
        <name>T</name>
        <pose>Unspecified</pose>
        <truncated>0</truncated>
        <difficult>0</difficult>
        <bndbox>
                <xmin>65</xmin>
                <ymin>23</ymin>
                <xmax>79</xmax>
                <ymax>78</ymax>
            </bndbox>
        </object>
    <object>
        <name>5</name>
        <pose>Unspecified</pose>
        <truncated>0</truncated>
        <difficult>0</difficult>
        <bndbox>
                <xmin>51</xmin>
                <ymin>25</ymin>
                <xmax>67</xmax>
                <ymax>86</ymax>
            </bndbox>
        </object>
    </annotation>
