<annotation>
    <folder>From-Labelbox-license-characters-593images</folder>
    <filename>ckifjjcrk0089246a0ilts4fq.jpeg</filename>
    <path>/home/riotu/Object Detection/Datasets/Car-detection/License-characters/From-Labelbox-license-characters-593images/ckifjjcrk0089246a0ilts4fq.jpeg</path>
    <source>
        <database>Unknown</database>
    </source>
    <size>
        <width>78</width>
        <height>61</height>
        <depth>3</depth>
    </size>
    <segmented>0</segmented>
    <object>
        <name>8</name>
        <pose>Unspecified</pose>
        <truncated>0</truncated>
        <difficult>0</difficult>
        <bndbox>
                <xmin>8</xmin>
                <ymin>11</ymin>
                <xmax>17</xmax>
                <ymax>48</ymax>
            </bndbox>
        </object>
    <object>
        <name>9</name>
        <pose>Unspecified</pose>
        <truncated>0</truncated>
        <difficult>0</difficult>
        <bndbox>
                <xmin>16</xmin>
                <ymin>10</ymin>
                <xmax>24</xmax>
                <ymax>49</ymax>
            </bndbox>
        </object>
    <object>
        <name>1</name>
        <pose>Unspecified</pose>
        <truncated>0</truncated>
        <difficult>0</difficult>
        <bndbox>
                <xmin>25</xmin>
                <ymin>11</ymin>
                <xmax>31</xmax>
                <ymax>48</ymax>
            </bndbox>
        </object>
    <object>
        <name>8</name>
        <pose>Unspecified</pose>
        <truncated>0</truncated>
        <difficult>0</difficult>
        <bndbox>
                <xmin>32</xmin>
                <ymin>11</ymin>
                <xmax>39</xmax>
                <ymax>49</ymax>
            </bndbox>
        </object>
    <object>
        <name>N</name>
        <pose>Unspecified</pose>
        <truncated>0</truncated>
        <difficult>0</difficult>
        <bndbox>
                <xmin>43</xmin>
                <ymin>13</ymin>
                <xmax>50</xmax>
                <ymax>48</ymax>
            </bndbox>
        </object>
    <object>
        <name>L</name>
        <pose>Unspecified</pose>
        <truncated>0</truncated>
        <difficult>0</difficult>
        <bndbox>
                <xmin>51</xmin>
                <ymin>14</ymin>
                <xmax>58</xmax>
                <ymax>49</ymax>
            </bndbox>
        </object>
    <object>
        <name>J</name>
        <pose>Unspecified</pose>
        <truncated>0</truncated>
        <difficult>0</difficult>
        <bndbox>
                <xmin>58</xmin>
                <ymin>14</ymin>
                <xmax>66</xmax>
                <ymax>48</ymax>
            </bndbox>
        </object>
    </annotation>
