<annotation>
    <folder>From-Labelbox-license-characters-593images</folder>
    <filename>ckifjtluf008f246a34lj58mv.jpeg</filename>
    <path>/home/riotu/Object Detection/Datasets/Car-detection/License-characters/From-Labelbox-license-characters-593images/ckifjtluf008f246a34lj58mv.jpeg</path>
    <source>
        <database>Unknown</database>
    </source>
    <size>
        <width>726</width>
        <height>481</height>
        <depth>3</depth>
    </size>
    <segmented>0</segmented>
    <object>
        <name>1</name>
        <pose>Unspecified</pose>
        <truncated>0</truncated>
        <difficult>0</difficult>
        <bndbox>
                <xmin>99</xmin>
                <ymin>160</ymin>
                <xmax>157</xmax>
                <ymax>425</ymax>
            </bndbox>
        </object>
    <object>
        <name>1</name>
        <pose>Unspecified</pose>
        <truncated>0</truncated>
        <difficult>0</difficult>
        <bndbox>
                <xmin>166</xmin>
                <ymin>142</ymin>
                <xmax>228</xmax>
                <ymax>410</ymax>
            </bndbox>
        </object>
    <object>
        <name>1</name>
        <pose>Unspecified</pose>
        <truncated>0</truncated>
        <difficult>0</difficult>
        <bndbox>
                <xmin>232</xmin>
                <ymin>131</ymin>
                <xmax>292</xmax>
                <ymax>393</ymax>
            </bndbox>
        </object>
    <object>
        <name>2</name>
        <pose>Unspecified</pose>
        <truncated>0</truncated>
        <difficult>0</difficult>
        <bndbox>
                <xmin>292</xmin>
                <ymin>109</ymin>
                <xmax>379</xmax>
                <ymax>387</ymax>
            </bndbox>
        </object>
    <object>
        <name>S</name>
        <pose>Unspecified</pose>
        <truncated>0</truncated>
        <difficult>0</difficult>
        <bndbox>
                <xmin>412</xmin>
                <ymin>123</ymin>
                <xmax>487</xmax>
                <ymax>337</ymax>
            </bndbox>
        </object>
    <object>
        <name>D</name>
        <pose>Unspecified</pose>
        <truncated>0</truncated>
        <difficult>0</difficult>
        <bndbox>
                <xmin>544</xmin>
                <ymin>95</ymin>
                <xmax>612</xmax>
                <ymax>309</ymax>
            </bndbox>
        </object>
    </annotation>
