<annotation>
    <folder>From-Labelbox-license-characters-593images</folder>
    <filename>ckifjruh0008e246a6zocho5x.jpeg</filename>
    <path>/home/riotu/Object Detection/Datasets/Car-detection/License-characters/From-Labelbox-license-characters-593images/ckifjruh0008e246a6zocho5x.jpeg</path>
    <source>
        <database>Unknown</database>
    </source>
    <size>
        <width>67</width>
        <height>40</height>
        <depth>3</depth>
    </size>
    <segmented>0</segmented>
    <object>
        <name>6</name>
        <pose>Unspecified</pose>
        <truncated>0</truncated>
        <difficult>0</difficult>
        <bndbox>
                <xmin>4</xmin>
                <ymin>6</ymin>
                <xmax>11</xmax>
                <ymax>35</ymax>
            </bndbox>
        </object>
    <object>
        <name>0</name>
        <pose>Unspecified</pose>
        <truncated>0</truncated>
        <difficult>0</difficult>
        <bndbox>
                <xmin>11</xmin>
                <ymin>9</ymin>
                <xmax>17</xmax>
                <ymax>35</ymax>
            </bndbox>
        </object>
    <object>
        <name>0</name>
        <pose>Unspecified</pose>
        <truncated>0</truncated>
        <difficult>0</difficult>
        <bndbox>
                <xmin>17</xmin>
                <ymin>11</ymin>
                <xmax>23</xmax>
                <ymax>35</ymax>
            </bndbox>
        </object>
    <object>
        <name>3</name>
        <pose>Unspecified</pose>
        <truncated>0</truncated>
        <difficult>0</difficult>
        <bndbox>
                <xmin>24</xmin>
                <ymin>7</ymin>
                <xmax>32</xmax>
                <ymax>34</ymax>
            </bndbox>
        </object>
    <object>
        <name>T</name>
        <pose>Unspecified</pose>
        <truncated>0</truncated>
        <difficult>0</difficult>
        <bndbox>
                <xmin>34</xmin>
                <ymin>8</ymin>
                <xmax>41</xmax>
                <ymax>34</ymax>
            </bndbox>
        </object>
    <object>
        <name>L</name>
        <pose>Unspecified</pose>
        <truncated>0</truncated>
        <difficult>0</difficult>
        <bndbox>
                <xmin>41</xmin>
                <ymin>9</ymin>
                <xmax>48</xmax>
                <ymax>33</ymax>
            </bndbox>
        </object>
    <object>
        <name>D</name>
        <pose>Unspecified</pose>
        <truncated>0</truncated>
        <difficult>0</difficult>
        <bndbox>
                <xmin>47</xmin>
                <ymin>10</ymin>
                <xmax>55</xmax>
                <ymax>35</ymax>
            </bndbox>
        </object>
    </annotation>
