<annotation>
    <folder>From-Labelbox-license-characters-593images</folder>
    <filename>ckifkoc1y0092246amgflfxdm.jpeg</filename>
    <path>/home/riotu/Object Detection/Datasets/Car-detection/License-characters/From-Labelbox-license-characters-593images/ckifkoc1y0092246amgflfxdm.jpeg</path>
    <source>
        <database>Unknown</database>
    </source>
    <size>
        <width>87</width>
        <height>30</height>
        <depth>3</depth>
    </size>
    <segmented>0</segmented>
    <object>
        <name>5</name>
        <pose>Unspecified</pose>
        <truncated>0</truncated>
        <difficult>0</difficult>
        <bndbox>
                <xmin>7</xmin>
                <ymin>8</ymin>
                <xmax>12</xmax>
                <ymax>26</ymax>
            </bndbox>
        </object>
    <object>
        <name>5</name>
        <pose>Unspecified</pose>
        <truncated>0</truncated>
        <difficult>0</difficult>
        <bndbox>
                <xmin>14</xmin>
                <ymin>8</ymin>
                <xmax>19</xmax>
                <ymax>26</ymax>
            </bndbox>
        </object>
    <object>
        <name>4</name>
        <pose>Unspecified</pose>
        <truncated>0</truncated>
        <difficult>0</difficult>
        <bndbox>
                <xmin>20</xmin>
                <ymin>8</ymin>
                <xmax>26</xmax>
                <ymax>26</ymax>
            </bndbox>
        </object>
    <object>
        <name>2</name>
        <pose>Unspecified</pose>
        <truncated>0</truncated>
        <difficult>0</difficult>
        <bndbox>
                <xmin>27</xmin>
                <ymin>7</ymin>
                <xmax>34</xmax>
                <ymax>25</ymax>
            </bndbox>
        </object>
    <object>
        <name>B</name>
        <pose>Unspecified</pose>
        <truncated>0</truncated>
        <difficult>0</difficult>
        <bndbox>
                <xmin>52</xmin>
                <ymin>9</ymin>
                <xmax>60</xmax>
                <ymax>26</ymax>
            </bndbox>
        </object>
    <object>
        <name>V</name>
        <pose>Unspecified</pose>
        <truncated>0</truncated>
        <difficult>0</difficult>
        <bndbox>
                <xmin>60</xmin>
                <ymin>6</ymin>
                <xmax>67</xmax>
                <ymax>27</ymax>
            </bndbox>
        </object>
    <object>
        <name>J</name>
        <pose>Unspecified</pose>
        <truncated>0</truncated>
        <difficult>0</difficult>
        <bndbox>
                <xmin>67</xmin>
                <ymin>6</ymin>
                <xmax>74</xmax>
                <ymax>27</ymax>
            </bndbox>
        </object>
    </annotation>
