<annotation>
    <folder>From-Labelbox-license-characters-593images</folder>
    <filename>ckifkdcpu008u246abrkusq9v.jpeg</filename>
    <path>/home/riotu/Object Detection/Datasets/Car-detection/License-characters/From-Labelbox-license-characters-593images/ckifkdcpu008u246abrkusq9v.jpeg</path>
    <source>
        <database>Unknown</database>
    </source>
    <size>
        <width>788</width>
        <height>504</height>
        <depth>3</depth>
    </size>
    <segmented>0</segmented>
    <object>
        <name>6</name>
        <pose>Unspecified</pose>
        <truncated>0</truncated>
        <difficult>0</difficult>
        <bndbox>
                <xmin>173</xmin>
                <ymin>264</ymin>
                <xmax>227</xmax>
                <ymax>423</ymax>
            </bndbox>
        </object>
    <object>
        <name>4</name>
        <pose>Unspecified</pose>
        <truncated>0</truncated>
        <difficult>0</difficult>
        <bndbox>
                <xmin>256</xmin>
                <ymin>236</ymin>
                <xmax>304</xmax>
                <ymax>402</ymax>
            </bndbox>
        </object>
    <object>
        <name>1</name>
        <pose>Unspecified</pose>
        <truncated>0</truncated>
        <difficult>0</difficult>
        <bndbox>
                <xmin>335</xmin>
                <ymin>215</ymin>
                <xmax>374</xmax>
                <ymax>376</ymax>
            </bndbox>
        </object>
    <object>
        <name>B</name>
        <pose>Unspecified</pose>
        <truncated>0</truncated>
        <difficult>0</difficult>
        <bndbox>
                <xmin>487</xmin>
                <ymin>164</ymin>
                <xmax>539</xmax>
                <ymax>313</ymax>
            </bndbox>
        </object>
    <object>
        <name>B</name>
        <pose>Unspecified</pose>
        <truncated>0</truncated>
        <difficult>0</difficult>
        <bndbox>
                <xmin>550</xmin>
                <ymin>140</ymin>
                <xmax>602</xmax>
                <ymax>284</ymax>
            </bndbox>
        </object>
    <object>
        <name>B</name>
        <pose>Unspecified</pose>
        <truncated>0</truncated>
        <difficult>0</difficult>
        <bndbox>
                <xmin>607</xmin>
                <ymin>110</ymin>
                <xmax>659</xmax>
                <ymax>256</ymax>
            </bndbox>
        </object>
    </annotation>
