<annotation>
    <folder>From-Labelbox-license-characters-593images</folder>
    <filename>ckifkaw4q008s246alvvfpfyr.jpeg</filename>
    <path>/home/riotu/Object Detection/Datasets/Car-detection/License-characters/From-Labelbox-license-characters-593images/ckifkaw4q008s246alvvfpfyr.jpeg</path>
    <source>
        <database>Unknown</database>
    </source>
    <size>
        <width>113</width>
        <height>67</height>
        <depth>3</depth>
    </size>
    <segmented>0</segmented>
    <object>
        <name>5</name>
        <pose>Unspecified</pose>
        <truncated>0</truncated>
        <difficult>0</difficult>
        <bndbox>
                <xmin>14</xmin>
                <ymin>13</ymin>
                <xmax>26</xmax>
                <ymax>58</ymax>
            </bndbox>
        </object>
    <object>
        <name>6</name>
        <pose>Unspecified</pose>
        <truncated>0</truncated>
        <difficult>0</difficult>
        <bndbox>
                <xmin>24</xmin>
                <ymin>9</ymin>
                <xmax>37</xmax>
                <ymax>58</ymax>
            </bndbox>
        </object>
    <object>
        <name>2</name>
        <pose>Unspecified</pose>
        <truncated>0</truncated>
        <difficult>0</difficult>
        <bndbox>
                <xmin>35</xmin>
                <ymin>9</ymin>
                <xmax>47</xmax>
                <ymax>58</ymax>
            </bndbox>
        </object>
    <object>
        <name>3</name>
        <pose>Unspecified</pose>
        <truncated>0</truncated>
        <difficult>0</difficult>
        <bndbox>
                <xmin>46</xmin>
                <ymin>8</ymin>
                <xmax>58</xmax>
                <ymax>58</ymax>
            </bndbox>
        </object>
    <object>
        <name>J</name>
        <pose>Unspecified</pose>
        <truncated>0</truncated>
        <difficult>0</difficult>
        <bndbox>
                <xmin>61</xmin>
                <ymin>11</ymin>
                <xmax>74</xmax>
                <ymax>55</ymax>
            </bndbox>
        </object>
    <object>
        <name>L</name>
        <pose>Unspecified</pose>
        <truncated>0</truncated>
        <difficult>0</difficult>
        <bndbox>
                <xmin>74</xmin>
                <ymin>11</ymin>
                <xmax>85</xmax>
                <ymax>53</ymax>
            </bndbox>
        </object>
    <object>
        <name>D</name>
        <pose>Unspecified</pose>
        <truncated>0</truncated>
        <difficult>0</difficult>
        <bndbox>
                <xmin>84</xmin>
                <ymin>14</ymin>
                <xmax>95</xmax>
                <ymax>53</ymax>
            </bndbox>
        </object>
    </annotation>
