<annotation>
    <folder>From-Labelbox-license-characters-593images</folder>
    <filename>ckifndgvd00a9246aa06cpuvg.jpeg</filename>
    <path>/home/riotu/Object Detection/Datasets/Car-detection/License-characters/From-Labelbox-license-characters-593images/ckifndgvd00a9246aa06cpuvg.jpeg</path>
    <source>
        <database>Unknown</database>
    </source>
    <size>
        <width>779</width>
        <height>427</height>
        <depth>3</depth>
    </size>
    <segmented>0</segmented>
    <object>
        <name>1</name>
        <pose>Unspecified</pose>
        <truncated>0</truncated>
        <difficult>0</difficult>
        <bndbox>
                <xmin>93</xmin>
                <ymin>230</ymin>
                <xmax>127</xmax>
                <ymax>385</ymax>
            </bndbox>
        </object>
    <object>
        <name>1</name>
        <pose>Unspecified</pose>
        <truncated>0</truncated>
        <difficult>0</difficult>
        <bndbox>
                <xmin>167</xmin>
                <ymin>217</ymin>
                <xmax>197</xmax>
                <ymax>366</ymax>
            </bndbox>
        </object>
    <object>
        <name>4</name>
        <pose>Unspecified</pose>
        <truncated>0</truncated>
        <difficult>0</difficult>
        <bndbox>
                <xmin>242</xmin>
                <ymin>197</ymin>
                <xmax>279</xmax>
                <ymax>352</ymax>
            </bndbox>
        </object>
    <object>
        <name>3</name>
        <pose>Unspecified</pose>
        <truncated>0</truncated>
        <difficult>0</difficult>
        <bndbox>
                <xmin>310</xmin>
                <ymin>177</ymin>
                <xmax>352</xmax>
                <ymax>335</ymax>
            </bndbox>
        </object>
    <object>
        <name>A</name>
        <pose>Unspecified</pose>
        <truncated>0</truncated>
        <difficult>0</difficult>
        <bndbox>
                <xmin>558</xmin>
                <ymin>104</ymin>
                <xmax>601</xmax>
                <ymax>256</ymax>
            </bndbox>
        </object>
    <object>
        <name>A</name>
        <pose>Unspecified</pose>
        <truncated>0</truncated>
        <difficult>0</difficult>
        <bndbox>
                <xmin>619</xmin>
                <ymin>85</ymin>
                <xmax>661</xmax>
                <ymax>230</ymax>
            </bndbox>
        </object>
    <object>
        <name>A</name>
        <pose>Unspecified</pose>
        <truncated>0</truncated>
        <difficult>0</difficult>
        <bndbox>
                <xmin>679</xmin>
                <ymin>59</ymin>
                <xmax>715</xmax>
                <ymax>208</ymax>
            </bndbox>
        </object>
    </annotation>
