<annotation>
    <folder>From-Labelbox-license-characters-593images</folder>
    <filename>ckifjhfu40087246ad8vtmevv.jpeg</filename>
    <path>/home/riotu/Object Detection/Datasets/Car-detection/License-characters/From-Labelbox-license-characters-593images/ckifjhfu40087246ad8vtmevv.jpeg</path>
    <source>
        <database>Unknown</database>
    </source>
    <size>
        <width>78</width>
        <height>63</height>
        <depth>3</depth>
    </size>
    <segmented>0</segmented>
    <object>
        <name>7</name>
        <pose>Unspecified</pose>
        <truncated>0</truncated>
        <difficult>0</difficult>
        <bndbox>
                <xmin>11</xmin>
                <ymin>11</ymin>
                <xmax>20</xmax>
                <ymax>59</ymax>
            </bndbox>
        </object>
    <object>
        <name>0</name>
        <pose>Unspecified</pose>
        <truncated>0</truncated>
        <difficult>0</difficult>
        <bndbox>
                <xmin>21</xmin>
                <ymin>19</ymin>
                <xmax>29</xmax>
                <ymax>55</ymax>
            </bndbox>
        </object>
    </annotation>
