<annotation>
    <folder>From-Labelbox-license-characters-593images</folder>
    <filename>ckifjoq2h008c246ayha20ym4.jpeg</filename>
    <path>/home/riotu/Object Detection/Datasets/Car-detection/License-characters/From-Labelbox-license-characters-593images/ckifjoq2h008c246ayha20ym4.jpeg</path>
    <source>
        <database>Unknown</database>
    </source>
    <size>
        <width>96</width>
        <height>75</height>
        <depth>3</depth>
    </size>
    <segmented>0</segmented>
    <object>
        <name>5</name>
        <pose>Unspecified</pose>
        <truncated>0</truncated>
        <difficult>0</difficult>
        <bndbox>
                <xmin>10</xmin>
                <ymin>20</ymin>
                <xmax>23</xmax>
                <ymax>67</ymax>
            </bndbox>
        </object>
    <object>
        <name>S</name>
        <pose>Unspecified</pose>
        <truncated>0</truncated>
        <difficult>0</difficult>
        <bndbox>
                <xmin>51</xmin>
                <ymin>17</ymin>
                <xmax>63</xmax>
                <ymax>57</ymax>
            </bndbox>
        </object>
    <object>
        <name>0</name>
        <pose>Unspecified</pose>
        <truncated>0</truncated>
        <difficult>0</difficult>
        <bndbox>
                <xmin>40</xmin>
                <ymin>21</ymin>
                <xmax>50</xmax>
                <ymax>62</ymax>
            </bndbox>
        </object>
    </annotation>
