<annotation>
    <folder>From-Labelbox-license-characters-593images</folder>
    <filename>ckj2quqiu0006246a9vt9zjcq.png</filename>
    <path>/home/riotu/Object Detection/Datasets/Car-detection/License-characters/From-Labelbox-license-characters-593images/ckj2quqiu0006246a9vt9zjcq.png</path>
    <source>
        <database>Unknown</database>
    </source>
    <size>
        <width>92</width>
        <height>68</height>
        <depth>3</depth>
    </size>
    <segmented>0</segmented>
    <object>
        <name>4</name>
        <pose>Unspecified</pose>
        <truncated>0</truncated>
        <difficult>0</difficult>
        <bndbox>
                <xmin>10</xmin>
                <ymin>10</ymin>
                <xmax>20</xmax>
                <ymax>54</ymax>
            </bndbox>
        </object>
    <object>
        <name>5</name>
        <pose>Unspecified</pose>
        <truncated>0</truncated>
        <difficult>0</difficult>
        <bndbox>
                <xmin>19</xmin>
                <ymin>14</ymin>
                <xmax>30</xmax>
                <ymax>54</ymax>
            </bndbox>
        </object>
    <object>
        <name>4</name>
        <pose>Unspecified</pose>
        <truncated>0</truncated>
        <difficult>0</difficult>
        <bndbox>
                <xmin>27</xmin>
                <ymin>15</ymin>
                <xmax>38</xmax>
                <ymax>57</ymax>
            </bndbox>
        </object>
    <object>
        <name>4</name>
        <pose>Unspecified</pose>
        <truncated>0</truncated>
        <difficult>0</difficult>
        <bndbox>
                <xmin>37</xmin>
                <ymin>18</ymin>
                <xmax>48</xmax>
                <ymax>59</ymax>
            </bndbox>
        </object>
    <object>
        <name>N</name>
        <pose>Unspecified</pose>
        <truncated>0</truncated>
        <difficult>0</difficult>
        <bndbox>
                <xmin>49</xmin>
                <ymin>22</ymin>
                <xmax>60</xmax>
                <ymax>58</ymax>
            </bndbox>
        </object>
    <object>
        <name>J</name>
        <pose>Unspecified</pose>
        <truncated>0</truncated>
        <difficult>0</difficult>
        <bndbox>
                <xmin>69</xmin>
                <ymin>21</ymin>
                <xmax>80</xmax>
                <ymax>61</ymax>
            </bndbox>
        </object>
    </annotation>
