<annotation>
    <folder>From-Labelbox-license-characters-593images</folder>
    <filename>ckj2r555p000d246ao6mwjwnh.png</filename>
    <path>/home/riotu/Object Detection/Datasets/Car-detection/License-characters/From-Labelbox-license-characters-593images/ckj2r555p000d246ao6mwjwnh.png</path>
    <source>
        <database>Unknown</database>
    </source>
    <size>
        <width>95</width>
        <height>66</height>
        <depth>3</depth>
    </size>
    <segmented>0</segmented>
    <object>
        <name>5</name>
        <pose>Unspecified</pose>
        <truncated>0</truncated>
        <difficult>0</difficult>
        <bndbox>
                <xmin>6</xmin>
                <ymin>12</ymin>
                <xmax>17</xmax>
                <ymax>51</ymax>
            </bndbox>
        </object>
    <object>
        <name>7</name>
        <pose>Unspecified</pose>
        <truncated>0</truncated>
        <difficult>0</difficult>
        <bndbox>
                <xmin>15</xmin>
                <ymin>11</ymin>
                <xmax>27</xmax>
                <ymax>49</ymax>
            </bndbox>
        </object>
    <object>
        <name>3</name>
        <pose>Unspecified</pose>
        <truncated>0</truncated>
        <difficult>0</difficult>
        <bndbox>
                <xmin>25</xmin>
                <ymin>13</ymin>
                <xmax>36</xmax>
                <ymax>52</ymax>
            </bndbox>
        </object>
    <object>
        <name>2</name>
        <pose>Unspecified</pose>
        <truncated>0</truncated>
        <difficult>0</difficult>
        <bndbox>
                <xmin>34</xmin>
                <ymin>12</ymin>
                <xmax>46</xmax>
                <ymax>53</ymax>
            </bndbox>
        </object>
    <object>
        <name>N</name>
        <pose>Unspecified</pose>
        <truncated>0</truncated>
        <difficult>0</difficult>
        <bndbox>
                <xmin>48</xmin>
                <ymin>18</ymin>
                <xmax>58</xmax>
                <ymax>52</ymax>
            </bndbox>
        </object>
    <object>
        <name>X</name>
        <pose>Unspecified</pose>
        <truncated>0</truncated>
        <difficult>0</difficult>
        <bndbox>
                <xmin>58</xmin>
                <ymin>18</ymin>
                <xmax>68</xmax>
                <ymax>52</ymax>
            </bndbox>
        </object>
    <object>
        <name>D</name>
        <pose>Unspecified</pose>
        <truncated>0</truncated>
        <difficult>0</difficult>
        <bndbox>
                <xmin>66</xmin>
                <ymin>22</ymin>
                <xmax>78</xmax>
                <ymax>55</ymax>
            </bndbox>
        </object>
    </annotation>
