<annotation>
    <folder>From-Labelbox-license-characters-593images</folder>
    <filename>ckj2rzh03000z246a54lcpu1m.png</filename>
    <path>/home/riotu/Object Detection/Datasets/Car-detection/License-characters/From-Labelbox-license-characters-593images/ckj2rzh03000z246a54lcpu1m.png</path>
    <source>
        <database>Unknown</database>
    </source>
    <size>
        <width>134</width>
        <height>104</height>
        <depth>3</depth>
    </size>
    <segmented>0</segmented>
    <object>
        <name>3</name>
        <pose>Unspecified</pose>
        <truncated>0</truncated>
        <difficult>0</difficult>
        <bndbox>
                <xmin>14</xmin>
                <ymin>2</ymin>
                <xmax>26</xmax>
                <ymax>74</ymax>
            </bndbox>
        </object>
    <object>
        <name>5</name>
        <pose>Unspecified</pose>
        <truncated>0</truncated>
        <difficult>0</difficult>
        <bndbox>
                <xmin>26</xmin>
                <ymin>9</ymin>
                <xmax>38</xmax>
                <ymax>77</ymax>
            </bndbox>
        </object>
    <object>
        <name>8</name>
        <pose>Unspecified</pose>
        <truncated>0</truncated>
        <difficult>0</difficult>
        <bndbox>
                <xmin>39</xmin>
                <ymin>11</ymin>
                <xmax>50</xmax>
                <ymax>82</ymax>
            </bndbox>
        </object>
    <object>
        <name>0</name>
        <pose>Unspecified</pose>
        <truncated>0</truncated>
        <difficult>0</difficult>
        <bndbox>
                <xmin>49</xmin>
                <ymin>26</ymin>
                <xmax>62</xmax>
                <ymax>87</ymax>
            </bndbox>
        </object>
    <object>
        <name>D</name>
        <pose>Unspecified</pose>
        <truncated>0</truncated>
        <difficult>0</difficult>
        <bndbox>
                <xmin>65</xmin>
                <ymin>30</ymin>
                <xmax>79</xmax>
                <ymax>91</ymax>
            </bndbox>
        </object>
    <object>
        <name>R</name>
        <pose>Unspecified</pose>
        <truncated>0</truncated>
        <difficult>0</difficult>
        <bndbox>
                <xmin>80</xmin>
                <ymin>36</ymin>
                <xmax>94</xmax>
                <ymax>93</ymax>
            </bndbox>
        </object>
    <object>
        <name>A</name>
        <pose>Unspecified</pose>
        <truncated>0</truncated>
        <difficult>0</difficult>
        <bndbox>
                <xmin>93</xmin>
                <ymin>35</ymin>
                <xmax>107</xmax>
                <ymax>99</ymax>
            </bndbox>
        </object>
    </annotation>
