<annotation>
    <folder>From-Labelbox-license-characters-593images</folder>
    <filename>ckj2rtcon000v246az0rya2ot.png</filename>
    <path>/home/riotu/Object Detection/Datasets/Car-detection/License-characters/From-Labelbox-license-characters-593images/ckj2rtcon000v246az0rya2ot.png</path>
    <source>
        <database>Unknown</database>
    </source>
    <size>
        <width>91</width>
        <height>63</height>
        <depth>3</depth>
    </size>
    <segmented>0</segmented>
    <object>
        <name>8</name>
        <pose>Unspecified</pose>
        <truncated>0</truncated>
        <difficult>0</difficult>
        <bndbox>
                <xmin>7</xmin>
                <ymin>11</ymin>
                <xmax>16</xmax>
                <ymax>45</ymax>
            </bndbox>
        </object>
    <object>
        <name>5</name>
        <pose>Unspecified</pose>
        <truncated>0</truncated>
        <difficult>0</difficult>
        <bndbox>
                <xmin>15</xmin>
                <ymin>14</ymin>
                <xmax>24</xmax>
                <ymax>45</ymax>
            </bndbox>
        </object>
    <object>
        <name>8</name>
        <pose>Unspecified</pose>
        <truncated>0</truncated>
        <difficult>0</difficult>
        <bndbox>
                <xmin>24</xmin>
                <ymin>13</ymin>
                <xmax>32</xmax>
                <ymax>46</ymax>
            </bndbox>
        </object>
    <object>
        <name>3</name>
        <pose>Unspecified</pose>
        <truncated>0</truncated>
        <difficult>0</difficult>
        <bndbox>
                <xmin>31</xmin>
                <ymin>13</ymin>
                <xmax>42</xmax>
                <ymax>47</ymax>
            </bndbox>
        </object>
    <object>
        <name>J</name>
        <pose>Unspecified</pose>
        <truncated>0</truncated>
        <difficult>0</difficult>
        <bndbox>
                <xmin>43</xmin>
                <ymin>15</ymin>
                <xmax>51</xmax>
                <ymax>46</ymax>
            </bndbox>
        </object>
    <object>
        <name>L</name>
        <pose>Unspecified</pose>
        <truncated>0</truncated>
        <difficult>0</difficult>
        <bndbox>
                <xmin>50</xmin>
                <ymin>16</ymin>
                <xmax>59</xmax>
                <ymax>48</ymax>
            </bndbox>
        </object>
    <object>
        <name>B</name>
        <pose>Unspecified</pose>
        <truncated>0</truncated>
        <difficult>0</difficult>
        <bndbox>
                <xmin>59</xmin>
                <ymin>19</ymin>
                <xmax>69</xmax>
                <ymax>48</ymax>
            </bndbox>
        </object>
    </annotation>
