<annotation>
    <folder>From-Labelbox-license-characters-593images</folder>
    <filename>ckj2rp2a5000s246aim7iyhd7.png</filename>
    <path>/home/riotu/Object Detection/Datasets/Car-detection/License-characters/From-Labelbox-license-characters-593images/ckj2rp2a5000s246aim7iyhd7.png</path>
    <source>
        <database>Unknown</database>
    </source>
    <size>
        <width>90</width>
        <height>65</height>
        <depth>3</depth>
    </size>
    <segmented>0</segmented>
    <object>
        <name>5</name>
        <pose>Unspecified</pose>
        <truncated>0</truncated>
        <difficult>0</difficult>
        <bndbox>
                <xmin>2</xmin>
                <ymin>11</ymin>
                <xmax>12</xmax>
                <ymax>49</ymax>
            </bndbox>
        </object>
    <object>
        <name>7</name>
        <pose>Unspecified</pose>
        <truncated>0</truncated>
        <difficult>0</difficult>
        <bndbox>
                <xmin>10</xmin>
                <ymin>10</ymin>
                <xmax>21</xmax>
                <ymax>51</ymax>
            </bndbox>
        </object>
    <object>
        <name>3</name>
        <pose>Unspecified</pose>
        <truncated>0</truncated>
        <difficult>0</difficult>
        <bndbox>
                <xmin>20</xmin>
                <ymin>11</ymin>
                <xmax>30</xmax>
                <ymax>51</ymax>
            </bndbox>
        </object>
    <object>
        <name>2</name>
        <pose>Unspecified</pose>
        <truncated>0</truncated>
        <difficult>0</difficult>
        <bndbox>
                <xmin>29</xmin>
                <ymin>11</ymin>
                <xmax>40</xmax>
                <ymax>52</ymax>
            </bndbox>
        </object>
    <object>
        <name>N</name>
        <pose>Unspecified</pose>
        <truncated>0</truncated>
        <difficult>0</difficult>
        <bndbox>
                <xmin>43</xmin>
                <ymin>17</ymin>
                <xmax>53</xmax>
                <ymax>51</ymax>
            </bndbox>
        </object>
    <object>
        <name>X</name>
        <pose>Unspecified</pose>
        <truncated>0</truncated>
        <difficult>0</difficult>
        <bndbox>
                <xmin>53</xmin>
                <ymin>18</ymin>
                <xmax>63</xmax>
                <ymax>52</ymax>
            </bndbox>
        </object>
    <object>
        <name>D</name>
        <pose>Unspecified</pose>
        <truncated>0</truncated>
        <difficult>0</difficult>
        <bndbox>
                <xmin>63</xmin>
                <ymin>19</ymin>
                <xmax>73</xmax>
                <ymax>52</ymax>
            </bndbox>
        </object>
    </annotation>
