<annotation>
    <folder>From-Labelbox-license-characters-593images</folder>
    <filename>ckj2racn0000h246avzbjzvn4.png</filename>
    <path>/home/riotu/Object Detection/Datasets/Car-detection/License-characters/From-Labelbox-license-characters-593images/ckj2racn0000h246avzbjzvn4.png</path>
    <source>
        <database>Unknown</database>
    </source>
    <size>
        <width>120</width>
        <height>84</height>
        <depth>3</depth>
    </size>
    <segmented>0</segmented>
    <object>
        <name>3</name>
        <pose>Unspecified</pose>
        <truncated>0</truncated>
        <difficult>0</difficult>
        <bndbox>
                <xmin>14</xmin>
                <ymin>11</ymin>
                <xmax>28</xmax>
                <ymax>61</ymax>
            </bndbox>
        </object>
    <object>
        <name>7</name>
        <pose>Unspecified</pose>
        <truncated>0</truncated>
        <difficult>0</difficult>
        <bndbox>
                <xmin>26</xmin>
                <ymin>11</ymin>
                <xmax>40</xmax>
                <ymax>62</ymax>
            </bndbox>
        </object>
    <object>
        <name>3</name>
        <pose>Unspecified</pose>
        <truncated>0</truncated>
        <difficult>0</difficult>
        <bndbox>
                <xmin>39</xmin>
                <ymin>16</ymin>
                <xmax>51</xmax>
                <ymax>65</ymax>
            </bndbox>
        </object>
    <object>
        <name>5</name>
        <pose>Unspecified</pose>
        <truncated>0</truncated>
        <difficult>0</difficult>
        <bndbox>
                <xmin>50</xmin>
                <ymin>19</ymin>
                <xmax>63</xmax>
                <ymax>67</ymax>
            </bndbox>
        </object>
    <object>
        <name>T</name>
        <pose>Unspecified</pose>
        <truncated>0</truncated>
        <difficult>0</difficult>
        <bndbox>
                <xmin>66</xmin>
                <ymin>21</ymin>
                <xmax>77</xmax>
                <ymax>68</ymax>
            </bndbox>
        </object>
    <object>
        <name>J</name>
        <pose>Unspecified</pose>
        <truncated>0</truncated>
        <difficult>0</difficult>
        <bndbox>
                <xmin>76</xmin>
                <ymin>25</ymin>
                <xmax>90</xmax>
                <ymax>68</ymax>
            </bndbox>
        </object>
    <object>
        <name>D</name>
        <pose>Unspecified</pose>
        <truncated>0</truncated>
        <difficult>0</difficult>
        <bndbox>
                <xmin>89</xmin>
                <ymin>30</ymin>
                <xmax>100</xmax>
                <ymax>71</ymax>
            </bndbox>
        </object>
    </annotation>
