<annotation>
    <folder>From-Labelbox-license-characters-593images</folder>
    <filename>ckj2riwk0000n246afkusm6ot.png</filename>
    <path>/home/riotu/Object Detection/Datasets/Car-detection/License-characters/From-Labelbox-license-characters-593images/ckj2riwk0000n246afkusm6ot.png</path>
    <source>
        <database>Unknown</database>
    </source>
    <size>
        <width>125</width>
        <height>105</height>
        <depth>3</depth>
    </size>
    <segmented>0</segmented>
    <object>
        <name>8</name>
        <pose>Unspecified</pose>
        <truncated>0</truncated>
        <difficult>0</difficult>
        <bndbox>
                <xmin>22</xmin>
                <ymin>10</ymin>
                <xmax>36</xmax>
                <ymax>76</ymax>
            </bndbox>
        </object>
    <object>
        <name>2</name>
        <pose>Unspecified</pose>
        <truncated>0</truncated>
        <difficult>0</difficult>
        <bndbox>
                <xmin>32</xmin>
                <ymin>12</ymin>
                <xmax>45</xmax>
                <ymax>80</ymax>
            </bndbox>
        </object>
    <object>
        <name>3</name>
        <pose>Unspecified</pose>
        <truncated>0</truncated>
        <difficult>0</difficult>
        <bndbox>
                <xmin>42</xmin>
                <ymin>14</ymin>
                <xmax>55</xmax>
                <ymax>81</ymax>
            </bndbox>
        </object>
    <object>
        <name>3</name>
        <pose>Unspecified</pose>
        <truncated>0</truncated>
        <difficult>0</difficult>
        <bndbox>
                <xmin>53</xmin>
                <ymin>18</ymin>
                <xmax>68</xmax>
                <ymax>86</ymax>
            </bndbox>
        </object>
    <object>
        <name>T</name>
        <pose>Unspecified</pose>
        <truncated>0</truncated>
        <difficult>0</difficult>
        <bndbox>
                <xmin>69</xmin>
                <ymin>24</ymin>
                <xmax>80</xmax>
                <ymax>87</ymax>
            </bndbox>
        </object>
    <object>
        <name>Z</name>
        <pose>Unspecified</pose>
        <truncated>0</truncated>
        <difficult>0</difficult>
        <bndbox>
                <xmin>80</xmin>
                <ymin>30</ymin>
                <xmax>91</xmax>
                <ymax>91</ymax>
            </bndbox>
        </object>
    <object>
        <name>J</name>
        <pose>Unspecified</pose>
        <truncated>0</truncated>
        <difficult>0</difficult>
        <bndbox>
                <xmin>90</xmin>
                <ymin>32</ymin>
                <xmax>103</xmax>
                <ymax>95</ymax>
            </bndbox>
        </object>
    </annotation>
