<annotation>
    <folder>From-Labelbox-license-characters-593images</folder>
    <filename>ckj2rmijz000q246afu1m860q.png</filename>
    <path>/home/riotu/Object Detection/Datasets/Car-detection/License-characters/From-Labelbox-license-characters-593images/ckj2rmijz000q246afu1m860q.png</path>
    <source>
        <database>Unknown</database>
    </source>
    <size>
        <width>117</width>
        <height>73</height>
        <depth>3</depth>
    </size>
    <segmented>0</segmented>
    <object>
        <name>6</name>
        <pose>Unspecified</pose>
        <truncated>0</truncated>
        <difficult>0</difficult>
        <bndbox>
                <xmin>13</xmin>
                <ymin>13</ymin>
                <xmax>21</xmax>
                <ymax>59</ymax>
            </bndbox>
        </object>
    <object>
        <name>6</name>
        <pose>Unspecified</pose>
        <truncated>0</truncated>
        <difficult>0</difficult>
        <bndbox>
                <xmin>21</xmin>
                <ymin>16</ymin>
                <xmax>32</xmax>
                <ymax>58</ymax>
            </bndbox>
        </object>
    <object>
        <name>7</name>
        <pose>Unspecified</pose>
        <truncated>0</truncated>
        <difficult>0</difficult>
        <bndbox>
                <xmin>31</xmin>
                <ymin>18</ymin>
                <xmax>41</xmax>
                <ymax>60</ymax>
            </bndbox>
        </object>
    <object>
        <name>2</name>
        <pose>Unspecified</pose>
        <truncated>0</truncated>
        <difficult>0</difficult>
        <bndbox>
                <xmin>41</xmin>
                <ymin>18</ymin>
                <xmax>51</xmax>
                <ymax>63</ymax>
            </bndbox>
        </object>
    <object>
        <name>B</name>
        <pose>Unspecified</pose>
        <truncated>0</truncated>
        <difficult>0</difficult>
        <bndbox>
                <xmin>53</xmin>
                <ymin>24</ymin>
                <xmax>64</xmax>
                <ymax>64</ymax>
            </bndbox>
        </object>
    <object>
        <name>U</name>
        <pose>Unspecified</pose>
        <truncated>0</truncated>
        <difficult>0</difficult>
        <bndbox>
                <xmin>64</xmin>
                <ymin>26</ymin>
                <xmax>75</xmax>
                <ymax>63</ymax>
            </bndbox>
        </object>
    <object>
        <name>A</name>
        <pose>Unspecified</pose>
        <truncated>0</truncated>
        <difficult>0</difficult>
        <bndbox>
                <xmin>73</xmin>
                <ymin>26</ymin>
                <xmax>84</xmax>
                <ymax>64</ymax>
            </bndbox>
        </object>
    </annotation>
