<annotation>
    <folder>From-Labelbox-license-characters-593images</folder>
    <filename>ckj2qr3rk0004246a7jdudo8p.png</filename>
    <path>/home/riotu/Object Detection/Datasets/Car-detection/License-characters/From-Labelbox-license-characters-593images/ckj2qr3rk0004246a7jdudo8p.png</path>
    <source>
        <database>Unknown</database>
    </source>
    <size>
        <width>98</width>
        <height>67</height>
        <depth>3</depth>
    </size>
    <segmented>0</segmented>
    <object>
        <name>5</name>
        <pose>Unspecified</pose>
        <truncated>0</truncated>
        <difficult>0</difficult>
        <bndbox>
                <xmin>7</xmin>
                <ymin>13</ymin>
                <xmax>17</xmax>
                <ymax>52</ymax>
            </bndbox>
        </object>
    <object>
        <name>7</name>
        <pose>Unspecified</pose>
        <truncated>0</truncated>
        <difficult>0</difficult>
        <bndbox>
                <xmin>16</xmin>
                <ymin>12</ymin>
                <xmax>27</xmax>
                <ymax>52</ymax>
            </bndbox>
        </object>
    <object>
        <name>3</name>
        <pose>Unspecified</pose>
        <truncated>0</truncated>
        <difficult>0</difficult>
        <bndbox>
                <xmin>26</xmin>
                <ymin>13</ymin>
                <xmax>37</xmax>
                <ymax>55</ymax>
            </bndbox>
        </object>
    <object>
        <name>2</name>
        <pose>Unspecified</pose>
        <truncated>0</truncated>
        <difficult>0</difficult>
        <bndbox>
                <xmin>35</xmin>
                <ymin>12</ymin>
                <xmax>46</xmax>
                <ymax>57</ymax>
            </bndbox>
        </object>
    <object>
        <name>N</name>
        <pose>Unspecified</pose>
        <truncated>0</truncated>
        <difficult>0</difficult>
        <bndbox>
                <xmin>48</xmin>
                <ymin>17</ymin>
                <xmax>59</xmax>
                <ymax>54</ymax>
            </bndbox>
        </object>
    <object>
        <name>X</name>
        <pose>Unspecified</pose>
        <truncated>0</truncated>
        <difficult>0</difficult>
        <bndbox>
                <xmin>58</xmin>
                <ymin>20</ymin>
                <xmax>69</xmax>
                <ymax>56</ymax>
            </bndbox>
        </object>
    <object>
        <name>D</name>
        <pose>Unspecified</pose>
        <truncated>0</truncated>
        <difficult>0</difficult>
        <bndbox>
                <xmin>69</xmin>
                <ymin>22</ymin>
                <xmax>78</xmax>
                <ymax>56</ymax>
            </bndbox>
        </object>
    </annotation>
