<annotation>
    <folder>From-Labelbox-license-characters-593images</folder>
    <filename>ckj2qm9f50001246ahw7iwxag.png</filename>
    <path>/home/riotu/Object Detection/Datasets/Car-detection/License-characters/From-Labelbox-license-characters-593images/ckj2qm9f50001246ahw7iwxag.png</path>
    <source>
        <database>Unknown</database>
    </source>
    <size>
        <width>81</width>
        <height>64</height>
        <depth>3</depth>
    </size>
    <segmented>0</segmented>
    <object>
        <name>2</name>
        <pose>Unspecified</pose>
        <truncated>0</truncated>
        <difficult>0</difficult>
        <bndbox>
                <xmin>7</xmin>
                <ymin>7</ymin>
                <xmax>17</xmax>
                <ymax>45</ymax>
            </bndbox>
        </object>
    <object>
        <name>3</name>
        <pose>Unspecified</pose>
        <truncated>0</truncated>
        <difficult>0</difficult>
        <bndbox>
                <xmin>17</xmin>
                <ymin>10</ymin>
                <xmax>25</xmax>
                <ymax>46</ymax>
            </bndbox>
        </object>
    <object>
        <name>2</name>
        <pose>Unspecified</pose>
        <truncated>0</truncated>
        <difficult>0</difficult>
        <bndbox>
                <xmin>24</xmin>
                <ymin>9</ymin>
                <xmax>33</xmax>
                <ymax>47</ymax>
            </bndbox>
        </object>
    <object>
        <name>2</name>
        <pose>Unspecified</pose>
        <truncated>0</truncated>
        <difficult>0</difficult>
        <bndbox>
                <xmin>32</xmin>
                <ymin>10</ymin>
                <xmax>41</xmax>
                <ymax>48</ymax>
            </bndbox>
        </object>
    <object>
        <name>T</name>
        <pose>Unspecified</pose>
        <truncated>0</truncated>
        <difficult>0</difficult>
        <bndbox>
                <xmin>46</xmin>
                <ymin>16</ymin>
                <xmax>55</xmax>
                <ymax>47</ymax>
            </bndbox>
        </object>
    <object>
        <name>Z</name>
        <pose>Unspecified</pose>
        <truncated>0</truncated>
        <difficult>0</difficult>
        <bndbox>
                <xmin>55</xmin>
                <ymin>16</ymin>
                <xmax>64</xmax>
                <ymax>48</ymax>
            </bndbox>
        </object>
    <object>
        <name>J</name>
        <pose>Unspecified</pose>
        <truncated>0</truncated>
        <difficult>0</difficult>
        <bndbox>
                <xmin>64</xmin>
                <ymin>16</ymin>
                <xmax>74</xmax>
                <ymax>50</ymax>
            </bndbox>
        </object>
    </annotation>
