<annotation>
    <folder>From-Labelbox-license-characters-593images</folder>
    <filename>ckj2rkznm000p246afma08wg4.png</filename>
    <path>/home/riotu/Object Detection/Datasets/Car-detection/License-characters/From-Labelbox-license-characters-593images/ckj2rkznm000p246afma08wg4.png</path>
    <source>
        <database>Unknown</database>
    </source>
    <size>
        <width>184</width>
        <height>71</height>
        <depth>3</depth>
    </size>
    <segmented>0</segmented>
    <object>
        <name>1</name>
        <pose>Unspecified</pose>
        <truncated>0</truncated>
        <difficult>0</difficult>
        <bndbox>
                <xmin>19</xmin>
                <ymin>6</ymin>
                <xmax>29</xmax>
                <ymax>46</ymax>
            </bndbox>
        </object>
    <object>
        <name>1</name>
        <pose>Unspecified</pose>
        <truncated>0</truncated>
        <difficult>0</difficult>
        <bndbox>
                <xmin>32</xmin>
                <ymin>11</ymin>
                <xmax>45</xmax>
                <ymax>47</ymax>
            </bndbox>
        </object>
    <object>
        <name>4</name>
        <pose>Unspecified</pose>
        <truncated>0</truncated>
        <difficult>0</difficult>
        <bndbox>
                <xmin>48</xmin>
                <ymin>13</ymin>
                <xmax>61</xmax>
                <ymax>52</ymax>
            </bndbox>
        </object>
    <object>
        <name>3</name>
        <pose>Unspecified</pose>
        <truncated>0</truncated>
        <difficult>0</difficult>
        <bndbox>
                <xmin>61</xmin>
                <ymin>15</ymin>
                <xmax>77</xmax>
                <ymax>55</ymax>
            </bndbox>
        </object>
    <object>
        <name>A</name>
        <pose>Unspecified</pose>
        <truncated>0</truncated>
        <difficult>0</difficult>
        <bndbox>
                <xmin>120</xmin>
                <ymin>26</ymin>
                <xmax>132</xmax>
                <ymax>65</ymax>
            </bndbox>
        </object>
    <object>
        <name>A</name>
        <pose>Unspecified</pose>
        <truncated>0</truncated>
        <difficult>0</difficult>
        <bndbox>
                <xmin>137</xmin>
                <ymin>28</ymin>
                <xmax>151</xmax>
                <ymax>67</ymax>
            </bndbox>
        </object>
    <object>
        <name>A</name>
        <pose>Unspecified</pose>
        <truncated>0</truncated>
        <difficult>0</difficult>
        <bndbox>
                <xmin>156</xmin>
                <ymin>30</ymin>
                <xmax>167</xmax>
                <ymax>71</ymax>
            </bndbox>
        </object>
    </annotation>
