<annotation>
    <folder>From-Labelbox-license-characters-593images</folder>
    <filename>ckj6s7c2i001o246a18er4nba.png</filename>
    <path>/home/riotu/Object Detection/Datasets/Car-detection/License-characters/From-Labelbox-license-characters-593images/ckj6s7c2i001o246a18er4nba.png</path>
    <source>
        <database>Unknown</database>
    </source>
    <size>
        <width>90</width>
        <height>67</height>
        <depth>3</depth>
    </size>
    <segmented>0</segmented>
    <object>
        <name>9</name>
        <pose>Unspecified</pose>
        <truncated>0</truncated>
        <difficult>0</difficult>
        <bndbox>
                <xmin>10</xmin>
                <ymin>13</ymin>
                <xmax>18</xmax>
                <ymax>45</ymax>
            </bndbox>
        </object>
    <object>
        <name>2</name>
        <pose>Unspecified</pose>
        <truncated>0</truncated>
        <difficult>0</difficult>
        <bndbox>
                <xmin>18</xmin>
                <ymin>13</ymin>
                <xmax>26</xmax>
                <ymax>45</ymax>
            </bndbox>
        </object>
    <object>
        <name>0</name>
        <pose>Unspecified</pose>
        <truncated>0</truncated>
        <difficult>0</difficult>
        <bndbox>
                <xmin>27</xmin>
                <ymin>19</ymin>
                <xmax>34</xmax>
                <ymax>46</ymax>
            </bndbox>
        </object>
    <object>
        <name>1</name>
        <pose>Unspecified</pose>
        <truncated>0</truncated>
        <difficult>0</difficult>
        <bndbox>
                <xmin>35</xmin>
                <ymin>16</ymin>
                <xmax>42</xmax>
                <ymax>48</ymax>
            </bndbox>
        </object>
    <object>
        <name>X</name>
        <pose>Unspecified</pose>
        <truncated>0</truncated>
        <difficult>0</difficult>
        <bndbox>
                <xmin>46</xmin>
                <ymin>20</ymin>
                <xmax>54</xmax>
                <ymax>47</ymax>
            </bndbox>
        </object>
    <object>
        <name>A</name>
        <pose>Unspecified</pose>
        <truncated>0</truncated>
        <difficult>0</difficult>
        <bndbox>
                <xmin>54</xmin>
                <ymin>21</ymin>
                <xmax>61</xmax>
                <ymax>48</ymax>
            </bndbox>
        </object>
    <object>
        <name>J</name>
        <pose>Unspecified</pose>
        <truncated>0</truncated>
        <difficult>0</difficult>
        <bndbox>
                <xmin>61</xmin>
                <ymin>21</ymin>
                <xmax>70</xmax>
                <ymax>48</ymax>
            </bndbox>
        </object>
    </annotation>
