<annotation>
    <folder>From-Labelbox-license-characters-593images</folder>
    <filename>ckj6z0qxj0016246a815dweli.png</filename>
    <path>/home/riotu/Object Detection/Datasets/Car-detection/License-characters/From-Labelbox-license-characters-593images/ckj6z0qxj0016246a815dweli.png</path>
    <source>
        <database>Unknown</database>
    </source>
    <size>
        <width>163</width>
        <height>74</height>
        <depth>3</depth>
    </size>
    <segmented>0</segmented>
    <object>
        <name>9</name>
        <pose>Unspecified</pose>
        <truncated>0</truncated>
        <difficult>0</difficult>
        <bndbox>
                <xmin>17</xmin>
                <ymin>11</ymin>
                <xmax>27</xmax>
                <ymax>42</ymax>
            </bndbox>
        </object>
    <object>
        <name>0</name>
        <pose>Unspecified</pose>
        <truncated>0</truncated>
        <difficult>0</difficult>
        <bndbox>
                <xmin>31</xmin>
                <ymin>17</ymin>
                <xmax>40</xmax>
                <ymax>44</ymax>
            </bndbox>
        </object>
    <object>
        <name>0</name>
        <pose>Unspecified</pose>
        <truncated>0</truncated>
        <difficult>0</difficult>
        <bndbox>
                <xmin>44</xmin>
                <ymin>20</ymin>
                <xmax>54</xmax>
                <ymax>46</ymax>
            </bndbox>
        </object>
    <object>
        <name>8</name>
        <pose>Unspecified</pose>
        <truncated>0</truncated>
        <difficult>0</difficult>
        <bndbox>
                <xmin>58</xmin>
                <ymin>19</ymin>
                <xmax>68</xmax>
                <ymax>49</ymax>
            </bndbox>
        </object>
    <object>
        <name>Z</name>
        <pose>Unspecified</pose>
        <truncated>0</truncated>
        <difficult>0</difficult>
        <bndbox>
                <xmin>112</xmin>
                <ymin>25</ymin>
                <xmax>122</xmax>
                <ymax>57</ymax>
            </bndbox>
        </object>
    <object>
        <name>E</name>
        <pose>Unspecified</pose>
        <truncated>0</truncated>
        <difficult>0</difficult>
        <bndbox>
                <xmin>126</xmin>
                <ymin>28</ymin>
                <xmax>136</xmax>
                <ymax>60</ymax>
            </bndbox>
        </object>
    <object>
        <name>D</name>
        <pose>Unspecified</pose>
        <truncated>0</truncated>
        <difficult>0</difficult>
        <bndbox>
                <xmin>141</xmin>
                <ymin>32</ymin>
                <xmax>151</xmax>
                <ymax>61</ymax>
            </bndbox>
        </object>
    </annotation>
