<annotation>
    <folder>From-Labelbox-license-characters-593images</folder>
    <filename>ckj6uo1xw000i246ap6g07ybf.png</filename>
    <path>/home/riotu/Object Detection/Datasets/Car-detection/License-characters/From-Labelbox-license-characters-593images/ckj6uo1xw000i246ap6g07ybf.png</path>
    <source>
        <database>Unknown</database>
    </source>
    <size>
        <width>113</width>
        <height>77</height>
        <depth>3</depth>
    </size>
    <segmented>0</segmented>
    <object>
        <name>3</name>
        <pose>Unspecified</pose>
        <truncated>0</truncated>
        <difficult>0</difficult>
        <bndbox>
                <xmin>8</xmin>
                <ymin>13</ymin>
                <xmax>19</xmax>
                <ymax>58</ymax>
            </bndbox>
        </object>
    <object>
        <name>5</name>
        <pose>Unspecified</pose>
        <truncated>0</truncated>
        <difficult>0</difficult>
        <bndbox>
                <xmin>19</xmin>
                <ymin>16</ymin>
                <xmax>29</xmax>
                <ymax>59</ymax>
            </bndbox>
        </object>
    <object>
        <name>8</name>
        <pose>Unspecified</pose>
        <truncated>0</truncated>
        <difficult>0</difficult>
        <bndbox>
                <xmin>28</xmin>
                <ymin>16</ymin>
                <xmax>39</xmax>
                <ymax>61</ymax>
            </bndbox>
        </object>
    <object>
        <name>0</name>
        <pose>Unspecified</pose>
        <truncated>0</truncated>
        <difficult>0</difficult>
        <bndbox>
                <xmin>39</xmin>
                <ymin>25</ymin>
                <xmax>49</xmax>
                <ymax>63</ymax>
            </bndbox>
        </object>
    <object>
        <name>D</name>
        <pose>Unspecified</pose>
        <truncated>0</truncated>
        <difficult>0</difficult>
        <bndbox>
                <xmin>53</xmin>
                <ymin>26</ymin>
                <xmax>64</xmax>
                <ymax>62</ymax>
            </bndbox>
        </object>
    <object>
        <name>R</name>
        <pose>Unspecified</pose>
        <truncated>0</truncated>
        <difficult>0</difficult>
        <bndbox>
                <xmin>64</xmin>
                <ymin>29</ymin>
                <xmax>76</xmax>
                <ymax>64</ymax>
            </bndbox>
        </object>
    <object>
        <name>A</name>
        <pose>Unspecified</pose>
        <truncated>0</truncated>
        <difficult>0</difficult>
        <bndbox>
                <xmin>75</xmin>
                <ymin>27</ymin>
                <xmax>86</xmax>
                <ymax>66</ymax>
            </bndbox>
        </object>
    </annotation>
