<annotation>
    <folder>From-Labelbox-license-characters-593images</folder>
    <filename>ckj6v83oy000y246aj4amamko.png</filename>
    <path>/home/riotu/Object Detection/Datasets/Car-detection/License-characters/From-Labelbox-license-characters-593images/ckj6v83oy000y246aj4amamko.png</path>
    <source>
        <database>Unknown</database>
    </source>
    <size>
        <width>151</width>
        <height>93</height>
        <depth>3</depth>
    </size>
    <segmented>0</segmented>
    <object>
        <name>1</name>
        <pose>Unspecified</pose>
        <truncated>0</truncated>
        <difficult>0</difficult>
        <bndbox>
                <xmin>22</xmin>
                <ymin>6</ymin>
                <xmax>32</xmax>
                <ymax>70</ymax>
            </bndbox>
        </object>
    <object>
        <name>5</name>
        <pose>Unspecified</pose>
        <truncated>0</truncated>
        <difficult>0</difficult>
        <bndbox>
                <xmin>33</xmin>
                <ymin>13</ymin>
                <xmax>48</xmax>
                <ymax>73</ymax>
            </bndbox>
        </object>
    <object>
        <name>4</name>
        <pose>Unspecified</pose>
        <truncated>0</truncated>
        <difficult>0</difficult>
        <bndbox>
                <xmin>48</xmin>
                <ymin>13</ymin>
                <xmax>61</xmax>
                <ymax>78</ymax>
            </bndbox>
        </object>
    <object>
        <name>1</name>
        <pose>Unspecified</pose>
        <truncated>0</truncated>
        <difficult>0</difficult>
        <bndbox>
                <xmin>64</xmin>
                <ymin>17</ymin>
                <xmax>74</xmax>
                <ymax>82</ymax>
            </bndbox>
        </object>
    <object>
        <name>Z</name>
        <pose>Unspecified</pose>
        <truncated>0</truncated>
        <difficult>0</difficult>
        <bndbox>
                <xmin>82</xmin>
                <ymin>26</ymin>
                <xmax>93</xmax>
                <ymax>82</ymax>
            </bndbox>
        </object>
    <object>
        <name>K</name>
        <pose>Unspecified</pose>
        <truncated>0</truncated>
        <difficult>0</difficult>
        <bndbox>
                <xmin>97</xmin>
                <ymin>30</ymin>
                <xmax>110</xmax>
                <ymax>86</ymax>
            </bndbox>
        </object>
    <object>
        <name>J</name>
        <pose>Unspecified</pose>
        <truncated>0</truncated>
        <difficult>0</difficult>
        <bndbox>
                <xmin>110</xmin>
                <ymin>31</ymin>
                <xmax>125</xmax>
                <ymax>89</ymax>
            </bndbox>
        </object>
    </annotation>
