<annotation>
    <folder>From-Labelbox-license-characters-593images</folder>
    <filename>ckj6v04o6000t246a7ocbmlv4.png</filename>
    <path>/home/riotu/Object Detection/Datasets/Car-detection/License-characters/From-Labelbox-license-characters-593images/ckj6v04o6000t246a7ocbmlv4.png</path>
    <source>
        <database>Unknown</database>
    </source>
    <size>
        <width>102</width>
        <height>72</height>
        <depth>3</depth>
    </size>
    <segmented>0</segmented>
    <object>
        <name>4</name>
        <pose>Unspecified</pose>
        <truncated>0</truncated>
        <difficult>0</difficult>
        <bndbox>
                <xmin>16</xmin>
                <ymin>15</ymin>
                <xmax>26</xmax>
                <ymax>59</ymax>
            </bndbox>
        </object>
    <object>
        <name>5</name>
        <pose>Unspecified</pose>
        <truncated>0</truncated>
        <difficult>0</difficult>
        <bndbox>
                <xmin>25</xmin>
                <ymin>19</ymin>
                <xmax>36</xmax>
                <ymax>61</ymax>
            </bndbox>
        </object>
    <object>
        <name>4</name>
        <pose>Unspecified</pose>
        <truncated>0</truncated>
        <difficult>0</difficult>
        <bndbox>
                <xmin>35</xmin>
                <ymin>20</ymin>
                <xmax>43</xmax>
                <ymax>62</ymax>
            </bndbox>
        </object>
    <object>
        <name>4</name>
        <pose>Unspecified</pose>
        <truncated>0</truncated>
        <difficult>0</difficult>
        <bndbox>
                <xmin>43</xmin>
                <ymin>19</ymin>
                <xmax>54</xmax>
                <ymax>63</ymax>
            </bndbox>
        </object>
    <object>
        <name>N</name>
        <pose>Unspecified</pose>
        <truncated>0</truncated>
        <difficult>0</difficult>
        <bndbox>
                <xmin>56</xmin>
                <ymin>27</ymin>
                <xmax>68</xmax>
                <ymax>64</ymax>
            </bndbox>
        </object>
    <object>
        <name>D</name>
        <pose>Unspecified</pose>
        <truncated>0</truncated>
        <difficult>0</difficult>
        <bndbox>
                <xmin>65</xmin>
                <ymin>31</ymin>
                <xmax>77</xmax>
                <ymax>65</ymax>
            </bndbox>
        </object>
    <object>
        <name>J</name>
        <pose>Unspecified</pose>
        <truncated>0</truncated>
        <difficult>0</difficult>
        <bndbox>
                <xmin>75</xmin>
                <ymin>27</ymin>
                <xmax>88</xmax>
                <ymax>67</ymax>
            </bndbox>
        </object>
    </annotation>
