<annotation>
    <folder>From-Labelbox-license-characters-593images</folder>
    <filename>ckj6zrr4e001i246adat2iyck.png</filename>
    <path>/home/riotu/Object Detection/Datasets/Car-detection/License-characters/From-Labelbox-license-characters-593images/ckj6zrr4e001i246adat2iyck.png</path>
    <source>
        <database>Unknown</database>
    </source>
    <size>
        <width>115</width>
        <height>79</height>
        <depth>3</depth>
    </size>
    <segmented>0</segmented>
    <object>
        <name>8</name>
        <pose>Unspecified</pose>
        <truncated>0</truncated>
        <difficult>0</difficult>
        <bndbox>
                <xmin>9</xmin>
                <ymin>13</ymin>
                <xmax>19</xmax>
                <ymax>56</ymax>
            </bndbox>
        </object>
    <object>
        <name>5</name>
        <pose>Unspecified</pose>
        <truncated>0</truncated>
        <difficult>0</difficult>
        <bndbox>
                <xmin>20</xmin>
                <ymin>17</ymin>
                <xmax>31</xmax>
                <ymax>58</ymax>
            </bndbox>
        </object>
    <object>
        <name>8</name>
        <pose>Unspecified</pose>
        <truncated>0</truncated>
        <difficult>0</difficult>
        <bndbox>
                <xmin>31</xmin>
                <ymin>16</ymin>
                <xmax>43</xmax>
                <ymax>59</ymax>
            </bndbox>
        </object>
    <object>
        <name>3</name>
        <pose>Unspecified</pose>
        <truncated>0</truncated>
        <difficult>0</difficult>
        <bndbox>
                <xmin>42</xmin>
                <ymin>17</ymin>
                <xmax>53</xmax>
                <ymax>61</ymax>
            </bndbox>
        </object>
    <object>
        <name>J</name>
        <pose>Unspecified</pose>
        <truncated>0</truncated>
        <difficult>0</difficult>
        <bndbox>
                <xmin>56</xmin>
                <ymin>21</ymin>
                <xmax>67</xmax>
                <ymax>60</ymax>
            </bndbox>
        </object>
    <object>
        <name>L</name>
        <pose>Unspecified</pose>
        <truncated>0</truncated>
        <difficult>0</difficult>
        <bndbox>
                <xmin>67</xmin>
                <ymin>23</ymin>
                <xmax>78</xmax>
                <ymax>62</ymax>
            </bndbox>
        </object>
    <object>
        <name>B</name>
        <pose>Unspecified</pose>
        <truncated>0</truncated>
        <difficult>0</difficult>
        <bndbox>
                <xmin>78</xmin>
                <ymin>27</ymin>
                <xmax>89</xmax>
                <ymax>63</ymax>
            </bndbox>
        </object>
    </annotation>
