<annotation>
    <folder>From-Labelbox-license-characters-593images</folder>
    <filename>ckj6v6ih2000x246ailzjomin.png</filename>
    <path>/home/riotu/Object Detection/Datasets/Car-detection/License-characters/From-Labelbox-license-characters-593images/ckj6v6ih2000x246ailzjomin.png</path>
    <source>
        <database>Unknown</database>
    </source>
    <size>
        <width>139</width>
        <height>91</height>
        <depth>3</depth>
    </size>
    <segmented>0</segmented>
    <object>
        <name>2</name>
        <pose>Unspecified</pose>
        <truncated>0</truncated>
        <difficult>0</difficult>
        <bndbox>
                <xmin>15</xmin>
                <ymin>8</ymin>
                <xmax>30</xmax>
                <ymax>63</ymax>
            </bndbox>
        </object>
    <object>
        <name>0</name>
        <pose>Unspecified</pose>
        <truncated>0</truncated>
        <difficult>0</difficult>
        <bndbox>
                <xmin>28</xmin>
                <ymin>19</ymin>
                <xmax>40</xmax>
                <ymax>64</ymax>
            </bndbox>
        </object>
    <object>
        <name>3</name>
        <pose>Unspecified</pose>
        <truncated>0</truncated>
        <difficult>0</difficult>
        <bndbox>
                <xmin>40</xmin>
                <ymin>12</ymin>
                <xmax>53</xmax>
                <ymax>67</ymax>
            </bndbox>
        </object>
    <object>
        <name>9</name>
        <pose>Unspecified</pose>
        <truncated>0</truncated>
        <difficult>0</difficult>
        <bndbox>
                <xmin>52</xmin>
                <ymin>15</ymin>
                <xmax>64</xmax>
                <ymax>69</ymax>
            </bndbox>
        </object>
    <object>
        <name>S</name>
        <pose>Unspecified</pose>
        <truncated>0</truncated>
        <difficult>0</difficult>
        <bndbox>
                <xmin>68</xmin>
                <ymin>27</ymin>
                <xmax>81</xmax>
                <ymax>69</ymax>
            </bndbox>
        </object>
    <object>
        <name>Z</name>
        <pose>Unspecified</pose>
        <truncated>0</truncated>
        <difficult>0</difficult>
        <bndbox>
                <xmin>79</xmin>
                <ymin>25</ymin>
                <xmax>91</xmax>
                <ymax>72</ymax>
            </bndbox>
        </object>
    <object>
        <name>A</name>
        <pose>Unspecified</pose>
        <truncated>0</truncated>
        <difficult>0</difficult>
        <bndbox>
                <xmin>90</xmin>
                <ymin>26</ymin>
                <xmax>102</xmax>
                <ymax>75</ymax>
            </bndbox>
        </object>
    </annotation>
