<annotation>
    <folder>From-Labelbox-license-characters-593images</folder>
    <filename>ckj6u6vwe0005246amoqimfzu.png</filename>
    <path>/home/riotu/Object Detection/Datasets/Car-detection/License-characters/From-Labelbox-license-characters-593images/ckj6u6vwe0005246amoqimfzu.png</path>
    <source>
        <database>Unknown</database>
    </source>
    <size>
        <width>131</width>
        <height>84</height>
        <depth>3</depth>
    </size>
    <segmented>0</segmented>
    <object>
        <name>6</name>
        <pose>Unspecified</pose>
        <truncated>0</truncated>
        <difficult>0</difficult>
        <bndbox>
                <xmin>20</xmin>
                <ymin>14</ymin>
                <xmax>31</xmax>
                <ymax>63</ymax>
            </bndbox>
        </object>
    <object>
        <name>6</name>
        <pose>Unspecified</pose>
        <truncated>0</truncated>
        <difficult>0</difficult>
        <bndbox>
                <xmin>31</xmin>
                <ymin>15</ymin>
                <xmax>42</xmax>
                <ymax>65</ymax>
            </bndbox>
        </object>
    <object>
        <name>7</name>
        <pose>Unspecified</pose>
        <truncated>0</truncated>
        <difficult>0</difficult>
        <bndbox>
                <xmin>42</xmin>
                <ymin>18</ymin>
                <xmax>53</xmax>
                <ymax>65</ymax>
            </bndbox>
        </object>
    <object>
        <name>2</name>
        <pose>Unspecified</pose>
        <truncated>0</truncated>
        <difficult>0</difficult>
        <bndbox>
                <xmin>54</xmin>
                <ymin>19</ymin>
                <xmax>64</xmax>
                <ymax>69</ymax>
            </bndbox>
        </object>
    <object>
        <name>B</name>
        <pose>Unspecified</pose>
        <truncated>0</truncated>
        <difficult>0</difficult>
        <bndbox>
                <xmin>67</xmin>
                <ymin>30</ymin>
                <xmax>80</xmax>
                <ymax>67</ymax>
            </bndbox>
        </object>
    <object>
        <name>U</name>
        <pose>Unspecified</pose>
        <truncated>0</truncated>
        <difficult>0</difficult>
        <bndbox>
                <xmin>79</xmin>
                <ymin>28</ymin>
                <xmax>90</xmax>
                <ymax>68</ymax>
            </bndbox>
        </object>
    <object>
        <name>A</name>
        <pose>Unspecified</pose>
        <truncated>0</truncated>
        <difficult>0</difficult>
        <bndbox>
                <xmin>91</xmin>
                <ymin>29</ymin>
                <xmax>101</xmax>
                <ymax>70</ymax>
            </bndbox>
        </object>
    </annotation>
