<annotation>
    <folder>From-Labelbox-license-characters-593images</folder>
    <filename>ckj6yzneu0015246a9ukpt4ie.png</filename>
    <path>/home/riotu/Object Detection/Datasets/Car-detection/License-characters/From-Labelbox-license-characters-593images/ckj6yzneu0015246a9ukpt4ie.png</path>
    <source>
        <database>Unknown</database>
    </source>
    <size>
        <width>86</width>
        <height>60</height>
        <depth>3</depth>
    </size>
    <segmented>0</segmented>
    <object>
        <name>2</name>
        <pose>Unspecified</pose>
        <truncated>0</truncated>
        <difficult>0</difficult>
        <bndbox>
                <xmin>4</xmin>
                <ymin>4</ymin>
                <xmax>14</xmax>
                <ymax>41</ymax>
            </bndbox>
        </object>
    <object>
        <name>0</name>
        <pose>Unspecified</pose>
        <truncated>0</truncated>
        <difficult>0</difficult>
        <bndbox>
                <xmin>13</xmin>
                <ymin>11</ymin>
                <xmax>22</xmax>
                <ymax>41</ymax>
            </bndbox>
        </object>
    <object>
        <name>3</name>
        <pose>Unspecified</pose>
        <truncated>0</truncated>
        <difficult>0</difficult>
        <bndbox>
                <xmin>21</xmin>
                <ymin>7</ymin>
                <xmax>32</xmax>
                <ymax>42</ymax>
            </bndbox>
        </object>
    <object>
        <name>9</name>
        <pose>Unspecified</pose>
        <truncated>0</truncated>
        <difficult>0</difficult>
        <bndbox>
                <xmin>30</xmin>
                <ymin>7</ymin>
                <xmax>40</xmax>
                <ymax>43</ymax>
            </bndbox>
        </object>
    <object>
        <name>S</name>
        <pose>Unspecified</pose>
        <truncated>0</truncated>
        <difficult>0</difficult>
        <bndbox>
                <xmin>42</xmin>
                <ymin>13</ymin>
                <xmax>52</xmax>
                <ymax>42</ymax>
            </bndbox>
        </object>
    <object>
        <name>Z</name>
        <pose>Unspecified</pose>
        <truncated>0</truncated>
        <difficult>0</difficult>
        <bndbox>
                <xmin>51</xmin>
                <ymin>13</ymin>
                <xmax>60</xmax>
                <ymax>44</ymax>
            </bndbox>
        </object>
    <object>
        <name>A</name>
        <pose>Unspecified</pose>
        <truncated>0</truncated>
        <difficult>0</difficult>
        <bndbox>
                <xmin>59</xmin>
                <ymin>13</ymin>
                <xmax>68</xmax>
                <ymax>45</ymax>
            </bndbox>
        </object>
    </annotation>
