<annotation>
    <folder>From-Labelbox-license-characters-593images</folder>
    <filename>ckj6yw7gr0013246a2wzvkjgy.png</filename>
    <path>/home/riotu/Object Detection/Datasets/Car-detection/License-characters/From-Labelbox-license-characters-593images/ckj6yw7gr0013246a2wzvkjgy.png</path>
    <source>
        <database>Unknown</database>
    </source>
    <size>
        <width>95</width>
        <height>65</height>
        <depth>3</depth>
    </size>
    <segmented>0</segmented>
    <object>
        <name>5</name>
        <pose>Unspecified</pose>
        <truncated>0</truncated>
        <difficult>0</difficult>
        <bndbox>
                <xmin>5</xmin>
                <ymin>11</ymin>
                <xmax>14</xmax>
                <ymax>49</ymax>
            </bndbox>
        </object>
    <object>
        <name>7</name>
        <pose>Unspecified</pose>
        <truncated>0</truncated>
        <difficult>0</difficult>
        <bndbox>
                <xmin>14</xmin>
                <ymin>11</ymin>
                <xmax>24</xmax>
                <ymax>49</ymax>
            </bndbox>
        </object>
    <object>
        <name>3</name>
        <pose>Unspecified</pose>
        <truncated>0</truncated>
        <difficult>0</difficult>
        <bndbox>
                <xmin>23</xmin>
                <ymin>11</ymin>
                <xmax>33</xmax>
                <ymax>51</ymax>
            </bndbox>
        </object>
    <object>
        <name>2</name>
        <pose>Unspecified</pose>
        <truncated>0</truncated>
        <difficult>0</difficult>
        <bndbox>
                <xmin>32</xmin>
                <ymin>12</ymin>
                <xmax>43</xmax>
                <ymax>52</ymax>
            </bndbox>
        </object>
    <object>
        <name>N</name>
        <pose>Unspecified</pose>
        <truncated>0</truncated>
        <difficult>0</difficult>
        <bndbox>
                <xmin>46</xmin>
                <ymin>16</ymin>
                <xmax>56</xmax>
                <ymax>51</ymax>
            </bndbox>
        </object>
    <object>
        <name>X</name>
        <pose>Unspecified</pose>
        <truncated>0</truncated>
        <difficult>0</difficult>
        <bndbox>
                <xmin>56</xmin>
                <ymin>19</ymin>
                <xmax>66</xmax>
                <ymax>52</ymax>
            </bndbox>
        </object>
    <object>
        <name>D</name>
        <pose>Unspecified</pose>
        <truncated>0</truncated>
        <difficult>0</difficult>
        <bndbox>
                <xmin>66</xmin>
                <ymin>20</ymin>
                <xmax>75</xmax>
                <ymax>53</ymax>
            </bndbox>
        </object>
    </annotation>
