<annotation>
    <folder>From-Labelbox-license-characters-593images</folder>
    <filename>ckj6yuo3k0012246at4fkjb12.png</filename>
    <path>/home/riotu/Object Detection/Datasets/Car-detection/License-characters/From-Labelbox-license-characters-593images/ckj6yuo3k0012246at4fkjb12.png</path>
    <source>
        <database>Unknown</database>
    </source>
    <size>
        <width>132</width>
        <height>95</height>
        <depth>3</depth>
    </size>
    <segmented>0</segmented>
    <object>
        <name>3</name>
        <pose>Unspecified</pose>
        <truncated>0</truncated>
        <difficult>0</difficult>
        <bndbox>
                <xmin>21</xmin>
                <ymin>15</ymin>
                <xmax>34</xmax>
                <ymax>71</ymax>
            </bndbox>
        </object>
    <object>
        <name>4</name>
        <pose>Unspecified</pose>
        <truncated>0</truncated>
        <difficult>0</difficult>
        <bndbox>
                <xmin>32</xmin>
                <ymin>15</ymin>
                <xmax>44</xmax>
                <ymax>73</ymax>
            </bndbox>
        </object>
    <object>
        <name>6</name>
        <pose>Unspecified</pose>
        <truncated>0</truncated>
        <difficult>0</difficult>
        <bndbox>
                <xmin>42</xmin>
                <ymin>17</ymin>
                <xmax>55</xmax>
                <ymax>75</ymax>
            </bndbox>
        </object>
    <object>
        <name>1</name>
        <pose>Unspecified</pose>
        <truncated>0</truncated>
        <difficult>0</difficult>
        <bndbox>
                <xmin>55</xmin>
                <ymin>20</ymin>
                <xmax>66</xmax>
                <ymax>78</ymax>
            </bndbox>
        </object>
    <object>
        <name>G</name>
        <pose>Unspecified</pose>
        <truncated>0</truncated>
        <difficult>0</difficult>
        <bndbox>
                <xmin>71</xmin>
                <ymin>27</ymin>
                <xmax>84</xmax>
                <ymax>80</ymax>
            </bndbox>
        </object>
    <object>
        <name>Z</name>
        <pose>Unspecified</pose>
        <truncated>0</truncated>
        <difficult>0</difficult>
        <bndbox>
                <xmin>83</xmin>
                <ymin>29</ymin>
                <xmax>95</xmax>
                <ymax>81</ymax>
            </bndbox>
        </object>
    <object>
        <name>J</name>
        <pose>Unspecified</pose>
        <truncated>0</truncated>
        <difficult>0</difficult>
        <bndbox>
                <xmin>95</xmin>
                <ymin>32</ymin>
                <xmax>109</xmax>
                <ymax>84</ymax>
            </bndbox>
        </object>
    </annotation>
