<annotation>
    <folder>From-Labelbox-license-characters-593images</folder>
    <filename>ckj6zh5m3001e246akjovk2wg.png</filename>
    <path>/home/riotu/Object Detection/Datasets/Car-detection/License-characters/From-Labelbox-license-characters-593images/ckj6zh5m3001e246akjovk2wg.png</path>
    <source>
        <database>Unknown</database>
    </source>
    <size>
        <width>109</width>
        <height>106</height>
        <depth>3</depth>
    </size>
    <segmented>0</segmented>
    <object>
        <name>2</name>
        <pose>Unspecified</pose>
        <truncated>0</truncated>
        <difficult>0</difficult>
        <bndbox>
                <xmin>19</xmin>
                <ymin>9</ymin>
                <xmax>28</xmax>
                <ymax>75</ymax>
            </bndbox>
        </object>
    <object>
        <name>9</name>
        <pose>Unspecified</pose>
        <truncated>0</truncated>
        <difficult>0</difficult>
        <bndbox>
                <xmin>29</xmin>
                <ymin>11</ymin>
                <xmax>38</xmax>
                <ymax>78</ymax>
            </bndbox>
        </object>
    <object>
        <name>4</name>
        <pose>Unspecified</pose>
        <truncated>0</truncated>
        <difficult>0</difficult>
        <bndbox>
                <xmin>39</xmin>
                <ymin>16</ymin>
                <xmax>47</xmax>
                <ymax>83</ymax>
            </bndbox>
        </object>
    <object>
        <name>8</name>
        <pose>Unspecified</pose>
        <truncated>0</truncated>
        <difficult>0</difficult>
        <bndbox>
                <xmin>48</xmin>
                <ymin>22</ymin>
                <xmax>58</xmax>
                <ymax>85</ymax>
            </bndbox>
        </object>
    <object>
        <name>U</name>
        <pose>Unspecified</pose>
        <truncated>0</truncated>
        <difficult>0</difficult>
        <bndbox>
                <xmin>60</xmin>
                <ymin>31</ymin>
                <xmax>71</xmax>
                <ymax>85</ymax>
            </bndbox>
        </object>
    <object>
        <name>R</name>
        <pose>Unspecified</pose>
        <truncated>0</truncated>
        <difficult>0</difficult>
        <bndbox>
                <xmin>71</xmin>
                <ymin>37</ymin>
                <xmax>81</xmax>
                <ymax>89</ymax>
            </bndbox>
        </object>
    <object>
        <name>D</name>
        <pose>Unspecified</pose>
        <truncated>0</truncated>
        <difficult>0</difficult>
        <bndbox>
                <xmin>82</xmin>
                <ymin>39</ymin>
                <xmax>91</xmax>
                <ymax>94</ymax>
            </bndbox>
        </object>
    </annotation>
