<annotation>
    <folder>From-Labelbox-license-characters-593images</folder>
    <filename>ckj6ohg67001a246aghr8jn5f.png</filename>
    <path>/home/riotu/Object Detection/Datasets/Car-detection/License-characters/From-Labelbox-license-characters-593images/ckj6ohg67001a246aghr8jn5f.png</path>
    <source>
        <database>Unknown</database>
    </source>
    <size>
        <width>138</width>
        <height>113</height>
        <depth>3</depth>
    </size>
    <segmented>0</segmented>
    <object>
        <name>5</name>
        <pose>Unspecified</pose>
        <truncated>0</truncated>
        <difficult>0</difficult>
        <bndbox>
                <xmin>24</xmin>
                <ymin>20</ymin>
                <xmax>36</xmax>
                <ymax>81</ymax>
            </bndbox>
        </object>
    <object>
        <name>3</name>
        <pose>Unspecified</pose>
        <truncated>0</truncated>
        <difficult>0</difficult>
        <bndbox>
                <xmin>47</xmin>
                <ymin>25</ymin>
                <xmax>62</xmax>
                <ymax>89</ymax>
            </bndbox>
        </object>
    <object>
        <name>A</name>
        <pose>Unspecified</pose>
        <truncated>0</truncated>
        <difficult>0</difficult>
        <bndbox>
                <xmin>64</xmin>
                <ymin>33</ymin>
                <xmax>75</xmax>
                <ymax>95</ymax>
            </bndbox>
        </object>
    <object>
        <name>H</name>
        <pose>Unspecified</pose>
        <truncated>0</truncated>
        <difficult>0</difficult>
        <bndbox>
                <xmin>75</xmin>
                <ymin>41</ymin>
                <xmax>89</xmax>
                <ymax>96</ymax>
            </bndbox>
        </object>
    <object>
        <name>A</name>
        <pose>Unspecified</pose>
        <truncated>0</truncated>
        <difficult>0</difficult>
        <bndbox>
                <xmin>89</xmin>
                <ymin>45</ymin>
                <xmax>101</xmax>
                <ymax>100</ymax>
            </bndbox>
        </object>
    </annotation>
