<annotation>
    <folder>From-Labelbox-license-characters-593images</folder>
    <filename>ckj6sp6qb001w246a4xi8owo7.png</filename>
    <path>/home/riotu/Object Detection/Datasets/Car-detection/License-characters/From-Labelbox-license-characters-593images/ckj6sp6qb001w246a4xi8owo7.png</path>
    <source>
        <database>Unknown</database>
    </source>
    <size>
        <width>180</width>
        <height>94</height>
        <depth>3</depth>
    </size>
    <segmented>0</segmented>
    <object>
        <name>9</name>
        <pose>Unspecified</pose>
        <truncated>0</truncated>
        <difficult>0</difficult>
        <bndbox>
                <xmin>7</xmin>
                <ymin>6</ymin>
                <xmax>19</xmax>
                <ymax>49</ymax>
            </bndbox>
        </object>
    <object>
        <name>0</name>
        <pose>Unspecified</pose>
        <truncated>0</truncated>
        <difficult>0</difficult>
        <bndbox>
                <xmin>23</xmin>
                <ymin>18</ymin>
                <xmax>33</xmax>
                <ymax>54</ymax>
            </bndbox>
        </object>
    <object>
        <name>0</name>
        <pose>Unspecified</pose>
        <truncated>0</truncated>
        <difficult>0</difficult>
        <bndbox>
                <xmin>39</xmin>
                <ymin>21</ymin>
                <xmax>48</xmax>
                <ymax>59</ymax>
            </bndbox>
        </object>
    <object>
        <name>8</name>
        <pose>Unspecified</pose>
        <truncated>0</truncated>
        <difficult>0</difficult>
        <bndbox>
                <xmin>54</xmin>
                <ymin>20</ymin>
                <xmax>64</xmax>
                <ymax>63</ymax>
            </bndbox>
        </object>
    <object>
        <name>Z</name>
        <pose>Unspecified</pose>
        <truncated>0</truncated>
        <difficult>0</difficult>
        <bndbox>
                <xmin>116</xmin>
                <ymin>36</ymin>
                <xmax>128</xmax>
                <ymax>79</ymax>
            </bndbox>
        </object>
    <object>
        <name>E</name>
        <pose>Unspecified</pose>
        <truncated>0</truncated>
        <difficult>0</difficult>
        <bndbox>
                <xmin>134</xmin>
                <ymin>39</ymin>
                <xmax>145</xmax>
                <ymax>85</ymax>
            </bndbox>
        </object>
    <object>
        <name>D</name>
        <pose>Unspecified</pose>
        <truncated>0</truncated>
        <difficult>0</difficult>
        <bndbox>
                <xmin>150</xmin>
                <ymin>47</ymin>
                <xmax>163</xmax>
                <ymax>88</ymax>
            </bndbox>
        </object>
    </annotation>
