<annotation>
    <folder>From-Labelbox-license-characters-593images</folder>
    <filename>ckj6uyowf000s246a4yw5tc1y.png</filename>
    <path>/home/riotu/Object Detection/Datasets/Car-detection/License-characters/From-Labelbox-license-characters-593images/ckj6uyowf000s246a4yw5tc1y.png</path>
    <source>
        <database>Unknown</database>
    </source>
    <size>
        <width>94</width>
        <height>65</height>
        <depth>3</depth>
    </size>
    <segmented>0</segmented>
    <object>
        <name>5</name>
        <pose>Unspecified</pose>
        <truncated>0</truncated>
        <difficult>0</difficult>
        <bndbox>
                <xmin>4</xmin>
                <ymin>11</ymin>
                <xmax>14</xmax>
                <ymax>47</ymax>
            </bndbox>
        </object>
    <object>
        <name>7</name>
        <pose>Unspecified</pose>
        <truncated>0</truncated>
        <difficult>0</difficult>
        <bndbox>
                <xmin>13</xmin>
                <ymin>10</ymin>
                <xmax>23</xmax>
                <ymax>48</ymax>
            </bndbox>
        </object>
    <object>
        <name>3</name>
        <pose>Unspecified</pose>
        <truncated>0</truncated>
        <difficult>0</difficult>
        <bndbox>
                <xmin>22</xmin>
                <ymin>11</ymin>
                <xmax>32</xmax>
                <ymax>50</ymax>
            </bndbox>
        </object>
    <object>
        <name>2</name>
        <pose>Unspecified</pose>
        <truncated>0</truncated>
        <difficult>0</difficult>
        <bndbox>
                <xmin>32</xmin>
                <ymin>10</ymin>
                <xmax>42</xmax>
                <ymax>50</ymax>
            </bndbox>
        </object>
    <object>
        <name>N</name>
        <pose>Unspecified</pose>
        <truncated>0</truncated>
        <difficult>0</difficult>
        <bndbox>
                <xmin>45</xmin>
                <ymin>15</ymin>
                <xmax>55</xmax>
                <ymax>49</ymax>
            </bndbox>
        </object>
    <object>
        <name>X</name>
        <pose>Unspecified</pose>
        <truncated>0</truncated>
        <difficult>0</difficult>
        <bndbox>
                <xmin>55</xmin>
                <ymin>17</ymin>
                <xmax>65</xmax>
                <ymax>50</ymax>
            </bndbox>
        </object>
    <object>
        <name>D</name>
        <pose>Unspecified</pose>
        <truncated>0</truncated>
        <difficult>0</difficult>
        <bndbox>
                <xmin>65</xmin>
                <ymin>19</ymin>
                <xmax>74</xmax>
                <ymax>51</ymax>
            </bndbox>
        </object>
    </annotation>
