<annotation>
    <folder>From-Labelbox-license-characters-593images</folder>
    <filename>ckj6vapgr0010246ai0itfcop.png</filename>
    <path>/home/riotu/Object Detection/Datasets/Car-detection/License-characters/From-Labelbox-license-characters-593images/ckj6vapgr0010246ai0itfcop.png</path>
    <source>
        <database>Unknown</database>
    </source>
    <size>
        <width>91</width>
        <height>63</height>
        <depth>3</depth>
    </size>
    <segmented>0</segmented>
    <object>
        <name>5</name>
        <pose>Unspecified</pose>
        <truncated>0</truncated>
        <difficult>0</difficult>
        <bndbox>
                <xmin>3</xmin>
                <ymin>13</ymin>
                <xmax>13</xmax>
                <ymax>50</ymax>
            </bndbox>
        </object>
    <object>
        <name>7</name>
        <pose>Unspecified</pose>
        <truncated>0</truncated>
        <difficult>0</difficult>
        <bndbox>
                <xmin>12</xmin>
                <ymin>13</ymin>
                <xmax>22</xmax>
                <ymax>50</ymax>
            </bndbox>
        </object>
    <object>
        <name>3</name>
        <pose>Unspecified</pose>
        <truncated>0</truncated>
        <difficult>0</difficult>
        <bndbox>
                <xmin>22</xmin>
                <ymin>13</ymin>
                <xmax>32</xmax>
                <ymax>51</ymax>
            </bndbox>
        </object>
    <object>
        <name>2</name>
        <pose>Unspecified</pose>
        <truncated>0</truncated>
        <difficult>0</difficult>
        <bndbox>
                <xmin>31</xmin>
                <ymin>12</ymin>
                <xmax>41</xmax>
                <ymax>52</ymax>
            </bndbox>
        </object>
    <object>
        <name>N</name>
        <pose>Unspecified</pose>
        <truncated>0</truncated>
        <difficult>0</difficult>
        <bndbox>
                <xmin>44</xmin>
                <ymin>19</ymin>
                <xmax>54</xmax>
                <ymax>51</ymax>
            </bndbox>
        </object>
    <object>
        <name>X</name>
        <pose>Unspecified</pose>
        <truncated>0</truncated>
        <difficult>0</difficult>
        <bndbox>
                <xmin>54</xmin>
                <ymin>20</ymin>
                <xmax>64</xmax>
                <ymax>52</ymax>
            </bndbox>
        </object>
    <object>
        <name>D</name>
        <pose>Unspecified</pose>
        <truncated>0</truncated>
        <difficult>0</difficult>
        <bndbox>
                <xmin>64</xmin>
                <ymin>21</ymin>
                <xmax>73</xmax>
                <ymax>54</ymax>
            </bndbox>
        </object>
    </annotation>
