<annotation>
    <folder>From-Labelbox-license-characters-593images</folder>
    <filename>ckj6zbja3001c246a3jg4ppen.png</filename>
    <path>/home/riotu/Object Detection/Datasets/Car-detection/License-characters/From-Labelbox-license-characters-593images/ckj6zbja3001c246a3jg4ppen.png</path>
    <source>
        <database>Unknown</database>
    </source>
    <size>
        <width>135</width>
        <height>103</height>
        <depth>3</depth>
    </size>
    <segmented>0</segmented>
    <object>
        <name>1</name>
        <pose>Unspecified</pose>
        <truncated>0</truncated>
        <difficult>0</difficult>
        <bndbox>
                <xmin>7</xmin>
                <ymin>0</ymin>
                <xmax>13</xmax>
                <ymax>46</ymax>
            </bndbox>
        </object>
    <object>
        <name>4</name>
        <pose>Unspecified</pose>
        <truncated>0</truncated>
        <difficult>0</difficult>
        <bndbox>
                <xmin>17</xmin>
                <ymin>4</ymin>
                <xmax>24</xmax>
                <ymax>54</ymax>
            </bndbox>
        </object>
    <object>
        <name>3</name>
        <pose>Unspecified</pose>
        <truncated>0</truncated>
        <difficult>0</difficult>
        <bndbox>
                <xmin>27</xmin>
                <ymin>10</ymin>
                <xmax>37</xmax>
                <ymax>59</ymax>
            </bndbox>
        </object>
    <object>
        <name>A</name>
        <pose>Unspecified</pose>
        <truncated>0</truncated>
        <difficult>0</difficult>
        <bndbox>
                <xmin>80</xmin>
                <ymin>36</ymin>
                <xmax>88</xmax>
                <ymax>86</ymax>
            </bndbox>
        </object>
    <object>
        <name>A</name>
        <pose>Unspecified</pose>
        <truncated>0</truncated>
        <difficult>0</difficult>
        <bndbox>
                <xmin>94</xmin>
                <ymin>42</ymin>
                <xmax>105</xmax>
                <ymax>92</ymax>
            </bndbox>
        </object>
    <object>
        <name>A</name>
        <pose>Unspecified</pose>
        <truncated>0</truncated>
        <difficult>0</difficult>
        <bndbox>
                <xmin>111</xmin>
                <ymin>49</ymin>
                <xmax>121</xmax>
                <ymax>102</ymax>
            </bndbox>
        </object>
    </annotation>
