<annotation>
    <folder>From-Labelbox-license-characters-593images</folder>
    <filename>ckj6udo2v000a246a4mqdgcuj.png</filename>
    <path>/home/riotu/Object Detection/Datasets/Car-detection/License-characters/From-Labelbox-license-characters-593images/ckj6udo2v000a246a4mqdgcuj.png</path>
    <source>
        <database>Unknown</database>
    </source>
    <size>
        <width>141</width>
        <height>109</height>
        <depth>3</depth>
    </size>
    <segmented>0</segmented>
    <object>
        <name>8</name>
        <pose>Unspecified</pose>
        <truncated>0</truncated>
        <difficult>0</difficult>
        <bndbox>
                <xmin>14</xmin>
                <ymin>14</ymin>
                <xmax>28</xmax>
                <ymax>78</ymax>
            </bndbox>
        </object>
    <object>
        <name>5</name>
        <pose>Unspecified</pose>
        <truncated>0</truncated>
        <difficult>0</difficult>
        <bndbox>
                <xmin>28</xmin>
                <ymin>22</ymin>
                <xmax>41</xmax>
                <ymax>81</ymax>
            </bndbox>
        </object>
    <object>
        <name>8</name>
        <pose>Unspecified</pose>
        <truncated>0</truncated>
        <difficult>0</difficult>
        <bndbox>
                <xmin>42</xmin>
                <ymin>21</ymin>
                <xmax>54</xmax>
                <ymax>84</ymax>
            </bndbox>
        </object>
    <object>
        <name>3</name>
        <pose>Unspecified</pose>
        <truncated>0</truncated>
        <difficult>0</difficult>
        <bndbox>
                <xmin>53</xmin>
                <ymin>24</ymin>
                <xmax>68</xmax>
                <ymax>89</ymax>
            </bndbox>
        </object>
    <object>
        <name>J</name>
        <pose>Unspecified</pose>
        <truncated>0</truncated>
        <difficult>0</difficult>
        <bndbox>
                <xmin>73</xmin>
                <ymin>30</ymin>
                <xmax>85</xmax>
                <ymax>88</ymax>
            </bndbox>
        </object>
    <object>
        <name>L</name>
        <pose>Unspecified</pose>
        <truncated>0</truncated>
        <difficult>0</difficult>
        <bndbox>
                <xmin>84</xmin>
                <ymin>36</ymin>
                <xmax>99</xmax>
                <ymax>93</ymax>
            </bndbox>
        </object>
    <object>
        <name>B</name>
        <pose>Unspecified</pose>
        <truncated>0</truncated>
        <difficult>0</difficult>
        <bndbox>
                <xmin>98</xmin>
                <ymin>43</ymin>
                <xmax>112</xmax>
                <ymax>95</ymax>
            </bndbox>
        </object>
    </annotation>
