<annotation>
    <folder>From-Labelbox-license-characters-593images</folder>
    <filename>ckj6uw6go000q246a5d9zpl5m.png</filename>
    <path>/home/riotu/Object Detection/Datasets/Car-detection/License-characters/From-Labelbox-license-characters-593images/ckj6uw6go000q246a5d9zpl5m.png</path>
    <source>
        <database>Unknown</database>
    </source>
    <size>
        <width>128</width>
        <height>89</height>
        <depth>3</depth>
    </size>
    <segmented>0</segmented>
    <object>
        <name>7</name>
        <pose>Unspecified</pose>
        <truncated>0</truncated>
        <difficult>0</difficult>
        <bndbox>
                <xmin>19</xmin>
                <ymin>14</ymin>
                <xmax>32</xmax>
                <ymax>65</ymax>
            </bndbox>
        </object>
    <object>
        <name>9</name>
        <pose>Unspecified</pose>
        <truncated>0</truncated>
        <difficult>0</difficult>
        <bndbox>
                <xmin>30</xmin>
                <ymin>14</ymin>
                <xmax>43</xmax>
                <ymax>68</ymax>
            </bndbox>
        </object>
    <object>
        <name>8</name>
        <pose>Unspecified</pose>
        <truncated>0</truncated>
        <difficult>0</difficult>
        <bndbox>
                <xmin>40</xmin>
                <ymin>17</ymin>
                <xmax>53</xmax>
                <ymax>70</ymax>
            </bndbox>
        </object>
    <object>
        <name>0</name>
        <pose>Unspecified</pose>
        <truncated>0</truncated>
        <difficult>0</difficult>
        <bndbox>
                <xmin>50</xmin>
                <ymin>26</ymin>
                <xmax>65</xmax>
                <ymax>72</ymax>
            </bndbox>
        </object>
    <object>
        <name>E</name>
        <pose>Unspecified</pose>
        <truncated>0</truncated>
        <difficult>0</difficult>
        <bndbox>
                <xmin>69</xmin>
                <ymin>25</ymin>
                <xmax>82</xmax>
                <ymax>72</ymax>
            </bndbox>
        </object>
    <object>
        <name>S</name>
        <pose>Unspecified</pose>
        <truncated>0</truncated>
        <difficult>0</difficult>
        <bndbox>
                <xmin>82</xmin>
                <ymin>32</ymin>
                <xmax>95</xmax>
                <ymax>75</ymax>
            </bndbox>
        </object>
    <object>
        <name>J</name>
        <pose>Unspecified</pose>
        <truncated>0</truncated>
        <difficult>0</difficult>
        <bndbox>
                <xmin>92</xmin>
                <ymin>28</ymin>
                <xmax>106</xmax>
                <ymax>77</ymax>
            </bndbox>
        </object>
    </annotation>
