<annotation>
    <folder>From-Labelbox-license-characters-593images</folder>
    <filename>ckj6sdife001r246as2fugjxs.png</filename>
    <path>/home/riotu/Object Detection/Datasets/Car-detection/License-characters/From-Labelbox-license-characters-593images/ckj6sdife001r246as2fugjxs.png</path>
    <source>
        <database>Unknown</database>
    </source>
    <size>
        <width>92</width>
        <height>57</height>
        <depth>3</depth>
    </size>
    <segmented>0</segmented>
    <object>
        <name>2</name>
        <pose>Unspecified</pose>
        <truncated>0</truncated>
        <difficult>0</difficult>
        <bndbox>
                <xmin>3</xmin>
                <ymin>3</ymin>
                <xmax>15</xmax>
                <ymax>43</ymax>
            </bndbox>
        </object>
    <object>
        <name>0</name>
        <pose>Unspecified</pose>
        <truncated>0</truncated>
        <difficult>0</difficult>
        <bndbox>
                <xmin>13</xmin>
                <ymin>12</ymin>
                <xmax>25</xmax>
                <ymax>44</ymax>
            </bndbox>
        </object>
    <object>
        <name>3</name>
        <pose>Unspecified</pose>
        <truncated>0</truncated>
        <difficult>0</difficult>
        <bndbox>
                <xmin>23</xmin>
                <ymin>9</ymin>
                <xmax>33</xmax>
                <ymax>45</ymax>
            </bndbox>
        </object>
    <object>
        <name>9</name>
        <pose>Unspecified</pose>
        <truncated>0</truncated>
        <difficult>0</difficult>
        <bndbox>
                <xmin>32</xmin>
                <ymin>8</ymin>
                <xmax>41</xmax>
                <ymax>46</ymax>
            </bndbox>
        </object>
    <object>
        <name>X</name>
        <pose>Unspecified</pose>
        <truncated>0</truncated>
        <difficult>0</difficult>
        <bndbox>
                <xmin>43</xmin>
                <ymin>16</ymin>
                <xmax>53</xmax>
                <ymax>46</ymax>
            </bndbox>
        </object>
    <object>
        <name>A</name>
        <pose>Unspecified</pose>
        <truncated>0</truncated>
        <difficult>0</difficult>
        <bndbox>
                <xmin>61</xmin>
                <ymin>16</ymin>
                <xmax>70</xmax>
                <ymax>47</ymax>
            </bndbox>
        </object>
    </annotation>
