<annotation>
    <folder>From-Labelbox-license-characters-593images</folder>
    <filename>ckj6z5tj8001a246arp393tnm.png</filename>
    <path>/home/riotu/Object Detection/Datasets/Car-detection/License-characters/From-Labelbox-license-characters-593images/ckj6z5tj8001a246arp393tnm.png</path>
    <source>
        <database>Unknown</database>
    </source>
    <size>
        <width>107</width>
        <height>75</height>
        <depth>3</depth>
    </size>
    <segmented>0</segmented>
    <object>
        <name>6</name>
        <pose>Unspecified</pose>
        <truncated>0</truncated>
        <difficult>0</difficult>
        <bndbox>
                <xmin>8</xmin>
                <ymin>13</ymin>
                <xmax>20</xmax>
                <ymax>61</ymax>
            </bndbox>
        </object>
    <object>
        <name>5</name>
        <pose>Unspecified</pose>
        <truncated>0</truncated>
        <difficult>0</difficult>
        <bndbox>
                <xmin>19</xmin>
                <ymin>19</ymin>
                <xmax>31</xmax>
                <ymax>62</ymax>
            </bndbox>
        </object>
    <object>
        <name>0</name>
        <pose>Unspecified</pose>
        <truncated>0</truncated>
        <difficult>0</difficult>
        <bndbox>
                <xmin>30</xmin>
                <ymin>25</ymin>
                <xmax>41</xmax>
                <ymax>64</ymax>
            </bndbox>
        </object>
    <object>
        <name>7</name>
        <pose>Unspecified</pose>
        <truncated>0</truncated>
        <difficult>0</difficult>
        <bndbox>
                <xmin>39</xmin>
                <ymin>20</ymin>
                <xmax>54</xmax>
                <ymax>65</ymax>
            </bndbox>
        </object>
    <object>
        <name>E</name>
        <pose>Unspecified</pose>
        <truncated>0</truncated>
        <difficult>0</difficult>
        <bndbox>
                <xmin>55</xmin>
                <ymin>24</ymin>
                <xmax>66</xmax>
                <ymax>65</ymax>
            </bndbox>
        </object>
    <object>
        <name>G</name>
        <pose>Unspecified</pose>
        <truncated>0</truncated>
        <difficult>0</difficult>
        <bndbox>
                <xmin>65</xmin>
                <ymin>27</ymin>
                <xmax>76</xmax>
                <ymax>67</ymax>
            </bndbox>
        </object>
    <object>
        <name>B</name>
        <pose>Unspecified</pose>
        <truncated>0</truncated>
        <difficult>0</difficult>
        <bndbox>
                <xmin>76</xmin>
                <ymin>32</ymin>
                <xmax>87</xmax>
                <ymax>68</ymax>
            </bndbox>
        </object>
    </annotation>
