<annotation>
    <folder>From-Labelbox-license-characters-593images</folder>
    <filename>ckj6og2gv0019246a3lbulkpe.png</filename>
    <path>/home/riotu/Object Detection/Datasets/Car-detection/License-characters/From-Labelbox-license-characters-593images/ckj6og2gv0019246a3lbulkpe.png</path>
    <source>
        <database>Unknown</database>
    </source>
    <size>
        <width>187</width>
        <height>85</height>
        <depth>3</depth>
    </size>
    <segmented>0</segmented>
    <object>
        <name>9</name>
        <pose>Unspecified</pose>
        <truncated>0</truncated>
        <difficult>0</difficult>
        <bndbox>
                <xmin>15</xmin>
                <ymin>4</ymin>
                <xmax>25</xmax>
                <ymax>45</ymax>
            </bndbox>
        </object>
    <object>
        <name>4</name>
        <pose>Unspecified</pose>
        <truncated>0</truncated>
        <difficult>0</difficult>
        <bndbox>
                <xmin>29</xmin>
                <ymin>7</ymin>
                <xmax>39</xmax>
                <ymax>49</ymax>
            </bndbox>
        </object>
    <object>
        <name>5</name>
        <pose>Unspecified</pose>
        <truncated>0</truncated>
        <difficult>0</difficult>
        <bndbox>
                <xmin>43</xmin>
                <ymin>14</ymin>
                <xmax>54</xmax>
                <ymax>53</ymax>
            </bndbox>
        </object>
    <object>
        <name>4</name>
        <pose>Unspecified</pose>
        <truncated>0</truncated>
        <difficult>0</difficult>
        <bndbox>
                <xmin>57</xmin>
                <ymin>16</ymin>
                <xmax>68</xmax>
                <ymax>56</ymax>
            </bndbox>
        </object>
    <object>
        <name>B</name>
        <pose>Unspecified</pose>
        <truncated>0</truncated>
        <difficult>0</difficult>
        <bndbox>
                <xmin>116</xmin>
                <ymin>38</ymin>
                <xmax>129</xmax>
                <ymax>73</ymax>
            </bndbox>
        </object>
    <object>
        <name>K</name>
        <pose>Unspecified</pose>
        <truncated>0</truncated>
        <difficult>0</difficult>
        <bndbox>
                <xmin>133</xmin>
                <ymin>36</ymin>
                <xmax>146</xmax>
                <ymax>78</ymax>
            </bndbox>
        </object>
    <object>
        <name>J</name>
        <pose>Unspecified</pose>
        <truncated>0</truncated>
        <difficult>0</difficult>
        <bndbox>
                <xmin>150</xmin>
                <ymin>39</ymin>
                <xmax>163</xmax>
                <ymax>82</ymax>
            </bndbox>
        </object>
    </annotation>
