<annotation>
    <folder>From-Labelbox-license-characters-593images</folder>
    <filename>ckj6oio3a001b246aq7mcduf7.png</filename>
    <path>/home/riotu/Object Detection/Datasets/Car-detection/License-characters/From-Labelbox-license-characters-593images/ckj6oio3a001b246aq7mcduf7.png</path>
    <source>
        <database>Unknown</database>
    </source>
    <size>
        <width>86</width>
        <height>58</height>
        <depth>3</depth>
    </size>
    <segmented>0</segmented>
    <object>
        <name>3</name>
        <pose>Unspecified</pose>
        <truncated>0</truncated>
        <difficult>0</difficult>
        <bndbox>
                <xmin>5</xmin>
                <ymin>14</ymin>
                <xmax>13</xmax>
                <ymax>47</ymax>
            </bndbox>
        </object>
    <object>
        <name>5</name>
        <pose>Unspecified</pose>
        <truncated>0</truncated>
        <difficult>0</difficult>
        <bndbox>
                <xmin>12</xmin>
                <ymin>16</ymin>
                <xmax>21</xmax>
                <ymax>48</ymax>
            </bndbox>
        </object>
    <object>
        <name>8</name>
        <pose>Unspecified</pose>
        <truncated>0</truncated>
        <difficult>0</difficult>
        <bndbox>
                <xmin>19</xmin>
                <ymin>17</ymin>
                <xmax>28</xmax>
                <ymax>48</ymax>
            </bndbox>
        </object>
    <object>
        <name>0</name>
        <pose>Unspecified</pose>
        <truncated>0</truncated>
        <difficult>0</difficult>
        <bndbox>
                <xmin>28</xmin>
                <ymin>21</ymin>
                <xmax>37</xmax>
                <ymax>49</ymax>
            </bndbox>
        </object>
    <object>
        <name>D</name>
        <pose>Unspecified</pose>
        <truncated>0</truncated>
        <difficult>0</difficult>
        <bndbox>
                <xmin>37</xmin>
                <ymin>22</ymin>
                <xmax>46</xmax>
                <ymax>48</ymax>
            </bndbox>
        </object>
    <object>
        <name>R</name>
        <pose>Unspecified</pose>
        <truncated>0</truncated>
        <difficult>0</difficult>
        <bndbox>
                <xmin>45</xmin>
                <ymin>22</ymin>
                <xmax>55</xmax>
                <ymax>50</ymax>
            </bndbox>
        </object>
    <object>
        <name>A</name>
        <pose>Unspecified</pose>
        <truncated>0</truncated>
        <difficult>0</difficult>
        <bndbox>
                <xmin>53</xmin>
                <ymin>21</ymin>
                <xmax>62</xmax>
                <ymax>51</ymax>
            </bndbox>
        </object>
    </annotation>
