<annotation>
    <folder>From-Labelbox-license-characters-593images</folder>
    <filename>ckn77j8t900h53068xq4ytkiz.jpeg</filename>
    <path>/home/riotu/Object Detection/Datasets/Car-detection/License-characters/From-Labelbox-license-characters-593images/ckn77j8t900h53068xq4ytkiz.jpeg</path>
    <source>
        <database>Unknown</database>
    </source>
    <size>
        <width>102</width>
        <height>51</height>
        <depth>3</depth>
    </size>
    <segmented>0</segmented>
    <object>
        <name>6</name>
        <pose>Unspecified</pose>
        <truncated>0</truncated>
        <difficult>0</difficult>
        <bndbox>
                <xmin>32</xmin>
                <ymin>10</ymin>
                <xmax>40</xmax>
                <ymax>44</ymax>
            </bndbox>
        </object>
    <object>
        <name>4</name>
        <pose>Unspecified</pose>
        <truncated>0</truncated>
        <difficult>0</difficult>
        <bndbox>
                <xmin>25</xmin>
                <ymin>8</ymin>
                <xmax>31</xmax>
                <ymax>44</ymax>
            </bndbox>
        </object>
    <object>
        <name>3</name>
        <pose>Unspecified</pose>
        <truncated>0</truncated>
        <difficult>0</difficult>
        <bndbox>
                <xmin>15</xmin>
                <ymin>7</ymin>
                <xmax>24</xmax>
                <ymax>43</ymax>
            </bndbox>
        </object>
    </annotation>
