<annotation>
    <folder>From-Labelbox-license-characters-593images</folder>
    <filename>ckn7dir8501jg3068balc54jg.jpeg</filename>
    <path>/home/riotu/Object Detection/Datasets/Car-detection/License-characters/From-Labelbox-license-characters-593images/ckn7dir8501jg3068balc54jg.jpeg</path>
    <source>
        <database>Unknown</database>
    </source>
    <size>
        <width>96</width>
        <height>53</height>
        <depth>3</depth>
    </size>
    <segmented>0</segmented>
    <object>
        <name>7</name>
        <pose>Unspecified</pose>
        <truncated>0</truncated>
        <difficult>0</difficult>
        <bndbox>
                <xmin>12</xmin>
                <ymin>5</ymin>
                <xmax>22</xmax>
                <ymax>44</ymax>
            </bndbox>
        </object>
    <object>
        <name>0</name>
        <pose>Unspecified</pose>
        <truncated>0</truncated>
        <difficult>0</difficult>
        <bndbox>
                <xmin>23</xmin>
                <ymin>13</ymin>
                <xmax>33</xmax>
                <ymax>43</ymax>
            </bndbox>
        </object>
    <object>
        <name>6</name>
        <pose>Unspecified</pose>
        <truncated>0</truncated>
        <difficult>0</difficult>
        <bndbox>
                <xmin>32</xmin>
                <ymin>5</ymin>
                <xmax>41</xmax>
                <ymax>46</ymax>
            </bndbox>
        </object>
    <object>
        <name>7</name>
        <pose>Unspecified</pose>
        <truncated>0</truncated>
        <difficult>0</difficult>
        <bndbox>
                <xmin>41</xmin>
                <ymin>8</ymin>
                <xmax>49</xmax>
                <ymax>44</ymax>
            </bndbox>
        </object>
    <object>
        <name>E</name>
        <pose>Unspecified</pose>
        <truncated>0</truncated>
        <difficult>0</difficult>
        <bndbox>
                <xmin>53</xmin>
                <ymin>13</ymin>
                <xmax>63</xmax>
                <ymax>47</ymax>
            </bndbox>
        </object>
    <object>
        <name>A</name>
        <pose>Unspecified</pose>
        <truncated>0</truncated>
        <difficult>0</difficult>
        <bndbox>
                <xmin>61</xmin>
                <ymin>12</ymin>
                <xmax>71</xmax>
                <ymax>49</ymax>
            </bndbox>
        </object>
    <object>
        <name>D</name>
        <pose>Unspecified</pose>
        <truncated>0</truncated>
        <difficult>0</difficult>
        <bndbox>
                <xmin>70</xmin>
                <ymin>14</ymin>
                <xmax>81</xmax>
                <ymax>47</ymax>
            </bndbox>
        </object>
    </annotation>
