<annotation>
    <folder>From-Labelbox-license-characters-593images</folder>
    <filename>ckn75vzi80019306874pvuexa.jpeg</filename>
    <path>/home/riotu/Object Detection/Datasets/Car-detection/License-characters/From-Labelbox-license-characters-593images/ckn75vzi80019306874pvuexa.jpeg</path>
    <source>
        <database>Unknown</database>
    </source>
    <size>
        <width>68</width>
        <height>37</height>
        <depth>3</depth>
    </size>
    <segmented>0</segmented>
    <object>
        <name>2</name>
        <pose>Unspecified</pose>
        <truncated>0</truncated>
        <difficult>0</difficult>
        <bndbox>
                <xmin>8</xmin>
                <ymin>2</ymin>
                <xmax>16</xmax>
                <ymax>32</ymax>
            </bndbox>
        </object>
    <object>
        <name>7</name>
        <pose>Unspecified</pose>
        <truncated>0</truncated>
        <difficult>0</difficult>
        <bndbox>
                <xmin>15</xmin>
                <ymin>2</ymin>
                <xmax>23</xmax>
                <ymax>32</ymax>
            </bndbox>
        </object>
    <object>
        <name>1</name>
        <pose>Unspecified</pose>
        <truncated>0</truncated>
        <difficult>0</difficult>
        <bndbox>
                <xmin>24</xmin>
                <ymin>3</ymin>
                <xmax>30</xmax>
                <ymax>32</ymax>
            </bndbox>
        </object>
    <object>
        <name>1</name>
        <pose>Unspecified</pose>
        <truncated>0</truncated>
        <difficult>0</difficult>
        <bndbox>
                <xmin>30</xmin>
                <ymin>4</ymin>
                <xmax>36</xmax>
                <ymax>34</ymax>
            </bndbox>
        </object>
    <object>
        <name>Z</name>
        <pose>Unspecified</pose>
        <truncated>0</truncated>
        <difficult>0</difficult>
        <bndbox>
                <xmin>39</xmin>
                <ymin>6</ymin>
                <xmax>47</xmax>
                <ymax>35</ymax>
            </bndbox>
        </object>
    <object>
        <name>N</name>
        <pose>Unspecified</pose>
        <truncated>0</truncated>
        <difficult>0</difficult>
        <bndbox>
                <xmin>49</xmin>
                <ymin>8</ymin>
                <xmax>53</xmax>
                <ymax>35</ymax>
            </bndbox>
        </object>
    <object>
        <name>D</name>
        <pose>Unspecified</pose>
        <truncated>0</truncated>
        <difficult>0</difficult>
        <bndbox>
                <xmin>54</xmin>
                <ymin>9</ymin>
                <xmax>62</xmax>
                <ymax>34</ymax>
            </bndbox>
        </object>
    </annotation>
