<annotation>
    <folder>From-Labelbox-license-characters-593images</folder>
    <filename>ckn7crr0e00503h665gwxac7t.jpeg</filename>
    <path>/home/riotu/Object Detection/Datasets/Car-detection/License-characters/From-Labelbox-license-characters-593images/ckn7crr0e00503h665gwxac7t.jpeg</path>
    <source>
        <database>Unknown</database>
    </source>
    <size>
        <width>107</width>
        <height>90</height>
        <depth>3</depth>
    </size>
    <segmented>0</segmented>
    <object>
        <name>2</name>
        <pose>Unspecified</pose>
        <truncated>0</truncated>
        <difficult>0</difficult>
        <bndbox>
                <xmin>19</xmin>
                <ymin>27</ymin>
                <xmax>31</xmax>
                <ymax>80</ymax>
            </bndbox>
        </object>
    <object>
        <name>8</name>
        <pose>Unspecified</pose>
        <truncated>0</truncated>
        <difficult>0</difficult>
        <bndbox>
                <xmin>31</xmin>
                <ymin>29</ymin>
                <xmax>40</xmax>
                <ymax>77</ymax>
            </bndbox>
        </object>
    <object>
        <name>0</name>
        <pose>Unspecified</pose>
        <truncated>0</truncated>
        <difficult>0</difficult>
        <bndbox>
                <xmin>41</xmin>
                <ymin>32</ymin>
                <xmax>51</xmax>
                <ymax>75</ymax>
            </bndbox>
        </object>
    <object>
        <name>7</name>
        <pose>Unspecified</pose>
        <truncated>0</truncated>
        <difficult>0</difficult>
        <bndbox>
                <xmin>52</xmin>
                <ymin>25</ymin>
                <xmax>60</xmax>
                <ymax>72</ymax>
            </bndbox>
        </object>
    </annotation>
