<annotation>
    <folder>From-Labelbox-license-characters-593images</folder>
    <filename>ckn7civyv017g3068xq4fgghd.jpeg</filename>
    <path>/home/riotu/Object Detection/Datasets/Car-detection/License-characters/From-Labelbox-license-characters-593images/ckn7civyv017g3068xq4fgghd.jpeg</path>
    <source>
        <database>Unknown</database>
    </source>
    <size>
        <width>78</width>
        <height>100</height>
        <depth>3</depth>
    </size>
    <segmented>0</segmented>
    <object>
        <name>2</name>
        <pose>Unspecified</pose>
        <truncated>0</truncated>
        <difficult>0</difficult>
        <bndbox>
                <xmin>2</xmin>
                <ymin>34</ymin>
                <xmax>13</xmax>
                <ymax>86</ymax>
            </bndbox>
        </object>
    <object>
        <name>9</name>
        <pose>Unspecified</pose>
        <truncated>0</truncated>
        <difficult>0</difficult>
        <bndbox>
                <xmin>13</xmin>
                <ymin>35</ymin>
                <xmax>22</xmax>
                <ymax>84</ymax>
            </bndbox>
        </object>
    <object>
        <name>0</name>
        <pose>Unspecified</pose>
        <truncated>0</truncated>
        <difficult>0</difficult>
        <bndbox>
                <xmin>22</xmin>
                <ymin>36</ymin>
                <xmax>33</xmax>
                <ymax>81</ymax>
            </bndbox>
        </object>
    <object>
        <name>7</name>
        <pose>Unspecified</pose>
        <truncated>0</truncated>
        <difficult>0</difficult>
        <bndbox>
                <xmin>33</xmin>
                <ymin>31</ymin>
                <xmax>41</xmax>
                <ymax>78</ymax>
            </bndbox>
        </object>
    <object>
        <name>Z</name>
        <pose>Unspecified</pose>
        <truncated>0</truncated>
        <difficult>0</difficult>
        <bndbox>
                <xmin>45</xmin>
                <ymin>27</ymin>
                <xmax>54</xmax>
                <ymax>73</ymax>
            </bndbox>
        </object>
    <object>
        <name>V</name>
        <pose>Unspecified</pose>
        <truncated>0</truncated>
        <difficult>0</difficult>
        <bndbox>
                <xmin>55</xmin>
                <ymin>27</ymin>
                <xmax>63</xmax>
                <ymax>70</ymax>
            </bndbox>
        </object>
    </annotation>
