<annotation>
    <folder>From-Labelbox-license-characters-593images</folder>
    <filename>ckn7d936n008b3h66bt0vc5k8.jpeg</filename>
    <path>/home/riotu/Object Detection/Datasets/Car-detection/License-characters/From-Labelbox-license-characters-593images/ckn7d936n008b3h66bt0vc5k8.jpeg</path>
    <source>
        <database>Unknown</database>
    </source>
    <size>
        <width>103</width>
        <height>49</height>
        <depth>3</depth>
    </size>
    <segmented>0</segmented>
    <object>
        <name>3</name>
        <pose>Unspecified</pose>
        <truncated>0</truncated>
        <difficult>0</difficult>
        <bndbox>
                <xmin>14</xmin>
                <ymin>5</ymin>
                <xmax>24</xmax>
                <ymax>47</ymax>
            </bndbox>
        </object>
    <object>
        <name>5</name>
        <pose>Unspecified</pose>
        <truncated>0</truncated>
        <difficult>0</difficult>
        <bndbox>
                <xmin>25</xmin>
                <ymin>7</ymin>
                <xmax>35</xmax>
                <ymax>49</ymax>
            </bndbox>
        </object>
    <object>
        <name>9</name>
        <pose>Unspecified</pose>
        <truncated>0</truncated>
        <difficult>0</difficult>
        <bndbox>
                <xmin>36</xmin>
                <ymin>6</ymin>
                <xmax>45</xmax>
                <ymax>49</ymax>
            </bndbox>
        </object>
    <object>
        <name>9</name>
        <pose>Unspecified</pose>
        <truncated>0</truncated>
        <difficult>0</difficult>
        <bndbox>
                <xmin>46</xmin>
                <ymin>6</ymin>
                <xmax>57</xmax>
                <ymax>49</ymax>
            </bndbox>
        </object>
    <object>
        <name>J</name>
        <pose>Unspecified</pose>
        <truncated>0</truncated>
        <difficult>0</difficult>
        <bndbox>
                <xmin>62</xmin>
                <ymin>10</ymin>
                <xmax>71</xmax>
                <ymax>48</ymax>
            </bndbox>
        </object>
    <object>
        <name>D</name>
        <pose>Unspecified</pose>
        <truncated>0</truncated>
        <difficult>0</difficult>
        <bndbox>
                <xmin>73</xmin>
                <ymin>15</ymin>
                <xmax>82</xmax>
                <ymax>49</ymax>
            </bndbox>
        </object>
    <object>
        <name>J</name>
        <pose>Unspecified</pose>
        <truncated>0</truncated>
        <difficult>0</difficult>
        <bndbox>
                <xmin>85</xmin>
                <ymin>10</ymin>
                <xmax>94</xmax>
                <ymax>49</ymax>
            </bndbox>
        </object>
    </annotation>
