<annotation>
    <folder>From-Labelbox-license-characters-593images</folder>
    <filename>ckn769pf2005530686gclzz03.jpeg</filename>
    <path>/home/riotu/Object Detection/Datasets/Car-detection/License-characters/From-Labelbox-license-characters-593images/ckn769pf2005530686gclzz03.jpeg</path>
    <source>
        <database>Unknown</database>
    </source>
    <size>
        <width>67</width>
        <height>38</height>
        <depth>3</depth>
    </size>
    <segmented>0</segmented>
    <object>
        <name>7</name>
        <pose>Unspecified</pose>
        <truncated>0</truncated>
        <difficult>0</difficult>
        <bndbox>
                <xmin>13</xmin>
                <ymin>5</ymin>
                <xmax>20</xmax>
                <ymax>32</ymax>
            </bndbox>
        </object>
    <object>
        <name>7</name>
        <pose>Unspecified</pose>
        <truncated>0</truncated>
        <difficult>0</difficult>
        <bndbox>
                <xmin>35</xmin>
                <ymin>5</ymin>
                <xmax>41</xmax>
                <ymax>34</ymax>
            </bndbox>
        </object>
    <object>
        <name>5</name>
        <pose>Unspecified</pose>
        <truncated>0</truncated>
        <difficult>0</difficult>
        <bndbox>
                <xmin>21</xmin>
                <ymin>6</ymin>
                <xmax>27</xmax>
                <ymax>33</ymax>
            </bndbox>
        </object>
    <object>
        <name>0</name>
        <pose>Unspecified</pose>
        <truncated>0</truncated>
        <difficult>0</difficult>
        <bndbox>
                <xmin>28</xmin>
                <ymin>9</ymin>
                <xmax>35</xmax>
                <ymax>34</ymax>
            </bndbox>
        </object>
    <object>
        <name>K</name>
        <pose>Unspecified</pose>
        <truncated>0</truncated>
        <difficult>0</difficult>
        <bndbox>
                <xmin>45</xmin>
                <ymin>9</ymin>
                <xmax>52</xmax>
                <ymax>34</ymax>
            </bndbox>
        </object>
    <object>
        <name>D</name>
        <pose>Unspecified</pose>
        <truncated>0</truncated>
        <difficult>0</difficult>
        <bndbox>
                <xmin>53</xmin>
                <ymin>9</ymin>
                <xmax>59</xmax>
                <ymax>33</ymax>
            </bndbox>
        </object>
    </annotation>
