<annotation>
    <folder>From-Labelbox-license-characters-593images</folder>
    <filename>ckn77ysc200ls3068dej48kcu.jpeg</filename>
    <path>/home/riotu/Object Detection/Datasets/Car-detection/License-characters/From-Labelbox-license-characters-593images/ckn77ysc200ls3068dej48kcu.jpeg</path>
    <source>
        <database>Unknown</database>
    </source>
    <size>
        <width>108</width>
        <height>47</height>
        <depth>3</depth>
    </size>
    <segmented>0</segmented>
    <object>
        <name>3</name>
        <pose>Unspecified</pose>
        <truncated>0</truncated>
        <difficult>0</difficult>
        <bndbox>
                <xmin>24</xmin>
                <ymin>3</ymin>
                <xmax>32</xmax>
                <ymax>40</ymax>
            </bndbox>
        </object>
    <object>
        <name>3</name>
        <pose>Unspecified</pose>
        <truncated>0</truncated>
        <difficult>0</difficult>
        <bndbox>
                <xmin>32</xmin>
                <ymin>3</ymin>
                <xmax>42</xmax>
                <ymax>41</ymax>
            </bndbox>
        </object>
    <object>
        <name>0</name>
        <pose>Unspecified</pose>
        <truncated>0</truncated>
        <difficult>0</difficult>
        <bndbox>
                <xmin>43</xmin>
                <ymin>7</ymin>
                <xmax>51</xmax>
                <ymax>41</ymax>
            </bndbox>
        </object>
    <object>
        <name>6</name>
        <pose>Unspecified</pose>
        <truncated>0</truncated>
        <difficult>0</difficult>
        <bndbox>
                <xmin>52</xmin>
                <ymin>2</ymin>
                <xmax>61</xmax>
                <ymax>42</ymax>
            </bndbox>
        </object>
    <object>
        <name>D</name>
        <pose>Unspecified</pose>
        <truncated>0</truncated>
        <difficult>0</difficult>
        <bndbox>
                <xmin>85</xmin>
                <ymin>9</ymin>
                <xmax>93</xmax>
                <ymax>41</ymax>
            </bndbox>
        </object>
    </annotation>
