<annotation>
    <folder>From-Labelbox-license-characters-593images</folder>
    <filename>ckn77ecdm00fu3068vmwodvl4.jpeg</filename>
    <path>/home/riotu/Object Detection/Datasets/Car-detection/License-characters/From-Labelbox-license-characters-593images/ckn77ecdm00fu3068vmwodvl4.jpeg</path>
    <source>
        <database>Unknown</database>
    </source>
    <size>
        <width>105</width>
        <height>58</height>
        <depth>3</depth>
    </size>
    <segmented>0</segmented>
    <object>
        <name>9</name>
        <pose>Unspecified</pose>
        <truncated>0</truncated>
        <difficult>0</difficult>
        <bndbox>
                <xmin>2</xmin>
                <ymin>6</ymin>
                <xmax>12</xmax>
                <ymax>47</ymax>
            </bndbox>
        </object>
    <object>
        <name>1</name>
        <pose>Unspecified</pose>
        <truncated>0</truncated>
        <difficult>0</difficult>
        <bndbox>
                <xmin>14</xmin>
                <ymin>7</ymin>
                <xmax>22</xmax>
                <ymax>49</ymax>
            </bndbox>
        </object>
    <object>
        <name>1</name>
        <pose>Unspecified</pose>
        <truncated>0</truncated>
        <difficult>0</difficult>
        <bndbox>
                <xmin>24</xmin>
                <ymin>9</ymin>
                <xmax>31</xmax>
                <ymax>50</ymax>
            </bndbox>
        </object>
    <object>
        <name>6</name>
        <pose>Unspecified</pose>
        <truncated>0</truncated>
        <difficult>0</difficult>
        <bndbox>
                <xmin>32</xmin>
                <ymin>8</ymin>
                <xmax>42</xmax>
                <ymax>51</ymax>
            </bndbox>
        </object>
    <object>
        <name>S</name>
        <pose>Unspecified</pose>
        <truncated>0</truncated>
        <difficult>0</difficult>
        <bndbox>
                <xmin>46</xmin>
                <ymin>14</ymin>
                <xmax>56</xmax>
                <ymax>51</ymax>
            </bndbox>
        </object>
    <object>
        <name>L</name>
        <pose>Unspecified</pose>
        <truncated>0</truncated>
        <difficult>0</difficult>
        <bndbox>
                <xmin>56</xmin>
                <ymin>14</ymin>
                <xmax>67</xmax>
                <ymax>53</ymax>
            </bndbox>
        </object>
    <object>
        <name>B</name>
        <pose>Unspecified</pose>
        <truncated>0</truncated>
        <difficult>0</difficult>
        <bndbox>
                <xmin>67</xmin>
                <ymin>18</ymin>
                <xmax>76</xmax>
                <ymax>52</ymax>
            </bndbox>
        </object>
    </annotation>
