<annotation>
    <folder>From-Labelbox-license-characters-593images</folder>
    <filename>ckn76y8dn00bz3068fs7apahu.jpeg</filename>
    <path>/home/riotu/Object Detection/Datasets/Car-detection/License-characters/From-Labelbox-license-characters-593images/ckn76y8dn00bz3068fs7apahu.jpeg</path>
    <source>
        <database>Unknown</database>
    </source>
    <size>
        <width>108</width>
        <height>54</height>
        <depth>3</depth>
    </size>
    <segmented>0</segmented>
    <object>
        <name>1</name>
        <pose>Unspecified</pose>
        <truncated>0</truncated>
        <difficult>0</difficult>
        <bndbox>
                <xmin>1</xmin>
                <ymin>3</ymin>
                <xmax>7</xmax>
                <ymax>47</ymax>
            </bndbox>
        </object>
    <object>
        <name>6</name>
        <pose>Unspecified</pose>
        <truncated>0</truncated>
        <difficult>0</difficult>
        <bndbox>
                <xmin>9</xmin>
                <ymin>4</ymin>
                <xmax>19</xmax>
                <ymax>50</ymax>
            </bndbox>
        </object>
    <object>
        <name>7</name>
        <pose>Unspecified</pose>
        <truncated>0</truncated>
        <difficult>0</difficult>
        <bndbox>
                <xmin>21</xmin>
                <ymin>5</ymin>
                <xmax>29</xmax>
                <ymax>51</ymax>
            </bndbox>
        </object>
    <object>
        <name>0</name>
        <pose>Unspecified</pose>
        <truncated>0</truncated>
        <difficult>0</difficult>
        <bndbox>
                <xmin>30</xmin>
                <ymin>10</ymin>
                <xmax>40</xmax>
                <ymax>50</ymax>
            </bndbox>
        </object>
    <object>
        <name>Z</name>
        <pose>Unspecified</pose>
        <truncated>0</truncated>
        <difficult>0</difficult>
        <bndbox>
                <xmin>46</xmin>
                <ymin>12</ymin>
                <xmax>54</xmax>
                <ymax>51</ymax>
            </bndbox>
        </object>
    <object>
        <name>A</name>
        <pose>Unspecified</pose>
        <truncated>0</truncated>
        <difficult>0</difficult>
        <bndbox>
                <xmin>56</xmin>
                <ymin>12</ymin>
                <xmax>66</xmax>
                <ymax>52</ymax>
            </bndbox>
        </object>
    <object>
        <name>J</name>
        <pose>Unspecified</pose>
        <truncated>0</truncated>
        <difficult>0</difficult>
        <bndbox>
                <xmin>68</xmin>
                <ymin>13</ymin>
                <xmax>77</xmax>
                <ymax>53</ymax>
            </bndbox>
        </object>
    </annotation>
