<annotation>
    <folder>From-Labelbox-license-characters-593images</folder>
    <filename>ckn7dmzrd00183h66joxua5db.jpeg</filename>
    <path>/home/riotu/Object Detection/Datasets/Car-detection/License-characters/From-Labelbox-license-characters-593images/ckn7dmzrd00183h66joxua5db.jpeg</path>
    <source>
        <database>Unknown</database>
    </source>
    <size>
        <width>105</width>
        <height>87</height>
        <depth>3</depth>
    </size>
    <segmented>0</segmented>
    <object>
        <name>2</name>
        <pose>Unspecified</pose>
        <truncated>0</truncated>
        <difficult>0</difficult>
        <bndbox>
                <xmin>12</xmin>
                <ymin>23</ymin>
                <xmax>23</xmax>
                <ymax>75</ymax>
            </bndbox>
        </object>
    <object>
        <name>8</name>
        <pose>Unspecified</pose>
        <truncated>0</truncated>
        <difficult>0</difficult>
        <bndbox>
                <xmin>23</xmin>
                <ymin>23</ymin>
                <xmax>33</xmax>
                <ymax>73</ymax>
            </bndbox>
        </object>
    <object>
        <name>0</name>
        <pose>Unspecified</pose>
        <truncated>0</truncated>
        <difficult>0</difficult>
        <bndbox>
                <xmin>34</xmin>
                <ymin>28</ymin>
                <xmax>42</xmax>
                <ymax>69</ymax>
            </bndbox>
        </object>
    <object>
        <name>7</name>
        <pose>Unspecified</pose>
        <truncated>0</truncated>
        <difficult>0</difficult>
        <bndbox>
                <xmin>43</xmin>
                <ymin>19</ymin>
                <xmax>52</xmax>
                <ymax>67</ymax>
            </bndbox>
        </object>
    <object>
        <name>Z</name>
        <pose>Unspecified</pose>
        <truncated>0</truncated>
        <difficult>0</difficult>
        <bndbox>
                <xmin>56</xmin>
                <ymin>17</ymin>
                <xmax>65</xmax>
                <ymax>61</ymax>
            </bndbox>
        </object>
    <object>
        <name>V</name>
        <pose>Unspecified</pose>
        <truncated>0</truncated>
        <difficult>0</difficult>
        <bndbox>
                <xmin>65</xmin>
                <ymin>16</ymin>
                <xmax>74</xmax>
                <ymax>59</ymax>
            </bndbox>
        </object>
    <object>
        <name>B</name>
        <pose>Unspecified</pose>
        <truncated>0</truncated>
        <difficult>0</difficult>
        <bndbox>
                <xmin>75</xmin>
                <ymin>18</ymin>
                <xmax>85</xmax>
                <ymax>57</ymax>
            </bndbox>
        </object>
    </annotation>
