<annotation>
    <folder>From-Labelbox-license-characters-593images</folder>
    <filename>ckn761b3j002l3068u4pxoxll.jpeg</filename>
    <path>/home/riotu/Object Detection/Datasets/Car-detection/License-characters/From-Labelbox-license-characters-593images/ckn761b3j002l3068u4pxoxll.jpeg</path>
    <source>
        <database>Unknown</database>
    </source>
    <size>
        <width>97</width>
        <height>65</height>
        <depth>3</depth>
    </size>
    <segmented>0</segmented>
    <object>
        <name>N</name>
        <pose>Unspecified</pose>
        <truncated>0</truncated>
        <difficult>0</difficult>
        <bndbox>
                <xmin>77</xmin>
                <ymin>19</ymin>
                <xmax>87</xmax>
                <ymax>64</ymax>
            </bndbox>
        </object>
    <object>
        <name>U</name>
        <pose>Unspecified</pose>
        <truncated>0</truncated>
        <difficult>0</difficult>
        <bndbox>
                <xmin>67</xmin>
                <ymin>19</ymin>
                <xmax>76</xmax>
                <ymax>61</ymax>
            </bndbox>
        </object>
    <object>
        <name>4</name>
        <pose>Unspecified</pose>
        <truncated>0</truncated>
        <difficult>0</difficult>
        <bndbox>
                <xmin>51</xmin>
                <ymin>16</ymin>
                <xmax>61</xmax>
                <ymax>64</ymax>
            </bndbox>
        </object>
    <object>
        <name>0</name>
        <pose>Unspecified</pose>
        <truncated>0</truncated>
        <difficult>0</difficult>
        <bndbox>
                <xmin>40</xmin>
                <ymin>16</ymin>
                <xmax>50</xmax>
                <ymax>60</ymax>
            </bndbox>
        </object>
    <object>
        <name>7</name>
        <pose>Unspecified</pose>
        <truncated>0</truncated>
        <difficult>0</difficult>
        <bndbox>
                <xmin>29</xmin>
                <ymin>15</ymin>
                <xmax>39</xmax>
                <ymax>58</ymax>
            </bndbox>
        </object>
    <object>
        <name>1</name>
        <pose>Unspecified</pose>
        <truncated>0</truncated>
        <difficult>0</difficult>
        <bndbox>
                <xmin>20</xmin>
                <ymin>13</ymin>
                <xmax>27</xmax>
                <ymax>58</ymax>
            </bndbox>
        </object>
    </annotation>
