<annotation>
    <folder>From-Labelbox-license-characters-593images</folder>
    <filename>ckn77ldw900hr30680cirpfy7.jpeg</filename>
    <path>/home/riotu/Object Detection/Datasets/Car-detection/License-characters/From-Labelbox-license-characters-593images/ckn77ldw900hr30680cirpfy7.jpeg</path>
    <source>
        <database>Unknown</database>
    </source>
    <size>
        <width>124</width>
        <height>65</height>
        <depth>3</depth>
    </size>
    <segmented>0</segmented>
    <object>
        <name>4</name>
        <pose>Unspecified</pose>
        <truncated>0</truncated>
        <difficult>0</difficult>
        <bndbox>
                <xmin>12</xmin>
                <ymin>6</ymin>
                <xmax>24</xmax>
                <ymax>62</ymax>
            </bndbox>
        </object>
    <object>
        <name>2</name>
        <pose>Unspecified</pose>
        <truncated>0</truncated>
        <difficult>0</difficult>
        <bndbox>
                <xmin>27</xmin>
                <ymin>7</ymin>
                <xmax>40</xmax>
                <ymax>63</ymax>
            </bndbox>
        </object>
    <object>
        <name>2</name>
        <pose>Unspecified</pose>
        <truncated>0</truncated>
        <difficult>0</difficult>
        <bndbox>
                <xmin>40</xmin>
                <ymin>7</ymin>
                <xmax>55</xmax>
                <ymax>63</ymax>
            </bndbox>
        </object>
    <object>
        <name>5</name>
        <pose>Unspecified</pose>
        <truncated>0</truncated>
        <difficult>0</difficult>
        <bndbox>
                <xmin>55</xmin>
                <ymin>11</ymin>
                <xmax>68</xmax>
                <ymax>64</ymax>
            </bndbox>
        </object>
    <object>
        <name>S</name>
        <pose>Unspecified</pose>
        <truncated>0</truncated>
        <difficult>0</difficult>
        <bndbox>
                <xmin>88</xmin>
                <ymin>20</ymin>
                <xmax>102</xmax>
                <ymax>65</ymax>
            </bndbox>
        </object>
    <object>
        <name>D</name>
        <pose>Unspecified</pose>
        <truncated>0</truncated>
        <difficult>0</difficult>
        <bndbox>
                <xmin>103</xmin>
                <ymin>21</ymin>
                <xmax>115</xmax>
                <ymax>65</ymax>
            </bndbox>
        </object>
    <object>
        <name>G</name>
        <pose>Unspecified</pose>
        <truncated>0</truncated>
        <difficult>0</difficult>
        <bndbox>
                <xmin>74</xmin>
                <ymin>17</ymin>
                <xmax>87</xmax>
                <ymax>63</ymax>
            </bndbox>
        </object>
    </annotation>
