<annotation>
    <folder>From-Labelbox-license-characters-593images</folder>
    <filename>ckn7cos3s01973068r12irdmg.jpeg</filename>
    <path>/home/riotu/Object Detection/Datasets/Car-detection/License-characters/From-Labelbox-license-characters-593images/ckn7cos3s01973068r12irdmg.jpeg</path>
    <source>
        <database>Unknown</database>
    </source>
    <size>
        <width>72</width>
        <height>42</height>
        <depth>3</depth>
    </size>
    <segmented>0</segmented>
    <object>
        <name>2</name>
        <pose>Unspecified</pose>
        <truncated>0</truncated>
        <difficult>0</difficult>
        <bndbox>
                <xmin>15</xmin>
                <ymin>8</ymin>
                <xmax>22</xmax>
                <ymax>37</ymax>
            </bndbox>
        </object>
    <object>
        <name>9</name>
        <pose>Unspecified</pose>
        <truncated>0</truncated>
        <difficult>0</difficult>
        <bndbox>
                <xmin>21</xmin>
                <ymin>7</ymin>
                <xmax>29</xmax>
                <ymax>38</ymax>
            </bndbox>
        </object>
    <object>
        <name>3</name>
        <pose>Unspecified</pose>
        <truncated>0</truncated>
        <difficult>0</difficult>
        <bndbox>
                <xmin>28</xmin>
                <ymin>6</ymin>
                <xmax>37</xmax>
                <ymax>37</ymax>
            </bndbox>
        </object>
    <object>
        <name>4</name>
        <pose>Unspecified</pose>
        <truncated>0</truncated>
        <difficult>0</difficult>
        <bndbox>
                <xmin>37</xmin>
                <ymin>7</ymin>
                <xmax>43</xmax>
                <ymax>38</ymax>
            </bndbox>
        </object>
    </annotation>
