<annotation>
    <folder>From-Labelbox-license-characters-593images</folder>
    <filename>ckn7a9a4q00pv306804fq4kil.jpeg</filename>
    <path>/home/riotu/Object Detection/Datasets/Car-detection/License-characters/From-Labelbox-license-characters-593images/ckn7a9a4q00pv306804fq4kil.jpeg</path>
    <source>
        <database>Unknown</database>
    </source>
    <size>
        <width>175</width>
        <height>165</height>
        <depth>3</depth>
    </size>
    <segmented>0</segmented>
    <object>
        <name>6</name>
        <pose>Unspecified</pose>
        <truncated>0</truncated>
        <difficult>0</difficult>
        <bndbox>
                <xmin>10</xmin>
                <ymin>18</ymin>
                <xmax>34</xmax>
                <ymax>118</ymax>
            </bndbox>
        </object>
    <object>
        <name>1</name>
        <pose>Unspecified</pose>
        <truncated>0</truncated>
        <difficult>0</difficult>
        <bndbox>
                <xmin>28</xmin>
                <ymin>25</ymin>
                <xmax>51</xmax>
                <ymax>122</ymax>
            </bndbox>
        </object>
    <object>
        <name>3</name>
        <pose>Unspecified</pose>
        <truncated>0</truncated>
        <difficult>0</difficult>
        <bndbox>
                <xmin>43</xmin>
                <ymin>28</ymin>
                <xmax>68</xmax>
                <ymax>127</ymax>
            </bndbox>
        </object>
    <object>
        <name>4</name>
        <pose>Unspecified</pose>
        <truncated>0</truncated>
        <difficult>0</difficult>
        <bndbox>
                <xmin>58</xmin>
                <ymin>31</ymin>
                <xmax>84</xmax>
                <ymax>131</ymax>
            </bndbox>
        </object>
    <object>
        <name>G</name>
        <pose>Unspecified</pose>
        <truncated>0</truncated>
        <difficult>0</difficult>
        <bndbox>
                <xmin>84</xmin>
                <ymin>45</ymin>
                <xmax>107</xmax>
                <ymax>137</ymax>
            </bndbox>
        </object>
    <object>
        <name>L</name>
        <pose>Unspecified</pose>
        <truncated>0</truncated>
        <difficult>0</difficult>
        <bndbox>
                <xmin>102</xmin>
                <ymin>52</ymin>
                <xmax>124</xmax>
                <ymax>140</ymax>
            </bndbox>
        </object>
    <object>
        <name>D</name>
        <pose>Unspecified</pose>
        <truncated>0</truncated>
        <difficult>0</difficult>
        <bndbox>
                <xmin>117</xmin>
                <ymin>60</ymin>
                <xmax>140</xmax>
                <ymax>144</ymax>
            </bndbox>
        </object>
    </annotation>
