<annotation>
    <folder>From-Labelbox-license-characters-593images</folder>
    <filename>ckn76rqr8009e3068xif4vrpn.jpeg</filename>
    <path>/home/riotu/Object Detection/Datasets/Car-detection/License-characters/From-Labelbox-license-characters-593images/ckn76rqr8009e3068xif4vrpn.jpeg</path>
    <source>
        <database>Unknown</database>
    </source>
    <size>
        <width>127</width>
        <height>48</height>
        <depth>3</depth>
    </size>
    <segmented>0</segmented>
    <object>
        <name>2</name>
        <pose>Unspecified</pose>
        <truncated>0</truncated>
        <difficult>0</difficult>
        <bndbox>
                <xmin>1</xmin>
                <ymin>7</ymin>
                <xmax>7</xmax>
                <ymax>37</ymax>
            </bndbox>
        </object>
    </annotation>
