<annotation>
    <folder>From-Labelbox-license-characters-593images</folder>
    <filename>ckn7db1f601fy3068i8nvm201.jpeg</filename>
    <path>/home/riotu/Object Detection/Datasets/Car-detection/License-characters/From-Labelbox-license-characters-593images/ckn7db1f601fy3068i8nvm201.jpeg</path>
    <source>
        <database>Unknown</database>
    </source>
    <size>
        <width>99</width>
        <height>56</height>
        <depth>3</depth>
    </size>
    <segmented>0</segmented>
    <object>
        <name>3</name>
        <pose>Unspecified</pose>
        <truncated>0</truncated>
        <difficult>0</difficult>
        <bndbox>
                <xmin>18</xmin>
                <ymin>10</ymin>
                <xmax>26</xmax>
                <ymax>46</ymax>
            </bndbox>
        </object>
    <object>
        <name>7</name>
        <pose>Unspecified</pose>
        <truncated>0</truncated>
        <difficult>0</difficult>
        <bndbox>
                <xmin>27</xmin>
                <ymin>11</ymin>
                <xmax>35</xmax>
                <ymax>46</ymax>
            </bndbox>
        </object>
    <object>
        <name>2</name>
        <pose>Unspecified</pose>
        <truncated>0</truncated>
        <difficult>0</difficult>
        <bndbox>
                <xmin>36</xmin>
                <ymin>10</ymin>
                <xmax>45</xmax>
                <ymax>48</ymax>
            </bndbox>
        </object>
    <object>
        <name>2</name>
        <pose>Unspecified</pose>
        <truncated>0</truncated>
        <difficult>0</difficult>
        <bndbox>
                <xmin>45</xmin>
                <ymin>12</ymin>
                <xmax>54</xmax>
                <ymax>50</ymax>
            </bndbox>
        </object>
    <object>
        <name>D</name>
        <pose>Unspecified</pose>
        <truncated>0</truncated>
        <difficult>0</difficult>
        <bndbox>
                <xmin>74</xmin>
                <ymin>20</ymin>
                <xmax>84</xmax>
                <ymax>50</ymax>
            </bndbox>
        </object>
    </annotation>
