<annotation>
    <folder>From-Labelbox-license-characters-593images</folder>
    <filename>ckn7cyriy01bm3068s5jytwq5.jpeg</filename>
    <path>/home/riotu/Object Detection/Datasets/Car-detection/License-characters/From-Labelbox-license-characters-593images/ckn7cyriy01bm3068s5jytwq5.jpeg</path>
    <source>
        <database>Unknown</database>
    </source>
    <size>
        <width>108</width>
        <height>49</height>
        <depth>3</depth>
    </size>
    <segmented>0</segmented>
    <object>
        <name>9</name>
        <pose>Unspecified</pose>
        <truncated>0</truncated>
        <difficult>0</difficult>
        <bndbox>
                <xmin>21</xmin>
                <ymin>7</ymin>
                <xmax>30</xmax>
                <ymax>45</ymax>
            </bndbox>
        </object>
    <object>
        <name>6</name>
        <pose>Unspecified</pose>
        <truncated>0</truncated>
        <difficult>0</difficult>
        <bndbox>
                <xmin>30</xmin>
                <ymin>6</ymin>
                <xmax>41</xmax>
                <ymax>44</ymax>
            </bndbox>
        </object>
    <object>
        <name>3</name>
        <pose>Unspecified</pose>
        <truncated>0</truncated>
        <difficult>0</difficult>
        <bndbox>
                <xmin>48</xmin>
                <ymin>9</ymin>
                <xmax>59</xmax>
                <ymax>45</ymax>
            </bndbox>
        </object>
    <object>
        <name>7</name>
        <pose>Unspecified</pose>
        <truncated>0</truncated>
        <difficult>0</difficult>
        <bndbox>
                <xmin>40</xmin>
                <ymin>9</ymin>
                <xmax>47</xmax>
                <ymax>44</ymax>
            </bndbox>
        </object>
    <object>
        <name>E</name>
        <pose>Unspecified</pose>
        <truncated>0</truncated>
        <difficult>0</difficult>
        <bndbox>
                <xmin>69</xmin>
                <ymin>10</ymin>
                <xmax>80</xmax>
                <ymax>45</ymax>
            </bndbox>
        </object>
    <object>
        <name>A</name>
        <pose>Unspecified</pose>
        <truncated>0</truncated>
        <difficult>0</difficult>
        <bndbox>
                <xmin>78</xmin>
                <ymin>10</ymin>
                <xmax>89</xmax>
                <ymax>45</ymax>
            </bndbox>
        </object>
    </annotation>
