<annotation>
    <folder>From-Labelbox-license-characters-593images</folder>
    <filename>ckn7cd7vt015e3068szo8o3o8.jpeg</filename>
    <path>/home/riotu/Object Detection/Datasets/Car-detection/License-characters/From-Labelbox-license-characters-593images/ckn7cd7vt015e3068szo8o3o8.jpeg</path>
    <source>
        <database>Unknown</database>
    </source>
    <size>
        <width>260</width>
        <height>202</height>
        <depth>3</depth>
    </size>
    <segmented>0</segmented>
    <object>
        <name>4</name>
        <pose>Unspecified</pose>
        <truncated>0</truncated>
        <difficult>0</difficult>
        <bndbox>
                <xmin>7</xmin>
                <ymin>23</ymin>
                <xmax>32</xmax>
                <ymax>158</ymax>
            </bndbox>
        </object>
    <object>
        <name>9</name>
        <pose>Unspecified</pose>
        <truncated>0</truncated>
        <difficult>0</difficult>
        <bndbox>
                <xmin>33</xmin>
                <ymin>25</ymin>
                <xmax>59</xmax>
                <ymax>159</ymax>
            </bndbox>
        </object>
    <object>
        <name>4</name>
        <pose>Unspecified</pose>
        <truncated>0</truncated>
        <difficult>0</difficult>
        <bndbox>
                <xmin>62</xmin>
                <ymin>28</ymin>
                <xmax>86</xmax>
                <ymax>164</ymax>
            </bndbox>
        </object>
    <object>
        <name>9</name>
        <pose>Unspecified</pose>
        <truncated>0</truncated>
        <difficult>0</difficult>
        <bndbox>
                <xmin>87</xmin>
                <ymin>32</ymin>
                <xmax>118</xmax>
                <ymax>170</ymax>
            </bndbox>
        </object>
    <object>
        <name>U</name>
        <pose>Unspecified</pose>
        <truncated>0</truncated>
        <difficult>0</difficult>
        <bndbox>
                <xmin>129</xmin>
                <ymin>47</ymin>
                <xmax>158</xmax>
                <ymax>168</ymax>
            </bndbox>
        </object>
    <object>
        <name>V</name>
        <pose>Unspecified</pose>
        <truncated>0</truncated>
        <difficult>0</difficult>
        <bndbox>
                <xmin>159</xmin>
                <ymin>50</ymin>
                <xmax>188</xmax>
                <ymax>172</ymax>
            </bndbox>
        </object>
    <object>
        <name>B</name>
        <pose>Unspecified</pose>
        <truncated>0</truncated>
        <difficult>0</difficult>
        <bndbox>
                <xmin>192</xmin>
                <ymin>59</ymin>
                <xmax>221</xmax>
                <ymax>180</ymax>
            </bndbox>
        </object>
    </annotation>
