<annotation>
    <folder>From-Labelbox-license-characters-593images</folder>
    <filename>ckn76ljk200803068jih1bmpp.jpeg</filename>
    <path>/home/riotu/Object Detection/Datasets/Car-detection/License-characters/From-Labelbox-license-characters-593images/ckn76ljk200803068jih1bmpp.jpeg</path>
    <source>
        <database>Unknown</database>
    </source>
    <size>
        <width>101</width>
        <height>52</height>
        <depth>3</depth>
    </size>
    <segmented>0</segmented>
    <object>
        <name>2</name>
        <pose>Unspecified</pose>
        <truncated>0</truncated>
        <difficult>0</difficult>
        <bndbox>
                <xmin>28</xmin>
                <ymin>14</ymin>
                <xmax>37</xmax>
                <ymax>48</ymax>
            </bndbox>
        </object>
    <object>
        <name>3</name>
        <pose>Unspecified</pose>
        <truncated>0</truncated>
        <difficult>0</difficult>
        <bndbox>
                <xmin>38</xmin>
                <ymin>15</ymin>
                <xmax>44</xmax>
                <ymax>49</ymax>
            </bndbox>
        </object>
    <object>
        <name>1</name>
        <pose>Unspecified</pose>
        <truncated>0</truncated>
        <difficult>0</difficult>
        <bndbox>
                <xmin>46</xmin>
                <ymin>16</ymin>
                <xmax>52</xmax>
                <ymax>49</ymax>
            </bndbox>
        </object>
    </annotation>
