<annotation>
    <folder>From-Labelbox-license-characters-593images</folder>
    <filename>ckn77ides00gv3068jmb2dpn4.jpeg</filename>
    <path>/home/riotu/Object Detection/Datasets/Car-detection/License-characters/From-Labelbox-license-characters-593images/ckn77ides00gv3068jmb2dpn4.jpeg</path>
    <source>
        <database>Unknown</database>
    </source>
    <size>
        <width>97</width>
        <height>54</height>
        <depth>3</depth>
    </size>
    <segmented>0</segmented>
    <object>
        <name>7</name>
        <pose>Unspecified</pose>
        <truncated>0</truncated>
        <difficult>0</difficult>
        <bndbox>
                <xmin>19</xmin>
                <ymin>2</ymin>
                <xmax>29</xmax>
                <ymax>38</ymax>
            </bndbox>
        </object>
    <object>
        <name>9</name>
        <pose>Unspecified</pose>
        <truncated>0</truncated>
        <difficult>0</difficult>
        <bndbox>
                <xmin>29</xmin>
                <ymin>3</ymin>
                <xmax>37</xmax>
                <ymax>38</ymax>
            </bndbox>
        </object>
    <object>
        <name>3</name>
        <pose>Unspecified</pose>
        <truncated>0</truncated>
        <difficult>0</difficult>
        <bndbox>
                <xmin>38</xmin>
                <ymin>3</ymin>
                <xmax>46</xmax>
                <ymax>38</ymax>
            </bndbox>
        </object>
    <object>
        <name>9</name>
        <pose>Unspecified</pose>
        <truncated>0</truncated>
        <difficult>0</difficult>
        <bndbox>
                <xmin>47</xmin>
                <ymin>4</ymin>
                <xmax>55</xmax>
                <ymax>39</ymax>
            </bndbox>
        </object>
    <object>
        <name>L</name>
        <pose>Unspecified</pose>
        <truncated>0</truncated>
        <difficult>0</difficult>
        <bndbox>
                <xmin>59</xmin>
                <ymin>8</ymin>
                <xmax>68</xmax>
                <ymax>39</ymax>
            </bndbox>
        </object>
    <object>
        <name>V</name>
        <pose>Unspecified</pose>
        <truncated>0</truncated>
        <difficult>0</difficult>
        <bndbox>
                <xmin>69</xmin>
                <ymin>8</ymin>
                <xmax>76</xmax>
                <ymax>39</ymax>
            </bndbox>
        </object>
    <object>
        <name>J</name>
        <pose>Unspecified</pose>
        <truncated>0</truncated>
        <difficult>0</difficult>
        <bndbox>
                <xmin>77</xmin>
                <ymin>8</ymin>
                <xmax>86</xmax>
                <ymax>39</ymax>
            </bndbox>
        </object>
    </annotation>
