<annotation>
    <folder>From-Labelbox-license-characters-593images</folder>
    <filename>ckn7ajwa800tc3068vktb0z8y.jpeg</filename>
    <path>/home/riotu/Object Detection/Datasets/Car-detection/License-characters/From-Labelbox-license-characters-593images/ckn7ajwa800tc3068vktb0z8y.jpeg</path>
    <source>
        <database>Unknown</database>
    </source>
    <size>
        <width>111</width>
        <height>51</height>
        <depth>3</depth>
    </size>
    <segmented>0</segmented>
    <object>
        <name>2</name>
        <pose>Unspecified</pose>
        <truncated>0</truncated>
        <difficult>0</difficult>
        <bndbox>
                <xmin>20</xmin>
                <ymin>4</ymin>
                <xmax>31</xmax>
                <ymax>46</ymax>
            </bndbox>
        </object>
    <object>
        <name>0</name>
        <pose>Unspecified</pose>
        <truncated>0</truncated>
        <difficult>0</difficult>
        <bndbox>
                <xmin>32</xmin>
                <ymin>14</ymin>
                <xmax>41</xmax>
                <ymax>47</ymax>
            </bndbox>
        </object>
    <object>
        <name>3</name>
        <pose>Unspecified</pose>
        <truncated>0</truncated>
        <difficult>0</difficult>
        <bndbox>
                <xmin>42</xmin>
                <ymin>6</ymin>
                <xmax>52</xmax>
                <ymax>48</ymax>
            </bndbox>
        </object>
    <object>
        <name>0</name>
        <pose>Unspecified</pose>
        <truncated>0</truncated>
        <difficult>0</difficult>
        <bndbox>
                <xmin>54</xmin>
                <ymin>13</ymin>
                <xmax>63</xmax>
                <ymax>49</ymax>
            </bndbox>
        </object>
    <object>
        <name>J</name>
        <pose>Unspecified</pose>
        <truncated>0</truncated>
        <difficult>0</difficult>
        <bndbox>
                <xmin>88</xmin>
                <ymin>15</ymin>
                <xmax>99</xmax>
                <ymax>51</ymax>
            </bndbox>
        </object>
    </annotation>
