<annotation>
    <folder>From-Labelbox-license-characters-593images</folder>
    <filename>ckn774c1m00dl30683tbrc2ic.jpeg</filename>
    <path>/home/riotu/Object Detection/Datasets/Car-detection/License-characters/From-Labelbox-license-characters-593images/ckn774c1m00dl30683tbrc2ic.jpeg</path>
    <source>
        <database>Unknown</database>
    </source>
    <size>
        <width>94</width>
        <height>55</height>
        <depth>3</depth>
    </size>
    <segmented>0</segmented>
    <object>
        <name>7</name>
        <pose>Unspecified</pose>
        <truncated>0</truncated>
        <difficult>0</difficult>
        <bndbox>
                <xmin>18</xmin>
                <ymin>5</ymin>
                <xmax>25</xmax>
                <ymax>43</ymax>
            </bndbox>
        </object>
    <object>
        <name>1</name>
        <pose>Unspecified</pose>
        <truncated>0</truncated>
        <difficult>0</difficult>
        <bndbox>
                <xmin>26</xmin>
                <ymin>7</ymin>
                <xmax>33</xmax>
                <ymax>43</ymax>
            </bndbox>
        </object>
    <object>
        <name>0</name>
        <pose>Unspecified</pose>
        <truncated>0</truncated>
        <difficult>0</difficult>
        <bndbox>
                <xmin>34</xmin>
                <ymin>11</ymin>
                <xmax>41</xmax>
                <ymax>45</ymax>
            </bndbox>
        </object>
    <object>
        <name>2</name>
        <pose>Unspecified</pose>
        <truncated>0</truncated>
        <difficult>0</difficult>
        <bndbox>
                <xmin>42</xmin>
                <ymin>8</ymin>
                <xmax>49</xmax>
                <ymax>46</ymax>
            </bndbox>
        </object>
    <object>
        <name>X</name>
        <pose>Unspecified</pose>
        <truncated>0</truncated>
        <difficult>0</difficult>
        <bndbox>
                <xmin>55</xmin>
                <ymin>13</ymin>
                <xmax>63</xmax>
                <ymax>47</ymax>
            </bndbox>
        </object>
    <object>
        <name>S</name>
        <pose>Unspecified</pose>
        <truncated>0</truncated>
        <difficult>0</difficult>
        <bndbox>
                <xmin>64</xmin>
                <ymin>14</ymin>
                <xmax>70</xmax>
                <ymax>46</ymax>
            </bndbox>
        </object>
    <object>
        <name>J</name>
        <pose>Unspecified</pose>
        <truncated>0</truncated>
        <difficult>0</difficult>
        <bndbox>
                <xmin>72</xmin>
                <ymin>13</ymin>
                <xmax>81</xmax>
                <ymax>47</ymax>
            </bndbox>
        </object>
    </annotation>
