<annotation>
    <folder>From-Labelbox-license-characters-593images</folder>
    <filename>ckn783rxv00nj3068jlxoy78t.jpeg</filename>
    <path>/home/riotu/Object Detection/Datasets/Car-detection/License-characters/From-Labelbox-license-characters-593images/ckn783rxv00nj3068jlxoy78t.jpeg</path>
    <source>
        <database>Unknown</database>
    </source>
    <size>
        <width>76</width>
        <height>90</height>
        <depth>3</depth>
    </size>
    <segmented>0</segmented>
    <object>
        <name>8</name>
        <pose>Unspecified</pose>
        <truncated>0</truncated>
        <difficult>0</difficult>
        <bndbox>
                <xmin>4</xmin>
                <ymin>26</ymin>
                <xmax>16</xmax>
                <ymax>75</ymax>
            </bndbox>
        </object>
    <object>
        <name>0</name>
        <pose>Unspecified</pose>
        <truncated>0</truncated>
        <difficult>0</difficult>
        <bndbox>
                <xmin>16</xmin>
                <ymin>29</ymin>
                <xmax>27</xmax>
                <ymax>72</ymax>
            </bndbox>
        </object>
    <object>
        <name>7</name>
        <pose>Unspecified</pose>
        <truncated>0</truncated>
        <difficult>0</difficult>
        <bndbox>
                <xmin>26</xmin>
                <ymin>21</ymin>
                <xmax>35</xmax>
                <ymax>71</ymax>
            </bndbox>
        </object>
    <object>
        <name>Z</name>
        <pose>Unspecified</pose>
        <truncated>0</truncated>
        <difficult>0</difficult>
        <bndbox>
                <xmin>38</xmin>
                <ymin>21</ymin>
                <xmax>48</xmax>
                <ymax>63</ymax>
            </bndbox>
        </object>
    <object>
        <name>V</name>
        <pose>Unspecified</pose>
        <truncated>0</truncated>
        <difficult>0</difficult>
        <bndbox>
                <xmin>48</xmin>
                <ymin>18</ymin>
                <xmax>58</xmax>
                <ymax>62</ymax>
            </bndbox>
        </object>
    <object>
        <name>B</name>
        <pose>Unspecified</pose>
        <truncated>0</truncated>
        <difficult>0</difficult>
        <bndbox>
                <xmin>59</xmin>
                <ymin>19</ymin>
                <xmax>67</xmax>
                <ymax>58</ymax>
            </bndbox>
        </object>
    <object>
        <name>2</name>
        <pose>Unspecified</pose>
        <truncated>0</truncated>
        <difficult>0</difficult>
        <bndbox>
                <xmin>0</xmin>
                <ymin>26</ymin>
                <xmax>5</xmax>
                <ymax>78</ymax>
            </bndbox>
        </object>
    </annotation>
