<annotation>
    <folder>From-Labelbox-license-characters-593images</folder>
    <filename>ckn7c3yq6000k3h66q1imb90l.jpeg</filename>
    <path>/home/riotu/Object Detection/Datasets/Car-detection/License-characters/From-Labelbox-license-characters-593images/ckn7c3yq6000k3h66q1imb90l.jpeg</path>
    <source>
        <database>Unknown</database>
    </source>
    <size>
        <width>125</width>
        <height>71</height>
        <depth>3</depth>
    </size>
    <segmented>0</segmented>
    <object>
        <name>4</name>
        <pose>Unspecified</pose>
        <truncated>0</truncated>
        <difficult>0</difficult>
        <bndbox>
                <xmin>19</xmin>
                <ymin>9</ymin>
                <xmax>32</xmax>
                <ymax>61</ymax>
            </bndbox>
        </object>
    <object>
        <name>1</name>
        <pose>Unspecified</pose>
        <truncated>0</truncated>
        <difficult>0</difficult>
        <bndbox>
                <xmin>35</xmin>
                <ymin>7</ymin>
                <xmax>44</xmax>
                <ymax>64</ymax>
            </bndbox>
        </object>
    <object>
        <name>9</name>
        <pose>Unspecified</pose>
        <truncated>0</truncated>
        <difficult>0</difficult>
        <bndbox>
                <xmin>45</xmin>
                <ymin>10</ymin>
                <xmax>57</xmax>
                <ymax>63</ymax>
            </bndbox>
        </object>
    <object>
        <name>6</name>
        <pose>Unspecified</pose>
        <truncated>0</truncated>
        <difficult>0</difficult>
        <bndbox>
                <xmin>57</xmin>
                <ymin>11</ymin>
                <xmax>71</xmax>
                <ymax>64</ymax>
            </bndbox>
        </object>
    <object>
        <name>V</name>
        <pose>Unspecified</pose>
        <truncated>0</truncated>
        <difficult>0</difficult>
        <bndbox>
                <xmin>80</xmin>
                <ymin>18</ymin>
                <xmax>92</xmax>
                <ymax>61</ymax>
            </bndbox>
        </object>
    <object>
        <name>J</name>
        <pose>Unspecified</pose>
        <truncated>0</truncated>
        <difficult>0</difficult>
        <bndbox>
                <xmin>93</xmin>
                <ymin>17</ymin>
                <xmax>105</xmax>
                <ymax>64</ymax>
            </bndbox>
        </object>
    </annotation>
