<annotation>
    <folder>From-Labelbox-license-characters-593images</folder>
    <filename>ckn7aprot00ur3068ypqa0une.jpeg</filename>
    <path>/home/riotu/Object Detection/Datasets/Car-detection/License-characters/From-Labelbox-license-characters-593images/ckn7aprot00ur3068ypqa0une.jpeg</path>
    <source>
        <database>Unknown</database>
    </source>
    <size>
        <width>98</width>
        <height>55</height>
        <depth>3</depth>
    </size>
    <segmented>0</segmented>
    <object>
        <name>9</name>
        <pose>Unspecified</pose>
        <truncated>0</truncated>
        <difficult>0</difficult>
        <bndbox>
                <xmin>16</xmin>
                <ymin>6</ymin>
                <xmax>26</xmax>
                <ymax>45</ymax>
            </bndbox>
        </object>
    <object>
        <name>4</name>
        <pose>Unspecified</pose>
        <truncated>0</truncated>
        <difficult>0</difficult>
        <bndbox>
                <xmin>24</xmin>
                <ymin>7</ymin>
                <xmax>34</xmax>
                <ymax>45</ymax>
            </bndbox>
        </object>
    <object>
        <name>0</name>
        <pose>Unspecified</pose>
        <truncated>0</truncated>
        <difficult>0</difficult>
        <bndbox>
                <xmin>34</xmin>
                <ymin>11</ymin>
                <xmax>43</xmax>
                <ymax>45</ymax>
            </bndbox>
        </object>
    <object>
        <name>9</name>
        <pose>Unspecified</pose>
        <truncated>0</truncated>
        <difficult>0</difficult>
        <bndbox>
                <xmin>43</xmin>
                <ymin>9</ymin>
                <xmax>53</xmax>
                <ymax>48</ymax>
            </bndbox>
        </object>
    <object>
        <name>D</name>
        <pose>Unspecified</pose>
        <truncated>0</truncated>
        <difficult>0</difficult>
        <bndbox>
                <xmin>55</xmin>
                <ymin>14</ymin>
                <xmax>64</xmax>
                <ymax>46</ymax>
            </bndbox>
        </object>
    <object>
        <name>D</name>
        <pose>Unspecified</pose>
        <truncated>0</truncated>
        <difficult>0</difficult>
        <bndbox>
                <xmin>64</xmin>
                <ymin>15</ymin>
                <xmax>73</xmax>
                <ymax>47</ymax>
            </bndbox>
        </object>
    <object>
        <name>B</name>
        <pose>Unspecified</pose>
        <truncated>0</truncated>
        <difficult>0</difficult>
        <bndbox>
                <xmin>73</xmin>
                <ymin>17</ymin>
                <xmax>82</xmax>
                <ymax>48</ymax>
            </bndbox>
        </object>
    </annotation>
