<annotation>
    <folder>From-Labelbox-license-characters-593images</folder>
    <filename>ckn7c6ehn012r3068yu0yx2d9.jpeg</filename>
    <path>/home/riotu/Object Detection/Datasets/Car-detection/License-characters/From-Labelbox-license-characters-593images/ckn7c6ehn012r3068yu0yx2d9.jpeg</path>
    <source>
        <database>Unknown</database>
    </source>
    <size>
        <width>101</width>
        <height>53</height>
        <depth>3</depth>
    </size>
    <segmented>0</segmented>
    <object>
        <name>9</name>
        <pose>Unspecified</pose>
        <truncated>0</truncated>
        <difficult>0</difficult>
        <bndbox>
                <xmin>3</xmin>
                <ymin>8</ymin>
                <xmax>14</xmax>
                <ymax>45</ymax>
            </bndbox>
        </object>
    <object>
        <name>0</name>
        <pose>Unspecified</pose>
        <truncated>0</truncated>
        <difficult>0</difficult>
        <bndbox>
                <xmin>22</xmin>
                <ymin>15</ymin>
                <xmax>33</xmax>
                <ymax>47</ymax>
            </bndbox>
        </object>
    </annotation>
