<annotation>
    <folder>From-Labelbox-license-characters-593images</folder>
    <filename>ckn77oyg900iq3068dda68cch.jpeg</filename>
    <path>/home/riotu/Object Detection/Datasets/Car-detection/License-characters/From-Labelbox-license-characters-593images/ckn77oyg900iq3068dda68cch.jpeg</path>
    <source>
        <database>Unknown</database>
    </source>
    <size>
        <width>137</width>
        <height>37</height>
        <depth>3</depth>
    </size>
    <segmented>0</segmented>
    <object>
        <name>9</name>
        <pose>Unspecified</pose>
        <truncated>0</truncated>
        <difficult>0</difficult>
        <bndbox>
                <xmin>21</xmin>
                <ymin>1</ymin>
                <xmax>28</xmax>
                <ymax>27</ymax>
            </bndbox>
        </object>
    <object>
        <name>6</name>
        <pose>Unspecified</pose>
        <truncated>0</truncated>
        <difficult>0</difficult>
        <bndbox>
                <xmin>32</xmin>
                <ymin>2</ymin>
                <xmax>39</xmax>
                <ymax>28</ymax>
            </bndbox>
        </object>
    <object>
        <name>6</name>
        <pose>Unspecified</pose>
        <truncated>0</truncated>
        <difficult>0</difficult>
        <bndbox>
                <xmin>44</xmin>
                <ymin>3</ymin>
                <xmax>51</xmax>
                <ymax>29</ymax>
            </bndbox>
        </object>
    <object>
        <name>R</name>
        <pose>Unspecified</pose>
        <truncated>0</truncated>
        <difficult>0</difficult>
        <bndbox>
                <xmin>94</xmin>
                <ymin>9</ymin>
                <xmax>104</xmax>
                <ymax>33</ymax>
            </bndbox>
        </object>
    <object>
        <name>X</name>
        <pose>Unspecified</pose>
        <truncated>0</truncated>
        <difficult>0</difficult>
        <bndbox>
                <xmin>107</xmin>
                <ymin>9</ymin>
                <xmax>117</xmax>
                <ymax>34</ymax>
            </bndbox>
        </object>
    <object>
        <name>N</name>
        <pose>Unspecified</pose>
        <truncated>0</truncated>
        <difficult>0</difficult>
        <bndbox>
                <xmin>119</xmin>
                <ymin>8</ymin>
                <xmax>130</xmax>
                <ymax>34</ymax>
            </bndbox>
        </object>
    </annotation>
