<annotation>
    <folder>From-Labelbox-license-characters-593images</folder>
    <filename>ckn7d0pi701c83068l3u59ybi.jpeg</filename>
    <path>/home/riotu/Object Detection/Datasets/Car-detection/License-characters/From-Labelbox-license-characters-593images/ckn7d0pi701c83068l3u59ybi.jpeg</path>
    <source>
        <database>Unknown</database>
    </source>
    <size>
        <width>102</width>
        <height>51</height>
        <depth>3</depth>
    </size>
    <segmented>0</segmented>
    <object>
        <name>4</name>
        <pose>Unspecified</pose>
        <truncated>0</truncated>
        <difficult>0</difficult>
        <bndbox>
                <xmin>10</xmin>
                <ymin>1</ymin>
                <xmax>22</xmax>
                <ymax>46</ymax>
            </bndbox>
        </object>
    <object>
        <name>8</name>
        <pose>Unspecified</pose>
        <truncated>0</truncated>
        <difficult>0</difficult>
        <bndbox>
                <xmin>23</xmin>
                <ymin>4</ymin>
                <xmax>32</xmax>
                <ymax>45</ymax>
            </bndbox>
        </object>
    <object>
        <name>1</name>
        <pose>Unspecified</pose>
        <truncated>0</truncated>
        <difficult>0</difficult>
        <bndbox>
                <xmin>34</xmin>
                <ymin>5</ymin>
                <xmax>42</xmax>
                <ymax>46</ymax>
            </bndbox>
        </object>
    <object>
        <name>7</name>
        <pose>Unspecified</pose>
        <truncated>0</truncated>
        <difficult>0</difficult>
        <bndbox>
                <xmin>41</xmin>
                <ymin>2</ymin>
                <xmax>52</xmax>
                <ymax>46</ymax>
            </bndbox>
        </object>
    <object>
        <name>T</name>
        <pose>Unspecified</pose>
        <truncated>0</truncated>
        <difficult>0</difficult>
        <bndbox>
                <xmin>58</xmin>
                <ymin>8</ymin>
                <xmax>67</xmax>
                <ymax>46</ymax>
            </bndbox>
        </object>
    <object>
        <name>L</name>
        <pose>Unspecified</pose>
        <truncated>0</truncated>
        <difficult>0</difficult>
        <bndbox>
                <xmin>67</xmin>
                <ymin>7</ymin>
                <xmax>76</xmax>
                <ymax>47</ymax>
            </bndbox>
        </object>
    <object>
        <name>D</name>
        <pose>Unspecified</pose>
        <truncated>0</truncated>
        <difficult>0</difficult>
        <bndbox>
                <xmin>77</xmin>
                <ymin>10</ymin>
                <xmax>86</xmax>
                <ymax>47</ymax>
            </bndbox>
        </object>
    </annotation>
