<annotation>
    <folder>From-Labelbox-license-characters-593images</folder>
    <filename>ckn7comxi00413h66ud96f14z.jpeg</filename>
    <path>/home/riotu/Object Detection/Datasets/Car-detection/License-characters/From-Labelbox-license-characters-593images/ckn7comxi00413h66ud96f14z.jpeg</path>
    <source>
        <database>Unknown</database>
    </source>
    <size>
        <width>113</width>
        <height>83</height>
        <depth>3</depth>
    </size>
    <segmented>0</segmented>
    <object>
        <name>1</name>
        <pose>Unspecified</pose>
        <truncated>0</truncated>
        <difficult>0</difficult>
        <bndbox>
                <xmin>12</xmin>
                <ymin>7</ymin>
                <xmax>21</xmax>
                <ymax>66</ymax>
            </bndbox>
        </object>
    <object>
        <name>0</name>
        <pose>Unspecified</pose>
        <truncated>0</truncated>
        <difficult>0</difficult>
        <bndbox>
                <xmin>22</xmin>
                <ymin>19</ymin>
                <xmax>32</xmax>
                <ymax>67</ymax>
            </bndbox>
        </object>
    <object>
        <name>0</name>
        <pose>Unspecified</pose>
        <truncated>0</truncated>
        <difficult>0</difficult>
        <bndbox>
                <xmin>33</xmin>
                <ymin>21</ymin>
                <xmax>43</xmax>
                <ymax>70</ymax>
            </bndbox>
        </object>
    <object>
        <name>0</name>
        <pose>Unspecified</pose>
        <truncated>0</truncated>
        <difficult>0</difficult>
        <bndbox>
                <xmin>43</xmin>
                <ymin>23</ymin>
                <xmax>55</xmax>
                <ymax>71</ymax>
            </bndbox>
        </object>
    <object>
        <name>L</name>
        <pose>Unspecified</pose>
        <truncated>0</truncated>
        <difficult>0</difficult>
        <bndbox>
                <xmin>59</xmin>
                <ymin>20</ymin>
                <xmax>68</xmax>
                <ymax>70</ymax>
            </bndbox>
        </object>
    <object>
        <name>H</name>
        <pose>Unspecified</pose>
        <truncated>0</truncated>
        <difficult>0</difficult>
        <bndbox>
                <xmin>70</xmin>
                <ymin>24</ymin>
                <xmax>82</xmax>
                <ymax>73</ymax>
            </bndbox>
        </object>
    <object>
        <name>A</name>
        <pose>Unspecified</pose>
        <truncated>0</truncated>
        <difficult>0</difficult>
        <bndbox>
                <xmin>83</xmin>
                <ymin>25</ymin>
                <xmax>92</xmax>
                <ymax>76</ymax>
            </bndbox>
        </object>
    </annotation>
