<annotation>
    <folder>From-Labelbox-license-characters-593images</folder>
    <filename>ckn7d5jv701do30682pwsugfd.jpeg</filename>
    <path>/home/riotu/Object Detection/Datasets/Car-detection/License-characters/From-Labelbox-license-characters-593images/ckn7d5jv701do30682pwsugfd.jpeg</path>
    <source>
        <database>Unknown</database>
    </source>
    <size>
        <width>77</width>
        <height>33</height>
        <depth>3</depth>
    </size>
    <segmented>0</segmented>
    <object>
        <name>5</name>
        <pose>Unspecified</pose>
        <truncated>0</truncated>
        <difficult>0</difficult>
        <bndbox>
                <xmin>6</xmin>
                <ymin>7</ymin>
                <xmax>16</xmax>
                <ymax>33</ymax>
            </bndbox>
        </object>
    <object>
        <name>5</name>
        <pose>Unspecified</pose>
        <truncated>0</truncated>
        <difficult>0</difficult>
        <bndbox>
                <xmin>16</xmin>
                <ymin>6</ymin>
                <xmax>25</xmax>
                <ymax>33</ymax>
            </bndbox>
        </object>
    </annotation>
