<annotation>
    <folder>From-Labelbox-license-characters-593images</folder>
    <filename>ckn7aempw00rm3068057a0y1q.jpeg</filename>
    <path>/home/riotu/Object Detection/Datasets/Car-detection/License-characters/From-Labelbox-license-characters-593images/ckn7aempw00rm3068057a0y1q.jpeg</path>
    <source>
        <database>Unknown</database>
    </source>
    <size>
        <width>97</width>
        <height>61</height>
        <depth>3</depth>
    </size>
    <segmented>0</segmented>
    <object>
        <name>3</name>
        <pose>Unspecified</pose>
        <truncated>0</truncated>
        <difficult>0</difficult>
        <bndbox>
                <xmin>15</xmin>
                <ymin>4</ymin>
                <xmax>25</xmax>
                <ymax>46</ymax>
            </bndbox>
        </object>
    <object>
        <name>5</name>
        <pose>Unspecified</pose>
        <truncated>0</truncated>
        <difficult>0</difficult>
        <bndbox>
                <xmin>25</xmin>
                <ymin>5</ymin>
                <xmax>33</xmax>
                <ymax>48</ymax>
            </bndbox>
        </object>
    <object>
        <name>8</name>
        <pose>Unspecified</pose>
        <truncated>0</truncated>
        <difficult>0</difficult>
        <bndbox>
                <xmin>34</xmin>
                <ymin>6</ymin>
                <xmax>42</xmax>
                <ymax>49</ymax>
            </bndbox>
        </object>
    <object>
        <name>0</name>
        <pose>Unspecified</pose>
        <truncated>0</truncated>
        <difficult>0</difficult>
        <bndbox>
                <xmin>43</xmin>
                <ymin>12</ymin>
                <xmax>51</xmax>
                <ymax>51</ymax>
            </bndbox>
        </object>
    <object>
        <name>D</name>
        <pose>Unspecified</pose>
        <truncated>0</truncated>
        <difficult>0</difficult>
        <bndbox>
                <xmin>55</xmin>
                <ymin>15</ymin>
                <xmax>63</xmax>
                <ymax>53</ymax>
            </bndbox>
        </object>
    <object>
        <name>R</name>
        <pose>Unspecified</pose>
        <truncated>0</truncated>
        <difficult>0</difficult>
        <bndbox>
                <xmin>65</xmin>
                <ymin>17</ymin>
                <xmax>74</xmax>
                <ymax>53</ymax>
            </bndbox>
        </object>
    <object>
        <name>A</name>
        <pose>Unspecified</pose>
        <truncated>0</truncated>
        <difficult>0</difficult>
        <bndbox>
                <xmin>75</xmin>
                <ymin>16</ymin>
                <xmax>82</xmax>
                <ymax>55</ymax>
            </bndbox>
        </object>
    </annotation>
