<annotation>
    <folder>From-Labelbox-license-characters-593images</folder>
    <filename>ckn7ceis5015u30685o88h9ds.jpeg</filename>
    <path>/home/riotu/Object Detection/Datasets/Car-detection/License-characters/From-Labelbox-license-characters-593images/ckn7ceis5015u30685o88h9ds.jpeg</path>
    <source>
        <database>Unknown</database>
    </source>
    <size>
        <width>99</width>
        <height>52</height>
        <depth>3</depth>
    </size>
    <segmented>0</segmented>
    <object>
        <name>8</name>
        <pose>Unspecified</pose>
        <truncated>0</truncated>
        <difficult>0</difficult>
        <bndbox>
                <xmin>18</xmin>
                <ymin>6</ymin>
                <xmax>28</xmax>
                <ymax>47</ymax>
            </bndbox>
        </object>
    <object>
        <name>8</name>
        <pose>Unspecified</pose>
        <truncated>0</truncated>
        <difficult>0</difficult>
        <bndbox>
                <xmin>48</xmin>
                <ymin>6</ymin>
                <xmax>60</xmax>
                <ymax>50</ymax>
            </bndbox>
        </object>
    <object>
        <name>9</name>
        <pose>Unspecified</pose>
        <truncated>0</truncated>
        <difficult>0</difficult>
        <bndbox>
                <xmin>28</xmin>
                <ymin>6</ymin>
                <xmax>37</xmax>
                <ymax>47</ymax>
            </bndbox>
        </object>
    <object>
        <name>9</name>
        <pose>Unspecified</pose>
        <truncated>0</truncated>
        <difficult>0</difficult>
        <bndbox>
                <xmin>39</xmin>
                <ymin>6</ymin>
                <xmax>49</xmax>
                <ymax>45</ymax>
            </bndbox>
        </object>
    <object>
        <name>D</name>
        <pose>Unspecified</pose>
        <truncated>0</truncated>
        <difficult>0</difficult>
        <bndbox>
                <xmin>84</xmin>
                <ymin>12</ymin>
                <xmax>93</xmax>
                <ymax>47</ymax>
            </bndbox>
        </object>
    </annotation>
