<annotation>
    <folder>From-Labelbox-license-characters-593images</folder>
    <filename>ckn7cqorl004n3h66jq6uii6v.jpeg</filename>
    <path>/home/riotu/Object Detection/Datasets/Car-detection/License-characters/From-Labelbox-license-characters-593images/ckn7cqorl004n3h66jq6uii6v.jpeg</path>
    <source>
        <database>Unknown</database>
    </source>
    <size>
        <width>80</width>
        <height>47</height>
        <depth>3</depth>
    </size>
    <segmented>0</segmented>
    <object>
        <name>2</name>
        <pose>Unspecified</pose>
        <truncated>0</truncated>
        <difficult>0</difficult>
        <bndbox>
                <xmin>11</xmin>
                <ymin>1</ymin>
                <xmax>19</xmax>
                <ymax>36</ymax>
            </bndbox>
        </object>
    <object>
        <name>7</name>
        <pose>Unspecified</pose>
        <truncated>0</truncated>
        <difficult>0</difficult>
        <bndbox>
                <xmin>20</xmin>
                <ymin>1</ymin>
                <xmax>28</xmax>
                <ymax>36</ymax>
            </bndbox>
        </object>
    <object>
        <name>1</name>
        <pose>Unspecified</pose>
        <truncated>0</truncated>
        <difficult>0</difficult>
        <bndbox>
                <xmin>29</xmin>
                <ymin>3</ymin>
                <xmax>35</xmax>
                <ymax>38</ymax>
            </bndbox>
        </object>
    <object>
        <name>1</name>
        <pose>Unspecified</pose>
        <truncated>0</truncated>
        <difficult>0</difficult>
        <bndbox>
                <xmin>37</xmin>
                <ymin>4</ymin>
                <xmax>44</xmax>
                <ymax>39</ymax>
            </bndbox>
        </object>
    <object>
        <name>Z</name>
        <pose>Unspecified</pose>
        <truncated>0</truncated>
        <difficult>0</difficult>
        <bndbox>
                <xmin>48</xmin>
                <ymin>8</ymin>
                <xmax>55</xmax>
                <ymax>38</ymax>
            </bndbox>
        </object>
    <object>
        <name>N</name>
        <pose>Unspecified</pose>
        <truncated>0</truncated>
        <difficult>0</difficult>
        <bndbox>
                <xmin>56</xmin>
                <ymin>10</ymin>
                <xmax>63</xmax>
                <ymax>40</ymax>
            </bndbox>
        </object>
    <object>
        <name>D</name>
        <pose>Unspecified</pose>
        <truncated>0</truncated>
        <difficult>0</difficult>
        <bndbox>
                <xmin>64</xmin>
                <ymin>10</ymin>
                <xmax>72</xmax>
                <ymax>41</ymax>
            </bndbox>
        </object>
    </annotation>
