<annotation>
    <folder>From-Labelbox-license-characters-593images</folder>
    <filename>ckn780e4g00mb3068kwer51kw.jpeg</filename>
    <path>/home/riotu/Object Detection/Datasets/Car-detection/License-characters/From-Labelbox-license-characters-593images/ckn780e4g00mb3068kwer51kw.jpeg</path>
    <source>
        <database>Unknown</database>
    </source>
    <size>
        <width>70</width>
        <height>36</height>
        <depth>3</depth>
    </size>
    <segmented>0</segmented>
    <object>
        <name>9</name>
        <pose>Unspecified</pose>
        <truncated>0</truncated>
        <difficult>0</difficult>
        <bndbox>
                <xmin>16</xmin>
                <ymin>3</ymin>
                <xmax>22</xmax>
                <ymax>29</ymax>
            </bndbox>
        </object>
    <object>
        <name>9</name>
        <pose>Unspecified</pose>
        <truncated>0</truncated>
        <difficult>0</difficult>
        <bndbox>
                <xmin>22</xmin>
                <ymin>3</ymin>
                <xmax>28</xmax>
                <ymax>30</ymax>
            </bndbox>
        </object>
    <object>
        <name>4</name>
        <pose>Unspecified</pose>
        <truncated>0</truncated>
        <difficult>0</difficult>
        <bndbox>
                <xmin>29</xmin>
                <ymin>5</ymin>
                <xmax>35</xmax>
                <ymax>29</ymax>
            </bndbox>
        </object>
    <object>
        <name>2</name>
        <pose>Unspecified</pose>
        <truncated>0</truncated>
        <difficult>0</difficult>
        <bndbox>
                <xmin>36</xmin>
                <ymin>4</ymin>
                <xmax>42</xmax>
                <ymax>30</ymax>
            </bndbox>
        </object>
    <object>
        <name>A</name>
        <pose>Unspecified</pose>
        <truncated>0</truncated>
        <difficult>0</difficult>
        <bndbox>
                <xmin>58</xmin>
                <ymin>5</ymin>
                <xmax>64</xmax>
                <ymax>32</ymax>
            </bndbox>
        </object>
    <object>
        <name>S</name>
        <pose>Unspecified</pose>
        <truncated>0</truncated>
        <difficult>0</difficult>
        <bndbox>
                <xmin>45</xmin>
                <ymin>8</ymin>
                <xmax>52</xmax>
                <ymax>31</ymax>
            </bndbox>
        </object>
    </annotation>
