<annotation>
    <folder>From-Labelbox-license-characters-593images</folder>
    <filename>ckn7akg2t00tj30688zq6r4te.jpeg</filename>
    <path>/home/riotu/Object Detection/Datasets/Car-detection/License-characters/From-Labelbox-license-characters-593images/ckn7akg2t00tj30688zq6r4te.jpeg</path>
    <source>
        <database>Unknown</database>
    </source>
    <size>
        <width>91</width>
        <height>45</height>
        <depth>3</depth>
    </size>
    <segmented>0</segmented>
    <object>
        <name>2</name>
        <pose>Unspecified</pose>
        <truncated>0</truncated>
        <difficult>0</difficult>
        <bndbox>
                <xmin>34</xmin>
                <ymin>3</ymin>
                <xmax>42</xmax>
                <ymax>34</ymax>
            </bndbox>
        </object>
    <object>
        <name>3</name>
        <pose>Unspecified</pose>
        <truncated>0</truncated>
        <difficult>0</difficult>
        <bndbox>
                <xmin>41</xmin>
                <ymin>5</ymin>
                <xmax>49</xmax>
                <ymax>33</ymax>
            </bndbox>
        </object>
    </annotation>
