<annotation>
    <folder>From-Labelbox-license-characters-593images</folder>
    <filename>ckn76kngy007p30688nxjy8ep.jpeg</filename>
    <path>/home/riotu/Object Detection/Datasets/Car-detection/License-characters/From-Labelbox-license-characters-593images/ckn76kngy007p30688nxjy8ep.jpeg</path>
    <source>
        <database>Unknown</database>
    </source>
    <size>
        <width>96</width>
        <height>56</height>
        <depth>3</depth>
    </size>
    <segmented>0</segmented>
    <object>
        <name>6</name>
        <pose>Unspecified</pose>
        <truncated>0</truncated>
        <difficult>0</difficult>
        <bndbox>
                <xmin>3</xmin>
                <ymin>6</ymin>
                <xmax>11</xmax>
                <ymax>48</ymax>
            </bndbox>
        </object>
    <object>
        <name>9</name>
        <pose>Unspecified</pose>
        <truncated>0</truncated>
        <difficult>0</difficult>
        <bndbox>
                <xmin>22</xmin>
                <ymin>9</ymin>
                <xmax>29</xmax>
                <ymax>48</ymax>
            </bndbox>
        </object>
    <object>
        <name>0</name>
        <pose>Unspecified</pose>
        <truncated>0</truncated>
        <difficult>0</difficult>
        <bndbox>
                <xmin>30</xmin>
                <ymin>15</ymin>
                <xmax>39</xmax>
                <ymax>50</ymax>
            </bndbox>
        </object>
    <object>
        <name>D</name>
        <pose>Unspecified</pose>
        <truncated>0</truncated>
        <difficult>0</difficult>
        <bndbox>
                <xmin>61</xmin>
                <ymin>18</ymin>
                <xmax>70</xmax>
                <ymax>50</ymax>
            </bndbox>
        </object>
    </annotation>
