<annotation>
    <folder>From-Labelbox-license-characters-593images</folder>
    <filename>ckn77fkba00g93068m2pl5g92.jpeg</filename>
    <path>/home/riotu/Object Detection/Datasets/Car-detection/License-characters/From-Labelbox-license-characters-593images/ckn77fkba00g93068m2pl5g92.jpeg</path>
    <source>
        <database>Unknown</database>
    </source>
    <size>
        <width>98</width>
        <height>26</height>
        <depth>3</depth>
    </size>
    <segmented>0</segmented>
    <object>
        <name>5</name>
        <pose>Unspecified</pose>
        <truncated>0</truncated>
        <difficult>0</difficult>
        <bndbox>
                <xmin>5</xmin>
                <ymin>4</ymin>
                <xmax>11</xmax>
                <ymax>26</ymax>
            </bndbox>
        </object>
    <object>
        <name>6</name>
        <pose>Unspecified</pose>
        <truncated>0</truncated>
        <difficult>0</difficult>
        <bndbox>
                <xmin>12</xmin>
                <ymin>3</ymin>
                <xmax>17</xmax>
                <ymax>26</ymax>
            </bndbox>
        </object>
    <object>
        <name>5</name>
        <pose>Unspecified</pose>
        <truncated>0</truncated>
        <difficult>0</difficult>
        <bndbox>
                <xmin>18</xmin>
                <ymin>4</ymin>
                <xmax>24</xmax>
                <ymax>26</ymax>
            </bndbox>
        </object>
    <object>
        <name>5</name>
        <pose>Unspecified</pose>
        <truncated>0</truncated>
        <difficult>0</difficult>
        <bndbox>
                <xmin>24</xmin>
                <ymin>4</ymin>
                <xmax>30</xmax>
                <ymax>26</ymax>
            </bndbox>
        </object>
    </annotation>
