<annotation>
    <folder>From-Labelbox-license-characters-593images</folder>
    <filename>ckn7cuiow01af30686qv0m145.jpeg</filename>
    <path>/home/riotu/Object Detection/Datasets/Car-detection/License-characters/From-Labelbox-license-characters-593images/ckn7cuiow01af30686qv0m145.jpeg</path>
    <source>
        <database>Unknown</database>
    </source>
    <size>
        <width>69</width>
        <height>37</height>
        <depth>3</depth>
    </size>
    <segmented>0</segmented>
    <object>
        <name>D</name>
        <pose>Unspecified</pose>
        <truncated>0</truncated>
        <difficult>0</difficult>
        <bndbox>
                <xmin>41</xmin>
                <ymin>11</ymin>
                <xmax>47</xmax>
                <ymax>34</ymax>
            </bndbox>
        </object>
    <object>
        <name>R</name>
        <pose>Unspecified</pose>
        <truncated>0</truncated>
        <difficult>0</difficult>
        <bndbox>
                <xmin>49</xmin>
                <ymin>11</ymin>
                <xmax>54</xmax>
                <ymax>34</ymax>
            </bndbox>
        </object>
    <object>
        <name>A</name>
        <pose>Unspecified</pose>
        <truncated>0</truncated>
        <difficult>0</difficult>
        <bndbox>
                <xmin>53</xmin>
                <ymin>11</ymin>
                <xmax>61</xmax>
                <ymax>35</ymax>
            </bndbox>
        </object>
    <object>
        <name>3</name>
        <pose>Unspecified</pose>
        <truncated>0</truncated>
        <difficult>0</difficult>
        <bndbox>
                <xmin>13</xmin>
                <ymin>5</ymin>
                <xmax>19</xmax>
                <ymax>32</ymax>
            </bndbox>
        </object>
    <object>
        <name>5</name>
        <pose>Unspecified</pose>
        <truncated>0</truncated>
        <difficult>0</difficult>
        <bndbox>
                <xmin>21</xmin>
                <ymin>6</ymin>
                <xmax>26</xmax>
                <ymax>32</ymax>
            </bndbox>
        </object>
    <object>
        <name>8</name>
        <pose>Unspecified</pose>
        <truncated>0</truncated>
        <difficult>0</difficult>
        <bndbox>
                <xmin>26</xmin>
                <ymin>8</ymin>
                <xmax>32</xmax>
                <ymax>34</ymax>
            </bndbox>
        </object>
    <object>
        <name>0</name>
        <pose>Unspecified</pose>
        <truncated>0</truncated>
        <difficult>0</difficult>
        <bndbox>
                <xmin>33</xmin>
                <ymin>10</ymin>
                <xmax>39</xmax>
                <ymax>33</ymax>
            </bndbox>
        </object>
    </annotation>
