<annotation>
    <folder>From-Labelbox-license-characters-593images</folder>
    <filename>ckn76tvkh00a33068vhcz9vnv.jpeg</filename>
    <path>/home/riotu/Object Detection/Datasets/Car-detection/License-characters/From-Labelbox-license-characters-593images/ckn76tvkh00a33068vhcz9vnv.jpeg</path>
    <source>
        <database>Unknown</database>
    </source>
    <size>
        <width>104</width>
        <height>59</height>
        <depth>3</depth>
    </size>
    <segmented>0</segmented>
    <object>
        <name>5</name>
        <pose>Unspecified</pose>
        <truncated>0</truncated>
        <difficult>0</difficult>
        <bndbox>
                <xmin>85</xmin>
                <ymin>13</ymin>
                <xmax>90</xmax>
                <ymax>41</ymax>
            </bndbox>
        </object>
    <object>
        <name>5</name>
        <pose>Unspecified</pose>
        <truncated>0</truncated>
        <difficult>0</difficult>
        <bndbox>
                <xmin>76</xmin>
                <ymin>14</ymin>
                <xmax>84</xmax>
                <ymax>40</ymax>
            </bndbox>
        </object>
    </annotation>
