<annotation>
    <folder>From-Labelbox-license-characters-593images</folder>
    <filename>ckn7dlc7m000m3h662lboqlob.jpeg</filename>
    <path>/home/riotu/Object Detection/Datasets/Car-detection/License-characters/From-Labelbox-license-characters-593images/ckn7dlc7m000m3h662lboqlob.jpeg</path>
    <source>
        <database>Unknown</database>
    </source>
    <size>
        <width>134</width>
        <height>39</height>
        <depth>3</depth>
    </size>
    <segmented>0</segmented>
    <object>
        <name>8</name>
        <pose>Unspecified</pose>
        <truncated>0</truncated>
        <difficult>0</difficult>
        <bndbox>
                <xmin>14</xmin>
                <ymin>4</ymin>
                <xmax>21</xmax>
                <ymax>28</ymax>
            </bndbox>
        </object>
    <object>
        <name>8</name>
        <pose>Unspecified</pose>
        <truncated>0</truncated>
        <difficult>0</difficult>
        <bndbox>
                <xmin>24</xmin>
                <ymin>4</ymin>
                <xmax>31</xmax>
                <ymax>28</ymax>
            </bndbox>
        </object>
    <object>
        <name>8</name>
        <pose>Unspecified</pose>
        <truncated>0</truncated>
        <difficult>0</difficult>
        <bndbox>
                <xmin>35</xmin>
                <ymin>5</ymin>
                <xmax>42</xmax>
                <ymax>29</ymax>
            </bndbox>
        </object>
    <object>
        <name>1</name>
        <pose>Unspecified</pose>
        <truncated>0</truncated>
        <difficult>0</difficult>
        <bndbox>
                <xmin>45</xmin>
                <ymin>5</ymin>
                <xmax>53</xmax>
                <ymax>31</ymax>
            </bndbox>
        </object>
    <object>
        <name>X</name>
        <pose>Unspecified</pose>
        <truncated>0</truncated>
        <difficult>0</difficult>
        <bndbox>
                <xmin>87</xmin>
                <ymin>10</ymin>
                <xmax>96</xmax>
                <ymax>33</ymax>
            </bndbox>
        </object>
    <object>
        <name>D</name>
        <pose>Unspecified</pose>
        <truncated>0</truncated>
        <difficult>0</difficult>
        <bndbox>
                <xmin>98</xmin>
                <ymin>13</ymin>
                <xmax>107</xmax>
                <ymax>34</ymax>
            </bndbox>
        </object>
    <object>
        <name>B</name>
        <pose>Unspecified</pose>
        <truncated>0</truncated>
        <difficult>0</difficult>
        <bndbox>
                <xmin>110</xmin>
                <ymin>13</ymin>
                <xmax>119</xmax>
                <ymax>36</ymax>
            </bndbox>
        </object>
    </annotation>
