<annotation>
    <folder>From-Labelbox-license-characters-593images</folder>
    <filename>ckn7dddzj008x3h66b54u9qe8.jpeg</filename>
    <path>/home/riotu/Object Detection/Datasets/Car-detection/License-characters/From-Labelbox-license-characters-593images/ckn7dddzj008x3h66b54u9qe8.jpeg</path>
    <source>
        <database>Unknown</database>
    </source>
    <size>
        <width>92</width>
        <height>55</height>
        <depth>3</depth>
    </size>
    <segmented>0</segmented>
    <object>
        <name>7</name>
        <pose>Unspecified</pose>
        <truncated>0</truncated>
        <difficult>0</difficult>
        <bndbox>
                <xmin>6</xmin>
                <ymin>10</ymin>
                <xmax>13</xmax>
                <ymax>47</ymax>
            </bndbox>
        </object>
    <object>
        <name>9</name>
        <pose>Unspecified</pose>
        <truncated>0</truncated>
        <difficult>0</difficult>
        <bndbox>
                <xmin>14</xmin>
                <ymin>11</ymin>
                <xmax>22</xmax>
                <ymax>49</ymax>
            </bndbox>
        </object>
    <object>
        <name>8</name>
        <pose>Unspecified</pose>
        <truncated>0</truncated>
        <difficult>0</difficult>
        <bndbox>
                <xmin>23</xmin>
                <ymin>12</ymin>
                <xmax>30</xmax>
                <ymax>50</ymax>
            </bndbox>
        </object>
    <object>
        <name>0</name>
        <pose>Unspecified</pose>
        <truncated>0</truncated>
        <difficult>0</difficult>
        <bndbox>
                <xmin>31</xmin>
                <ymin>18</ymin>
                <xmax>40</xmax>
                <ymax>51</ymax>
            </bndbox>
        </object>
    <object>
        <name>E</name>
        <pose>Unspecified</pose>
        <truncated>0</truncated>
        <difficult>0</difficult>
        <bndbox>
                <xmin>46</xmin>
                <ymin>16</ymin>
                <xmax>53</xmax>
                <ymax>51</ymax>
            </bndbox>
        </object>
    <object>
        <name>S</name>
        <pose>Unspecified</pose>
        <truncated>0</truncated>
        <difficult>0</difficult>
        <bndbox>
                <xmin>55</xmin>
                <ymin>20</ymin>
                <xmax>63</xmax>
                <ymax>51</ymax>
            </bndbox>
        </object>
    <object>
        <name>J</name>
        <pose>Unspecified</pose>
        <truncated>0</truncated>
        <difficult>0</difficult>
        <bndbox>
                <xmin>64</xmin>
                <ymin>17</ymin>
                <xmax>72</xmax>
                <ymax>51</ymax>
            </bndbox>
        </object>
    </annotation>
