<annotation>
    <folder>From-Labelbox-license-characters-593images</folder>
    <filename>ckn7765tp00e73068edwy9ubg.jpeg</filename>
    <path>/home/riotu/Object Detection/Datasets/Car-detection/License-characters/From-Labelbox-license-characters-593images/ckn7765tp00e73068edwy9ubg.jpeg</path>
    <source>
        <database>Unknown</database>
    </source>
    <size>
        <width>144</width>
        <height>45</height>
        <depth>3</depth>
    </size>
    <segmented>0</segmented>
    <object>
        <name>9</name>
        <pose>Unspecified</pose>
        <truncated>0</truncated>
        <difficult>0</difficult>
        <bndbox>
                <xmin>1</xmin>
                <ymin>5</ymin>
                <xmax>7</xmax>
                <ymax>33</ymax>
            </bndbox>
        </object>
    <object>
        <name>4</name>
        <pose>Unspecified</pose>
        <truncated>0</truncated>
        <difficult>0</difficult>
        <bndbox>
                <xmin>13</xmin>
                <ymin>6</ymin>
                <xmax>19</xmax>
                <ymax>34</ymax>
            </bndbox>
        </object>
    <object>
        <name>5</name>
        <pose>Unspecified</pose>
        <truncated>0</truncated>
        <difficult>0</difficult>
        <bndbox>
                <xmin>26</xmin>
                <ymin>9</ymin>
                <xmax>33</xmax>
                <ymax>35</ymax>
            </bndbox>
        </object>
    <object>
        <name>4</name>
        <pose>Unspecified</pose>
        <truncated>0</truncated>
        <difficult>0</difficult>
        <bndbox>
                <xmin>38</xmin>
                <ymin>8</ymin>
                <xmax>45</xmax>
                <ymax>38</ymax>
            </bndbox>
        </object>
    <object>
        <name>B</name>
        <pose>Unspecified</pose>
        <truncated>0</truncated>
        <difficult>0</difficult>
        <bndbox>
                <xmin>88</xmin>
                <ymin>17</ymin>
                <xmax>98</xmax>
                <ymax>44</ymax>
            </bndbox>
        </object>
    <object>
        <name>K</name>
        <pose>Unspecified</pose>
        <truncated>0</truncated>
        <difficult>0</difficult>
        <bndbox>
                <xmin>101</xmin>
                <ymin>18</ymin>
                <xmax>112</xmax>
                <ymax>45</ymax>
            </bndbox>
        </object>
    <object>
        <name>J</name>
        <pose>Unspecified</pose>
        <truncated>0</truncated>
        <difficult>0</difficult>
        <bndbox>
                <xmin>116</xmin>
                <ymin>18</ymin>
                <xmax>127</xmax>
                <ymax>45</ymax>
            </bndbox>
        </object>
    </annotation>
