<annotation>
    <folder>From-Labelbox-license-characters-593images</folder>
    <filename>ckn76dny7006330683z2b495a.jpeg</filename>
    <path>/home/riotu/Object Detection/Datasets/Car-detection/License-characters/From-Labelbox-license-characters-593images/ckn76dny7006330683z2b495a.jpeg</path>
    <source>
        <database>Unknown</database>
    </source>
    <size>
        <width>113</width>
        <height>58</height>
        <depth>3</depth>
    </size>
    <segmented>0</segmented>
    <object>
        <name>9</name>
        <pose>Unspecified</pose>
        <truncated>0</truncated>
        <difficult>0</difficult>
        <bndbox>
                <xmin>16</xmin>
                <ymin>9</ymin>
                <xmax>27</xmax>
                <ymax>51</ymax>
            </bndbox>
        </object>
    <object>
        <name>4</name>
        <pose>Unspecified</pose>
        <truncated>0</truncated>
        <difficult>0</difficult>
        <bndbox>
                <xmin>48</xmin>
                <ymin>15</ymin>
                <xmax>57</xmax>
                <ymax>52</ymax>
            </bndbox>
        </object>
    <object>
        <name>5</name>
        <pose>Unspecified</pose>
        <truncated>0</truncated>
        <difficult>0</difficult>
        <bndbox>
                <xmin>36</xmin>
                <ymin>14</ymin>
                <xmax>46</xmax>
                <ymax>54</ymax>
            </bndbox>
        </object>
    </annotation>
