<annotation>
    <folder>From-Labelbox-license-characters-593images</folder>
    <filename>ckn7b2qoh00x73068nu6pzvr2.jpeg</filename>
    <path>/home/riotu/Object Detection/Datasets/Car-detection/License-characters/From-Labelbox-license-characters-593images/ckn7b2qoh00x73068nu6pzvr2.jpeg</path>
    <source>
        <database>Unknown</database>
    </source>
    <size>
        <width>101</width>
        <height>54</height>
        <depth>3</depth>
    </size>
    <segmented>0</segmented>
    <object>
        <name>6</name>
        <pose>Unspecified</pose>
        <truncated>0</truncated>
        <difficult>0</difficult>
        <bndbox>
                <xmin>16</xmin>
                <ymin>5</ymin>
                <xmax>26</xmax>
                <ymax>45</ymax>
            </bndbox>
        </object>
    <object>
        <name>4</name>
        <pose>Unspecified</pose>
        <truncated>0</truncated>
        <difficult>0</difficult>
        <bndbox>
                <xmin>27</xmin>
                <ymin>7</ymin>
                <xmax>35</xmax>
                <ymax>45</ymax>
            </bndbox>
        </object>
    <object>
        <name>9</name>
        <pose>Unspecified</pose>
        <truncated>0</truncated>
        <difficult>0</difficult>
        <bndbox>
                <xmin>35</xmin>
                <ymin>6</ymin>
                <xmax>46</xmax>
                <ymax>46</ymax>
            </bndbox>
        </object>
    <object>
        <name>7</name>
        <pose>Unspecified</pose>
        <truncated>0</truncated>
        <difficult>0</difficult>
        <bndbox>
                <xmin>46</xmin>
                <ymin>6</ymin>
                <xmax>56</xmax>
                <ymax>47</ymax>
            </bndbox>
        </object>
    <object>
        <name>V</name>
        <pose>Unspecified</pose>
        <truncated>0</truncated>
        <difficult>0</difficult>
        <bndbox>
                <xmin>61</xmin>
                <ymin>12</ymin>
                <xmax>71</xmax>
                <ymax>47</ymax>
            </bndbox>
        </object>
    <object>
        <name>T</name>
        <pose>Unspecified</pose>
        <truncated>0</truncated>
        <difficult>0</difficult>
        <bndbox>
                <xmin>72</xmin>
                <ymin>14</ymin>
                <xmax>81</xmax>
                <ymax>46</ymax>
            </bndbox>
        </object>
    <object>
        <name>D</name>
        <pose>Unspecified</pose>
        <truncated>0</truncated>
        <difficult>0</difficult>
        <bndbox>
                <xmin>82</xmin>
                <ymin>15</ymin>
                <xmax>91</xmax>
                <ymax>48</ymax>
            </bndbox>
        </object>
    </annotation>
