<annotation>
    <folder>From-Labelbox-license-characters-593images</folder>
    <filename>ckn7c3yiy011y3068ifee2ecc.jpeg</filename>
    <path>/home/riotu/Object Detection/Datasets/Car-detection/License-characters/From-Labelbox-license-characters-593images/ckn7c3yiy011y3068ifee2ecc.jpeg</path>
    <source>
        <database>Unknown</database>
    </source>
    <size>
        <width>90</width>
        <height>55</height>
        <depth>3</depth>
    </size>
    <segmented>0</segmented>
    <object>
        <name>5</name>
        <pose>Unspecified</pose>
        <truncated>0</truncated>
        <difficult>0</difficult>
        <bndbox>
                <xmin>9</xmin>
                <ymin>9</ymin>
                <xmax>18</xmax>
                <ymax>45</ymax>
            </bndbox>
        </object>
    <object>
        <name>6</name>
        <pose>Unspecified</pose>
        <truncated>0</truncated>
        <difficult>0</difficult>
        <bndbox>
                <xmin>18</xmin>
                <ymin>8</ymin>
                <xmax>26</xmax>
                <ymax>46</ymax>
            </bndbox>
        </object>
    <object>
        <name>5</name>
        <pose>Unspecified</pose>
        <truncated>0</truncated>
        <difficult>0</difficult>
        <bndbox>
                <xmin>28</xmin>
                <ymin>11</ymin>
                <xmax>36</xmax>
                <ymax>46</ymax>
            </bndbox>
        </object>
    <object>
        <name>5</name>
        <pose>Unspecified</pose>
        <truncated>0</truncated>
        <difficult>0</difficult>
        <bndbox>
                <xmin>37</xmin>
                <ymin>11</ymin>
                <xmax>46</xmax>
                <ymax>47</ymax>
            </bndbox>
        </object>
    <object>
        <name>U</name>
        <pose>Unspecified</pose>
        <truncated>0</truncated>
        <difficult>0</difficult>
        <bndbox>
                <xmin>50</xmin>
                <ymin>13</ymin>
                <xmax>57</xmax>
                <ymax>47</ymax>
            </bndbox>
        </object>
    <object>
        <name>V</name>
        <pose>Unspecified</pose>
        <truncated>0</truncated>
        <difficult>0</difficult>
        <bndbox>
                <xmin>59</xmin>
                <ymin>13</ymin>
                <xmax>68</xmax>
                <ymax>47</ymax>
            </bndbox>
        </object>
    <object>
        <name>B</name>
        <pose>Unspecified</pose>
        <truncated>0</truncated>
        <difficult>0</difficult>
        <bndbox>
                <xmin>69</xmin>
                <ymin>17</ymin>
                <xmax>77</xmax>
                <ymax>49</ymax>
            </bndbox>
        </object>
    </annotation>
