<annotation>
    <folder>From-Labelbox-license-characters-593images</folder>
    <filename>ckn7aihvk00sw3068tdyf8d97.jpeg</filename>
    <path>/home/riotu/Object Detection/Datasets/Car-detection/License-characters/From-Labelbox-license-characters-593images/ckn7aihvk00sw3068tdyf8d97.jpeg</path>
    <source>
        <database>Unknown</database>
    </source>
    <size>
        <width>97</width>
        <height>53</height>
        <depth>3</depth>
    </size>
    <segmented>0</segmented>
    <object>
        <name>5</name>
        <pose>Unspecified</pose>
        <truncated>0</truncated>
        <difficult>0</difficult>
        <bndbox>
                <xmin>9</xmin>
                <ymin>6</ymin>
                <xmax>19</xmax>
                <ymax>44</ymax>
            </bndbox>
        </object>
    <object>
        <name>0</name>
        <pose>Unspecified</pose>
        <truncated>0</truncated>
        <difficult>0</difficult>
        <bndbox>
                <xmin>20</xmin>
                <ymin>8</ymin>
                <xmax>28</xmax>
                <ymax>45</ymax>
            </bndbox>
        </object>
    <object>
        <name>7</name>
        <pose>Unspecified</pose>
        <truncated>0</truncated>
        <difficult>0</difficult>
        <bndbox>
                <xmin>28</xmin>
                <ymin>8</ymin>
                <xmax>38</xmax>
                <ymax>46</ymax>
            </bndbox>
        </object>
    <object>
        <name>4</name>
        <pose>Unspecified</pose>
        <truncated>0</truncated>
        <difficult>0</difficult>
        <bndbox>
                <xmin>38</xmin>
                <ymin>7</ymin>
                <xmax>46</xmax>
                <ymax>47</ymax>
            </bndbox>
        </object>
    <object>
        <name>B</name>
        <pose>Unspecified</pose>
        <truncated>0</truncated>
        <difficult>0</difficult>
        <bndbox>
                <xmin>51</xmin>
                <ymin>14</ymin>
                <xmax>61</xmax>
                <ymax>47</ymax>
            </bndbox>
        </object>
    <object>
        <name>N</name>
        <pose>Unspecified</pose>
        <truncated>0</truncated>
        <difficult>0</difficult>
        <bndbox>
                <xmin>62</xmin>
                <ymin>14</ymin>
                <xmax>69</xmax>
                <ymax>47</ymax>
            </bndbox>
        </object>
    <object>
        <name>J</name>
        <pose>Unspecified</pose>
        <truncated>0</truncated>
        <difficult>0</difficult>
        <bndbox>
                <xmin>71</xmin>
                <ymin>11</ymin>
                <xmax>79</xmax>
                <ymax>50</ymax>
            </bndbox>
        </object>
    </annotation>
