<annotation>
    <folder>From-Labelbox-license-characters-593images</folder>
    <filename>ckn7b0sp000wl3068g7fawlpv.jpeg</filename>
    <path>/home/riotu/Object Detection/Datasets/Car-detection/License-characters/From-Labelbox-license-characters-593images/ckn7b0sp000wl3068g7fawlpv.jpeg</path>
    <source>
        <database>Unknown</database>
    </source>
    <size>
        <width>95</width>
        <height>59</height>
        <depth>3</depth>
    </size>
    <segmented>0</segmented>
    <object>
        <name>3</name>
        <pose>Unspecified</pose>
        <truncated>0</truncated>
        <difficult>0</difficult>
        <bndbox>
                <xmin>14</xmin>
                <ymin>10</ymin>
                <xmax>26</xmax>
                <ymax>59</ymax>
            </bndbox>
        </object>
    <object>
        <name>2</name>
        <pose>Unspecified</pose>
        <truncated>0</truncated>
        <difficult>0</difficult>
        <bndbox>
                <xmin>27</xmin>
                <ymin>10</ymin>
                <xmax>36</xmax>
                <ymax>58</ymax>
            </bndbox>
        </object>
    <object>
        <name>5</name>
        <pose>Unspecified</pose>
        <truncated>0</truncated>
        <difficult>0</difficult>
        <bndbox>
                <xmin>37</xmin>
                <ymin>13</ymin>
                <xmax>47</xmax>
                <ymax>58</ymax>
            </bndbox>
        </object>
    <object>
        <name>4</name>
        <pose>Unspecified</pose>
        <truncated>0</truncated>
        <difficult>0</difficult>
        <bndbox>
                <xmin>47</xmin>
                <ymin>12</ymin>
                <xmax>60</xmax>
                <ymax>58</ymax>
            </bndbox>
        </object>
    <object>
        <name>A</name>
        <pose>Unspecified</pose>
        <truncated>0</truncated>
        <difficult>0</difficult>
        <bndbox>
                <xmin>67</xmin>
                <ymin>15</ymin>
                <xmax>75</xmax>
                <ymax>58</ymax>
            </bndbox>
        </object>
    <object>
        <name>N</name>
        <pose>Unspecified</pose>
        <truncated>0</truncated>
        <difficult>0</difficult>
        <bndbox>
                <xmin>78</xmin>
                <ymin>16</ymin>
                <xmax>89</xmax>
                <ymax>58</ymax>
            </bndbox>
        </object>
    <object>
        <name>D</name>
        <pose>Unspecified</pose>
        <truncated>0</truncated>
        <difficult>0</difficult>
        <bndbox>
                <xmin>90</xmin>
                <ymin>19</ymin>
                <xmax>95</xmax>
                <ymax>59</ymax>
            </bndbox>
        </object>
    </annotation>
