<annotation>
    <folder>From-Labelbox-license-characters-593images</folder>
    <filename>ckn7cfiuf0169306895s0qtj4.jpeg</filename>
    <path>/home/riotu/Object Detection/Datasets/Car-detection/License-characters/From-Labelbox-license-characters-593images/ckn7cfiuf0169306895s0qtj4.jpeg</path>
    <source>
        <database>Unknown</database>
    </source>
    <size>
        <width>85</width>
        <height>59</height>
        <depth>3</depth>
    </size>
    <segmented>0</segmented>
    <object>
        <name>8</name>
        <pose>Unspecified</pose>
        <truncated>0</truncated>
        <difficult>0</difficult>
        <bndbox>
                <xmin>7</xmin>
                <ymin>10</ymin>
                <xmax>17</xmax>
                <ymax>49</ymax>
            </bndbox>
        </object>
    <object>
        <name>3</name>
        <pose>Unspecified</pose>
        <truncated>0</truncated>
        <difficult>0</difficult>
        <bndbox>
                <xmin>18</xmin>
                <ymin>12</ymin>
                <xmax>26</xmax>
                <ymax>51</ymax>
            </bndbox>
        </object>
    <object>
        <name>8</name>
        <pose>Unspecified</pose>
        <truncated>0</truncated>
        <difficult>0</difficult>
        <bndbox>
                <xmin>27</xmin>
                <ymin>14</ymin>
                <xmax>35</xmax>
                <ymax>50</ymax>
            </bndbox>
        </object>
    <object>
        <name>5</name>
        <pose>Unspecified</pose>
        <truncated>0</truncated>
        <difficult>0</difficult>
        <bndbox>
                <xmin>35</xmin>
                <ymin>16</ymin>
                <xmax>43</xmax>
                <ymax>52</ymax>
            </bndbox>
        </object>
    </annotation>
