<annotation>
    <folder>From-Labelbox-license-characters-593images</folder>
    <filename>ckn770cn400cd30682d6p1p3c.jpeg</filename>
    <path>/home/riotu/Object Detection/Datasets/Car-detection/License-characters/From-Labelbox-license-characters-593images/ckn770cn400cd30682d6p1p3c.jpeg</path>
    <source>
        <database>Unknown</database>
    </source>
    <size>
        <width>111</width>
        <height>49</height>
        <depth>3</depth>
    </size>
    <segmented>0</segmented>
    <object>
        <name>5</name>
        <pose>Unspecified</pose>
        <truncated>0</truncated>
        <difficult>0</difficult>
        <bndbox>
                <xmin>13</xmin>
                <ymin>10</ymin>
                <xmax>21</xmax>
                <ymax>49</ymax>
            </bndbox>
        </object>
    <object>
        <name>5</name>
        <pose>Unspecified</pose>
        <truncated>0</truncated>
        <difficult>0</difficult>
        <bndbox>
                <xmin>23</xmin>
                <ymin>8</ymin>
                <xmax>33</xmax>
                <ymax>49</ymax>
            </bndbox>
        </object>
    <object>
        <name>E</name>
        <pose>Unspecified</pose>
        <truncated>0</truncated>
        <difficult>0</difficult>
        <bndbox>
                <xmin>58</xmin>
                <ymin>13</ymin>
                <xmax>69</xmax>
                <ymax>49</ymax>
            </bndbox>
        </object>
    <object>
        <name>R</name>
        <pose>Unspecified</pose>
        <truncated>0</truncated>
        <difficult>0</difficult>
        <bndbox>
                <xmin>70</xmin>
                <ymin>18</ymin>
                <xmax>79</xmax>
                <ymax>49</ymax>
            </bndbox>
        </object>
    </annotation>
