<annotation>
    <folder>From-Labelbox-license-characters-593images</folder>
    <filename>ckn7cna96018r306887vumzn2.jpeg</filename>
    <path>/home/riotu/Object Detection/Datasets/Car-detection/License-characters/From-Labelbox-license-characters-593images/ckn7cna96018r306887vumzn2.jpeg</path>
    <source>
        <database>Unknown</database>
    </source>
    <size>
        <width>104</width>
        <height>49</height>
        <depth>3</depth>
    </size>
    <segmented>0</segmented>
    <object>
        <name>6</name>
        <pose>Unspecified</pose>
        <truncated>0</truncated>
        <difficult>0</difficult>
        <bndbox>
                <xmin>10</xmin>
                <ymin>10</ymin>
                <xmax>22</xmax>
                <ymax>46</ymax>
            </bndbox>
        </object>
    <object>
        <name>4</name>
        <pose>Unspecified</pose>
        <truncated>0</truncated>
        <difficult>0</difficult>
        <bndbox>
                <xmin>40</xmin>
                <ymin>13</ymin>
                <xmax>48</xmax>
                <ymax>49</ymax>
            </bndbox>
        </object>
    <object>
        <name>3</name>
        <pose>Unspecified</pose>
        <truncated>0</truncated>
        <difficult>0</difficult>
        <bndbox>
                <xmin>30</xmin>
                <ymin>11</ymin>
                <xmax>39</xmax>
                <ymax>46</ymax>
            </bndbox>
        </object>
    <object>
        <name>1</name>
        <pose>Unspecified</pose>
        <truncated>0</truncated>
        <difficult>0</difficult>
        <bndbox>
                <xmin>22</xmin>
                <ymin>11</ymin>
                <xmax>30</xmax>
                <ymax>46</ymax>
            </bndbox>
        </object>
    </annotation>
