<annotation>
    <folder>From-Labelbox-license-characters-593images</folder>
    <filename>ckn77aqr000ey3068vt4m50xm.jpeg</filename>
    <path>/home/riotu/Object Detection/Datasets/Car-detection/License-characters/From-Labelbox-license-characters-593images/ckn77aqr000ey3068vt4m50xm.jpeg</path>
    <source>
        <database>Unknown</database>
    </source>
    <size>
        <width>118</width>
        <height>72</height>
        <depth>3</depth>
    </size>
    <segmented>0</segmented>
    <object>
        <name>5</name>
        <pose>Unspecified</pose>
        <truncated>0</truncated>
        <difficult>0</difficult>
        <bndbox>
                <xmin>18</xmin>
                <ymin>10</ymin>
                <xmax>29</xmax>
                <ymax>58</ymax>
            </bndbox>
        </object>
    <object>
        <name>8</name>
        <pose>Unspecified</pose>
        <truncated>0</truncated>
        <difficult>0</difficult>
        <bndbox>
                <xmin>30</xmin>
                <ymin>11</ymin>
                <xmax>40</xmax>
                <ymax>59</ymax>
            </bndbox>
        </object>
    <object>
        <name>5</name>
        <pose>Unspecified</pose>
        <truncated>0</truncated>
        <difficult>0</difficult>
        <bndbox>
                <xmin>41</xmin>
                <ymin>13</ymin>
                <xmax>52</xmax>
                <ymax>62</ymax>
            </bndbox>
        </object>
    <object>
        <name>0</name>
        <pose>Unspecified</pose>
        <truncated>0</truncated>
        <difficult>0</difficult>
        <bndbox>
                <xmin>53</xmin>
                <ymin>18</ymin>
                <xmax>64</xmax>
                <ymax>62</ymax>
            </bndbox>
        </object>
    <object>
        <name>R</name>
        <pose>Unspecified</pose>
        <truncated>0</truncated>
        <difficult>0</difficult>
        <bndbox>
                <xmin>70</xmin>
                <ymin>21</ymin>
                <xmax>81</xmax>
                <ymax>60</ymax>
            </bndbox>
        </object>
    <object>
        <name>B</name>
        <pose>Unspecified</pose>
        <truncated>0</truncated>
        <difficult>0</difficult>
        <bndbox>
                <xmin>82</xmin>
                <ymin>23</ymin>
                <xmax>94</xmax>
                <ymax>61</ymax>
            </bndbox>
        </object>
    <object>
        <name>J</name>
        <pose>Unspecified</pose>
        <truncated>0</truncated>
        <difficult>0</difficult>
        <bndbox>
                <xmin>95</xmin>
                <ymin>20</ymin>
                <xmax>105</xmax>
                <ymax>62</ymax>
            </bndbox>
        </object>
    </annotation>
