<annotation>
    <folder>From-Labelbox-license-characters-593images</folder>
    <filename>ckn7becgs00zu3068jm5bsyvb.jpeg</filename>
    <path>/home/riotu/Object Detection/Datasets/Car-detection/License-characters/From-Labelbox-license-characters-593images/ckn7becgs00zu3068jm5bsyvb.jpeg</path>
    <source>
        <database>Unknown</database>
    </source>
    <size>
        <width>93</width>
        <height>54</height>
        <depth>3</depth>
    </size>
    <segmented>0</segmented>
    <object>
        <name>9</name>
        <pose>Unspecified</pose>
        <truncated>0</truncated>
        <difficult>0</difficult>
        <bndbox>
                <xmin>12</xmin>
                <ymin>5</ymin>
                <xmax>21</xmax>
                <ymax>43</ymax>
            </bndbox>
        </object>
    <object>
        <name>9</name>
        <pose>Unspecified</pose>
        <truncated>0</truncated>
        <difficult>0</difficult>
        <bndbox>
                <xmin>20</xmin>
                <ymin>5</ymin>
                <xmax>30</xmax>
                <ymax>44</ymax>
            </bndbox>
        </object>
    <object>
        <name>7</name>
        <pose>Unspecified</pose>
        <truncated>0</truncated>
        <difficult>0</difficult>
        <bndbox>
                <xmin>31</xmin>
                <ymin>8</ymin>
                <xmax>39</xmax>
                <ymax>45</ymax>
            </bndbox>
        </object>
    <object>
        <name>6</name>
        <pose>Unspecified</pose>
        <truncated>0</truncated>
        <difficult>0</difficult>
        <bndbox>
                <xmin>38</xmin>
                <ymin>7</ymin>
                <xmax>49</xmax>
                <ymax>46</ymax>
            </bndbox>
        </object>
    <object>
        <name>X</name>
        <pose>Unspecified</pose>
        <truncated>0</truncated>
        <difficult>0</difficult>
        <bndbox>
                <xmin>52</xmin>
                <ymin>14</ymin>
                <xmax>61</xmax>
                <ymax>47</ymax>
            </bndbox>
        </object>
    <object>
        <name>J</name>
        <pose>Unspecified</pose>
        <truncated>0</truncated>
        <difficult>0</difficult>
        <bndbox>
                <xmin>71</xmin>
                <ymin>14</ymin>
                <xmax>80</xmax>
                <ymax>48</ymax>
            </bndbox>
        </object>
    <object>
        <name>N</name>
        <pose>Unspecified</pose>
        <truncated>0</truncated>
        <difficult>0</difficult>
        <bndbox>
                <xmin>63</xmin>
                <ymin>13</ymin>
                <xmax>71</xmax>
                <ymax>48</ymax>
            </bndbox>
        </object>
    </annotation>
